const,IDL,Log_Personal,Log_Capital,Prop_Calificado,Edad_Empresa,Margen_ValAg,Apalancamiento,Pct_Capital_Ext,Pct_Servicios,tic4_4c,tic7_4,tic3_1,MacroSector_2.0,MacroSector_3.0,MacroSector_4.0,MacroSector_5.0,Region_2.0,Region_3.0,Region_4.0
1.0,-0.44708110856599914,3.295836866004329,10.746834486413789,0.15384615384615385,29,0.7739791004352266,0.39913266028035876,0.0,0.0026405141406602925,1.0,2.0,2.0,0,1,0,0,0,0,0
1.0,-0.5389388110618414,2.772588722239781,12.321953725466784,0.13333333333333333,29,0.5801699284009546,0.9332447102214232,0.0,0.0,1.0,2.0,1.0,0,1,0,0,0,0,0
1.0,-0.14249385762904804,3.1354942159291497,12.615070898663575,0.2727272727272727,31,0.8972608752908126,0.20178481001573526,0.0,0.0,1.0,2.0,1.0,0,1,0,0,0,0,0
1.0,-0.6222692027531753,3.295836866004329,7.500869606992044,0.23076923076923078,33,0.722659876768984,13.198855903368493,0.0,0.0,1.0,2.0,2.0,0,1,0,0,0,0,0
1.0,5.914200771865216,0.6931471805599453,15.005376020025379,1.0,20,0.14238433989924124,0.7615213479549618,0.0,0.0,2.0,2.0,2.0,0,0,0,0,0,0,0
1.0,-0.6246576485716391,3.091042453358316,9.637849602067865,0.19047619047619047,19,0.6271704437625544,0.7994223602484472,0.0,0.0,2.0,2.0,2.0,0,1,0,0,0,0,0
1.0,-0.739362718052786,2.6390573296152584,9.943085413495146,0.0,7,1.0,0.480185885562814,0.0,0.0,2.0,2.0,2.0,0,1,0,0,0,0,0
1.0,-0.5509512713074493,5.389071729816501,9.968761683207202,0.08256880733944955,14,0.7444786027964718,0.3247485802679103,0.0,0.00193008509895288,1.0,2.0,2.0,0,1,0,0,0,0,0
1.0,-0.2801612091928758,7.179307969504034,12.139424371315222,0.21052631578947367,75,0.6377059472420445,0.7223149973885122,0.0,0.07728429483800765,1.0,2.0,1.0,0,1,0,0,1,0,0
1.0,-0.1935075428698504,4.430816798843313,12.74480805796541,0.4939759036144578,55,0.6874064385366427,0.7989757406695362,0.0,0.21173882342278916,1.0,2.0,2.0,0,1,0,0,0,0,0
1.0,-0.6261994145589078,6.236369590203704,10.623185875798566,0.23333333333333334,43,0.4854212619085705,0.4788590893008092,0.0,0.01841017782742396,1.0,2.0,1.0,0,0,0,0,0,0,0
1.0,-0.364197491319006,4.060443010546419,10.850788936312794,0.12280701754385964,59,0.29588756880014316,1.8419203539943423,0.0,0.0,1.0,2.0,2.0,0,0,0,0,0,0,0
1.0,0.02654255236094183,6.1070228877422545,11.107530611090606,0.43080357142857145,60,0.6663739744730428,4.133307377178299,0.0,0.002458289336828825,1.0,2.0,2.0,0,1,0,0,0,0,0
1.0,-0.17705768095678504,4.812184355372417,10.251096317676831,0.11475409836065574,62,0.4669127043267816,1.3497219128504896,0.99,0.0,1.0,2.0,2.0,0,0,0,0,0,0,0
1.0,0.30210300385633704,6.748759547491679,11.342482555733383,0.004694835680751174,43,0.3085306907091289,1.3518635656957096,0.68,0.005790257004404823,1.0,2.0,2.0,0,0,0,0,0,0,0
1.0,1.4412046462133905,3.258096538021482,13.262752809822947,0.36,49,0.46367704103813095,0.19527602826418636,0.0,0.887343119088509,1.0,2.0,1.0,0,0,0,0,0,0,0
1.0,-0.26253006184952044,7.018401799069201,12.60460522473241,0.4157706093189964,54,0.5194195235406701,0.8906064588002077,0.0,0.0,1.0,2.0,1.0,0,1,0,0,0,0,0
1.0,-0.20158422603086146,4.2626798770413155,11.71578723878556,0.1,50,0.5569098829364636,0.5657513914916427,0.0,0.0,1.0,2.0,1.0,0,0,0,0,0,0,0
1.0,-0.1669793767622501,6.523562306149512,12.15342786554182,0.175,48,0.3910487086008364,0.3793887077204816,0.0,0.00013811941976153987,1.0,2.0,1.0,0,0,0,0,0,0,0
1.0,0.03371846889677507,3.8501476017100584,11.858183219266019,0.43478260869565216,47,0.6373056473976692,0.6249387773824026,0.0,0.0018785921586462868,1.0,2.0,1.0,0,1,0,0,0,0,0
1.0,-0.3898201782284998,5.802118375377063,11.2945653411667,0.10606060606060606,46,0.22067944240179851,0.690875587224808,0.0,0.006706443967126874,1.0,2.0,1.0,0,0,0,0,0,0,0
1.0,-0.22079986159492326,7.3901814282264295,11.947350432519304,0.14700432365657815,52,0.25106160745762696,0.6929265211813924,0.0,0.008576185846995769,1.0,1.0,1.0,0,0,0,0,0,0,0
1.0,-0.3379850681531893,5.476463551931511,11.423688281924269,0.22268907563025211,46,0.6729938036353201,0.5633909583381015,0.0,0.1165283877437009,1.0,2.0,1.0,0,1,0,0,0,0,0
1.0,-0.35010668691202934,5.796057750765372,12.350220792183558,0.10365853658536585,45,0.29970017790002573,0.17706122321205178,0.08,0.002773837989701214,1.0,2.0,2.0,0,0,0,0,0,0,0
1.0,-0.30068704054458123,4.394449154672439,11.727620225555452,0.5625,45,0.5259817714889006,0.2671335853489405,0.0,0.0013341120912901223,1.0,2.0,2.0,0,1,0,0,0,0,0
1.0,-0.390424085591748,5.529429087511423,12.15059821725558,0.09561752988047809,43,0.2815153640220321,0.6226011258146241,0.0,0.0,1.0,1.0,2.0,0,0,0,0,0,0,0
1.0,-0.2046647322378893,4.605170185988092,12.201875364408396,0.010101010101010102,43,0.5021681577074332,0.11802762381986806,0.0,0.9254891867145639,1.0,1.0,2.0,0,0,0,1,0,0,0
1.0,-0.4283898718909823,8.21554741194707,11.831184808298065,0.08655666756829862,44,0.695792129507458,0.6877584195805422,0.0,0.0009167993275017538,1.0,2.0,1.0,0,1,0,0,0,0,0
1.0,-0.29841428521212243,6.214608098422191,10.807014609030457,0.04609218436873747,44,0.18165423745265738,0.5271715004596869,0.0,0.0,1.0,1.0,1.0,0,0,0,0,0,0,0
1.0,-0.34477133880589184,4.143134726391533,11.993069941094186,0.6774193548387096,44,0.8588881092049182,0.46140068996782474,0.0,0.22468555993249226,1.0,2.0,1.0,0,1,0,0,0,0,0
1.0,-0.2388954013917174,4.477336814478207,11.975431155370261,0.27586206896551724,43,0.6352514695662133,0.39640662678420824,0.0,0.014103459358752875,1.0,2.0,2.0,0,1,0,0,0,0,0
1.0,-0.17982867155824908,3.828641396489095,12.310785651598906,0.24444444444444444,42,0.6350821489460725,0.6203604509419239,0.0,0.02408830625713142,1.0,2.0,2.0,0,1,0,0,0,0,0
1.0,0.36321192582635153,4.9344739331306915,12.282047894975165,0.2318840579710145,41,0.26841668695713644,0.44367864564800663,0.24,0.002957127801904499,1.0,2.0,2.0,0,0,0,0,0,0,0
1.0,-0.5838711644879127,5.135798437050262,11.865595809477478,0.01775147928994083,41,0.6347436801158888,0.7275089505830007,0.0,0.0,1.0,2.0,1.0,0,1,0,0,0,0,0
1.0,-0.2573440973182761,4.59511985013459,11.449499467605667,0.07142857142857142,39,0.3197019713061831,0.5981485010974024,0.0,0.0,1.0,2.0,1.0,0,0,0,0,0,0,0
1.0,-0.6082683148779842,5.568344503761097,11.483332414632645,0.36015325670498083,39,0.446222183148758,0.9797337485299646,0.0,0.0,1.0,2.0,1.0,0,1,0,0,0,0,0
1.0,-0.605906863270302,3.713572066704308,10.601771517201225,0.05,39,0.6503213428382303,0.43867056336276583,0.0,0.0035970010067331603,2.0,2.0,2.0,0,1,0,0,0,0,0
1.0,0.02334862463998945,5.318119993844216,12.610641917357238,0.2857142857142857,39,0.22548774127026658,0.5966482683574473,0.0,0.0,1.0,2.0,1.0,0,0,0,0,0,0,0
1.0,-0.17479476750814843,5.267858159063328,11.770014180135174,0.05699481865284974,37,0.3344689195497221,0.2039157149799149,0.0,0.0,1.0,2.0,1.0,0,0,0,0,0,0,0
1.0,-0.16549379014549595,5.723585101952381,12.432087271362695,0.26885245901639343,37,0.36908055260305833,0.5434480715690421,0.0,0.0,1.0,2.0,2.0,0,0,0,0,0,0,0
1.0,-0.29220351624899166,5.605802066295998,12.389887981529188,0.3505535055350554,36,0.43983691109160306,0.5509969555378523,0.0,0.0,1.0,2.0,1.0,0,1,0,0,0,0,0
1.0,-0.29996894858913004,6.129050210060545,11.544493334299771,0.18995633187772926,36,0.6381015264269888,0.2668722345300656,0.0,0.0,2.0,2.0,1.0,0,1,0,0,0,0,0
1.0,-0.451656971085849,5.631211781821365,11.575832271142266,0.07194244604316546,36,0.36814413103077925,0.6943565633426764,0.0,0.0003882039681466255,1.0,2.0,2.0,0,0,0,0,0,0,0
1.0,-0.024548756638225686,6.961296045910167,12.128807358875084,0.04364326375711575,35,0.20264696408466715,0.5867144710228362,0.0,0.0004196109675787942,1.0,2.0,1.0,0,0,0,0,0,0,0
1.0,-0.4652472341336485,4.90527477843843,12.001531621741858,0.08208955223880597,35,0.7205371764128692,0.8335357909009878,0.0,0.04092398668658903,1.0,2.0,1.0,0,1,0,0,0,0,0
1.0,-0.13879448744994646,6.453624998892692,11.894516242286572,0.12933753943217666,35,0.33319343792319306,0.6528538382677016,0.99,0.005558796502654438,1.0,2.0,2.0,0,0,0,0,0,0,0
1.0,-0.2813751915063745,4.418840607796598,12.487147542248058,0.21951219512195122,34,0.22212547224133813,0.6336237898769318,0.0,0.0,1.0,2.0,2.0,0,0,0,0,0,0,0
1.0,-0.1897968177720248,4.553876891600541,12.010513409191761,0.05319148936170213,32,0.7303198959206542,0.6628015602809447,0.0,0.0,1.0,2.0,2.0,0,1,0,0,0,0,0
1.0,0.09128748225801626,4.941642422609304,12.85756885722023,0.6258992805755396,32,0.5758223612967059,0.5731319454090585,0.0,0.028334114814527602,1.0,2.0,1.0,0,1,0,0,0,0,0
1.0,-0.23296893861946472,3.4965075614664802,13.277218451944513,0.03125,32,0.3789141729763796,0.7259001547555036,0.0,0.0,1.0,1.0,2.0,0,1,0,0,0,0,0
1.0,-0.5503184944351734,2.6390573296152584,12.11067176930536,0.15384615384615385,31,0.725166756142583,0.10851528448948108,0.0,0.0,2.0,2.0,2.0,0,1,0,0,0,0,0
1.0,-0.2640705058805547,6.371611847231857,11.604799783203097,0.20034246575342465,30,0.35761011782171165,0.3109000090988506,0.3,0.0008019821676272658,1.0,2.0,1.0,0,0,0,0,0,0,0
1.0,-0.5305106714951787,4.143134726391533,11.013460334555496,0.08064516129032258,30,0.8226601452880128,0.5012428105165797,0.0,0.0,2.0,2.0,2.0,0,1,0,0,0,1,0
1.0,-0.5037656602084213,3.091042453358316,11.626079390109604,0.047619047619047616,30,0.7216680834986304,0.1943936981622475,0.0,0.0022603511954901834,2.0,2.0,2.0,0,1,0,0,0,0,0
1.0,-0.4686002995737284,3.6635616461296463,11.252845589298696,0.13157894736842105,29,0.6382930467082525,0.286619149107561,0.0,0.0,2.0,2.0,2.0,0,1,0,0,0,0,0
1.0,-0.5541839834918802,4.890349128221754,10.828497584829012,0.06818181818181818,29,0.7080604079211241,0.793813808951394,0.0,0.0028409703657612,1.0,2.0,2.0,0,1,0,0,0,0,0
1.0,-0.3655206608549919,4.912654885736052,11.600410902414948,0.17777777777777778,47,0.5311453548512372,0.6071713405909996,0.0,0.0,1.0,2.0,1.0,0,1,0,0,0,0,0
1.0,0.001296281257074386,3.6888794541139363,12.89652285920886,0.2564102564102564,27,0.7519391048535529,0.41504780997747454,0.0,0.0007476345396399982,1.0,2.0,2.0,0,1,0,0,0,0,0
1.0,2.426280713532108,2.5649493574615367,14.531719224803094,1.0,26,0.6967201894857379,0.5381784409094583,0.0,0.2345224763443556,1.0,2.0,2.0,0,1,0,0,0,0,0
1.0,0.18093269298536815,3.8501476017100584,13.331146042170344,0.13043478260869565,26,0.739873380737644,0.6902694771413255,0.0,0.00851700762616638,1.0,2.0,1.0,0,1,0,0,0,0,0
1.0,-0.36469484776946415,2.6390573296152584,12.473308751094924,0.07692307692307693,26,0.5855932153287692,0.05623740245088023,0.0,0.001834375736969802,1.0,2.0,2.0,0,1,0,0,0,0,0
1.0,0.048213021381175905,4.584967478670572,12.970489492028543,0.21649484536082475,26,0.43119332357648565,0.5044408655681603,0.0,0.0,1.0,2.0,2.0,0,1,0,0,0,0,0
1.0,-0.40541187302998516,3.970291913552122,11.141866521583779,0.0,26,0.7293128416102408,0.5534769709292036,0.0,0.004711648759813069,1.0,2.0,1.0,0,1,0,0,0,0,0
1.0,-0.09603303287094858,5.1298987149230735,12.378841227534423,0.1488095238095238,25,0.35182608563579415,0.5857939192953612,0.0,0.0,1.0,2.0,2.0,0,0,0,0,0,0,0
1.0,-0.36172901795519513,4.51085950651685,11.621466018942186,0.43333333333333335,25,0.7251864387643695,0.4746201589132755,0.0,0.0018042041013534588,1.0,2.0,1.0,0,1,0,0,0,0,0
1.0,-0.18774941385069807,6.008813185442595,11.23189879871512,0.11083743842364532,25,0.3651822339174113,0.5717508151831634,0.0,0.0,1.0,1.0,2.0,0,0,0,0,0,0,0
1.0,-0.45973550682456427,3.1354942159291497,10.857250967151728,0.09090909090909091,24,0.7326326927152682,0.8853114765582585,0.0,0.001597746715708221,2.0,2.0,2.0,0,1,0,0,0,0,0
1.0,-0.35735392129848687,6.580639137284949,10.261542509097044,0.12361111111111112,24,0.7680519738609466,3.4381419358897762,0.0,0.0,1.0,2.0,1.0,0,1,0,0,0,0,0
1.0,-0.5324534099808731,3.7612001156935624,11.368702838520274,0.023809523809523808,24,0.6383530661687178,0.6755355035387611,0.0,0.0,1.0,2.0,1.0,0,1,0,0,0,0,0
1.0,-0.6023554954933297,5.948034989180646,9.821511454379522,0.034031413612565446,24,0.3980506654838004,0.6823365401664947,0.0,0.024535121537283412,1.0,2.0,2.0,0,0,0,0,0,0,0
1.0,-0.12558852286695388,4.61512051684126,11.866272025982777,0.42,23,0.6878657061575597,0.7822298480595611,0.0,0.005338109656594088,1.0,2.0,1.0,0,1,0,0,0,0,0
1.0,0.9367030103751149,4.143134726391533,15.048947008109756,0.8387096774193549,23,0.6346179004538828,0.7278109678648471,0.99,0.06666515830212415,1.0,2.0,1.0,0,1,0,0,0,0,0
1.0,-0.37070438516184917,4.543294782270004,11.525790526087844,0.34408602150537637,23,0.5591172401669641,0.5180139751017083,0.0,0.0,1.0,2.0,1.0,0,1,0,0,0,0,0
1.0,0.779009246956563,4.382026634673881,14.108762564177972,0.43037974683544306,22,0.44830782779772266,0.35643149468931223,0.0,0.05573456878852166,1.0,2.0,1.0,0,1,0,0,0,0,0
1.0,-0.47619361525838305,4.430816798843313,10.899805125414849,0.024096385542168676,22,0.7892099397679793,0.7085948529688174,0.0,0.0,1.0,2.0,2.0,0,1,0,0,0,0,0
1.0,-0.37437631930859083,5.5134287461649825,11.850024861739069,0.5708502024291497,22,0.45690958576285107,0.4248860170500962,0.45,2.644732173256449,1.0,2.0,2.0,0,0,0,1,0,0,0
1.0,-0.5340171648789926,3.2188758248682006,11.595840198273143,0.08333333333333333,21,0.7241676027693957,0.6623794705486655,0.0,0.0,2.0,2.0,2.0,0,1,0,0,0,0,0
1.0,-0.18871897041613633,3.713572066704308,11.398990515922497,0.05,21,0.5364333040461305,0.6092957460781391,0.0,0.0,1.0,2.0,1.0,0,1,0,0,0,0,0
1.0,0.53263910540186,2.8903717578961645,12.329037006151047,0.35294117647058826,20,0.8211195720040214,0.27042308249496144,0.0,0.22045417020050312,1.0,2.0,2.0,0,1,0,0,0,0,0
1.0,-0.4212987430565875,4.07753744390572,11.530774698142228,0.1206896551724138,20,0.7717380653284823,0.8267428494391552,0.0,0.0,1.0,2.0,2.0,0,1,0,0,0,0,0
1.0,-0.47918798895334436,2.833213344056216,11.302583219930687,0.1875,20,0.7019975845623562,0.4684255384793382,0.0,0.0,1.0,2.0,2.0,0,1,0,0,0,0,0
1.0,-0.25807068146362905,5.579729825986222,11.448400883129445,0.19318181818181818,19,0.20492123972765913,0.5196008449426893,0.0,0.0,1.0,2.0,2.0,0,0,0,0,0,0,0
1.0,-0.43493271179853454,6.236369590203704,10.223372843154454,0.060784313725490195,19,0.7942897086786149,0.7255216281979769,0.0,0.0019410115903731057,1.0,2.0,2.0,0,1,0,0,0,0,0
1.0,-0.4402457634530017,3.091042453358316,10.461343970558309,0.19047619047619047,19,0.5758391716608987,0.7425537047814668,0.0,0.0,1.0,2.0,2.0,0,1,0,0,0,0,0
1.0,-0.3690559473281311,4.418840607796598,12.459136335643038,0.43902439024390244,19,0.5956629242500855,0.76009027130201,0.0,0.19219736309768862,1.0,2.0,2.0,0,1,0,0,0,0,0
1.0,-0.2527171296448691,4.61512051684126,11.515634392510625,0.13,18,0.29860487023230836,0.5711601824908004,0.0,0.0,1.0,2.0,1.0,0,0,0,0,0,0,0
1.0,-0.09818872360799784,4.219507705176107,11.933259088808677,0.0,18,0.5691208110768792,0.2658381303307551,0.0,0.0,1.0,2.0,2.0,0,1,0,0,0,0,0
1.0,-0.23559503396928705,4.663439094112067,11.618665651401127,0.02857142857142857,18,0.19979776001636673,0.4527758223122765,0.0,0.0037949969799729775,1.0,1.0,2.0,0,0,0,0,0,0,0
1.0,0.06239367415698362,4.969813299576001,11.69503761755627,0.2937062937062937,18,0.2799795174521983,0.40190661556618623,0.0,0.0004085138342829377,1.0,2.0,2.0,0,0,0,0,0,0,0
1.0,1.8590217626031262,2.5649493574615367,14.19572230045614,0.5833333333333334,18,0.3900051298420454,0.8695102574371469,0.0,0.11404390909325367,2.0,2.0,2.0,0,1,0,0,0,0,0
1.0,-0.31523257431846086,3.5553480614894135,11.522401600708275,0.058823529411764705,18,0.6097661246117303,0.7674765713633098,0.0,0.0,1.0,2.0,2.0,0,1,0,0,0,0,0
1.0,0.8799607691630394,2.70805020110221,14.530506450432615,0.0,17,1.1405830122737326,1.1209326895815088,0.0,0.02991739520716746,1.0,2.0,1.0,0,1,0,0,0,0,0
1.0,0.1302058250968932,5.934894195619588,12.632055516714036,0.5782493368700266,18,0.3756191431757948,0.6539863361809787,0.0,0.005778344395316702,1.0,2.0,2.0,0,0,0,0,0,0,0
1.0,-0.47052457578622986,2.9444389791664403,11.5744599994879,0.05555555555555555,17,0.7886913709835789,0.31747032608008574,0.0,0.006540467036519984,1.0,2.0,2.0,0,1,0,0,0,0,0
1.0,-0.5213290522556425,4.955827057601261,10.522879590125621,0.0851063829787234,19,0.6560110633698099,0.6513404659419529,0.0,0.0016925253140191768,2.0,2.0,2.0,0,1,0,0,0,0,0
1.0,0.14444743721790335,4.31748811353631,12.424766202180498,0.3108108108108108,16,-0.012770613305344462,0.7358444968189441,0.0,0.027912055314368054,1.0,2.0,1.0,0,0,0,0,0,0,0
1.0,-0.4247413894590409,2.9444389791664403,11.108725389703839,0.05555555555555555,16,0.7307963588692553,0.16352129544627927,0.0,0.000839830535663007,1.0,2.0,2.0,0,1,0,0,0,0,0
1.0,-0.4205712799463885,4.02535169073515,12.083734272789869,0.6545454545454545,16,0.6181779640830899,0.5064419682444248,0.0,0.0,2.0,2.0,2.0,0,1,0,0,0,0,0
1.0,-0.6466860973568496,4.969813299576001,10.006862391749019,0.13986013986013987,16,0.6021459429886619,0.804979991051076,0.0,0.0,1.0,2.0,2.0,0,1,0,0,0,0,0
1.0,-0.5529589253887708,2.833213344056216,11.000936664976987,0.0,15,0.68538703250071,0.4320636417108507,0.0,0.004080764266309182,2.0,2.0,2.0,0,1,0,0,0,0,0
1.0,0.15866062236098882,3.1354942159291497,9.089491847050528,0.4090909090909091,15,0.6161491846481078,34.848688024213196,0.0,0.0,1.0,2.0,1.0,0,1,0,0,0,0,0
1.0,-0.6519127973671462,2.833213344056216,11.097802936231508,0.125,31,0.36808837947058404,0.7589509266858451,0.0,0.0,1.0,2.0,2.0,0,1,0,0,1,0,0
1.0,-0.5617118248557817,4.007333185232471,11.38417753396413,0.0,44,0.593427381837646,0.8080946970702262,0.0,0.0,1.0,2.0,2.0,0,1,0,0,1,0,0
1.0,-0.6963093566869205,1.3862943611198906,11.127816752368949,0.0,38,0.7870643591992982,0.9338444956151095,0.0,0.0,2.0,2.0,2.0,0,1,0,0,0,0,0
1.0,-0.14016132671408127,3.044522437723423,11.91742143695098,0.4,22,0.44588799243200516,0.6394967224699823,0.0,0.0,1.0,2.0,1.0,0,1,0,0,0,0,0
1.0,0.1703299999358909,6.169610732491456,12.390318197567256,0.3417190775681342,48,0.25276771251878655,0.5086913082140179,0.0,0.0,1.0,2.0,2.0,0,0,0,0,0,0,0
1.0,-0.5772610561929603,5.030437921392435,10.807364711740119,0.10526315789473684,16,0.7326143056062104,0.808178374673998,0.0,0.0,1.0,2.0,2.0,0,1,0,0,0,0,0
1.0,-0.582023822759105,2.772588722239781,11.339411408028969,0.13333333333333333,30,0.792663582141435,0.7267055921170016,0.0,0.0,1.0,2.0,2.0,0,1,0,0,0,0,0
1.0,-0.6086923772261323,3.912023005428146,10.603482660996232,0.04081632653061224,25,0.5087657032888797,0.5441738424531233,0.0,0.006855715408111544,1.0,2.0,2.0,0,1,0,0,0,0,0
1.0,-0.5202194193554806,3.6888794541139363,11.58511660116717,0.05128205128205128,24,0.7288784879561173,0.38203609898857754,0.0,0.0,1.0,2.0,1.0,0,1,0,0,0,0,0
1.0,-0.460340673596791,3.4657359027997265,9.951790654945874,0.16129032258064516,14,0.6361924429512993,0.8172725204871422,0.0,0.0,1.0,2.0,1.0,0,1,0,0,0,0,0
1.0,-0.6384594750359904,2.3978952727983707,11.973755898814801,0.2,25,0.5250687559659386,0.9109229333030566,0.0,0.0043552083002804136,1.0,2.0,1.0,0,1,0,0,0,0,0
1.0,-0.5415313535933918,2.1972245773362196,11.40031512159387,0.375,27,0.3797462411206487,0.2366803723046317,0.0,0.0,2.0,2.0,2.0,0,1,0,0,0,1,0
1.0,-0.6581807462619479,3.332204510175204,12.284259957808034,0.14814814814814814,29,0.33067350201276857,0.17178264086989686,0.0,0.030336138790780648,1.0,2.0,2.0,0,1,0,0,0,0,0
1.0,-0.33833100481822875,4.0943445622221,9.665545421751345,0.23728813559322035,11,0.163987089761001,2.085535129462817,0.0,0.0,1.0,2.0,2.0,0,0,0,0,0,0,0
1.0,-0.6880390316116684,2.8903717578961645,10.298189057998783,0.058823529411764705,22,0.8306787164636176,0.7798554278001201,0.0,0.0,2.0,2.0,2.0,0,1,0,0,0,0,0
1.0,-0.19715795606393516,3.871201010907891,12.001263314977917,0.10638297872340426,17,0.5498962643637655,0.5394929011222993,0.0,0.0,1.0,2.0,2.0,0,1,0,0,0,0,0
1.0,-0.2620291804072721,6.398594934535208,12.396200955727709,0.18333333333333332,47,0.29509704375842677,0.34804883789046537,0.81,0.004113459798910152,1.0,2.0,1.0,0,0,0,0,0,0,0
1.0,-0.47345589529264437,5.313205979041787,11.328134842739367,0.06930693069306931,45,0.36953092290016887,0.687885743007524,1.0,0.0,1.0,2.0,1.0,0,1,0,0,0,0,0
1.0,-0.17984954731146502,5.298317366548036,11.941727820544378,0.10050251256281408,42,0.11507179713524378,0.19606478367748761,1.0,0.00016952259789423422,1.0,2.0,1.0,0,0,0,0,0,0,0
1.0,0.1417569804227068,7.193685818395112,12.444333766421138,0.4067669172932331,41,0.21401563994748024,0.5107368659454596,1.0,0.05747855418136002,1.0,2.0,1.0,0,0,0,0,0,0,0
1.0,-0.4361163376566557,3.4657359027997265,10.852479029384586,0.2903225806451613,60,0.8834007970067224,0.17041972709215714,0.0,0.5559028233106421,1.0,2.0,2.0,0,0,0,1,0,0,0
1.0,0.4522556478694555,3.5263605246161616,12.067605455510408,0.45454545454545453,27,0.6905373430478194,0.42465222073900905,0.0,0.0,1.0,2.0,2.0,0,1,0,0,0,0,0
1.0,0.5618802494514693,2.6390573296152584,12.526202733015666,0.5384615384615384,20,0.43901467978549596,0.33641051274998357,0.0,0.0,2.0,2.0,1.0,0,1,0,0,0,0,0
1.0,-0.4687347756993264,4.430816798843313,11.296085797543205,0.060240963855421686,18,0.27462981215318016,0.5746332596368072,0.0,0.0,1.0,2.0,2.0,0,0,0,0,0,0,0
1.0,0.09145334387476883,3.091042453358316,12.369774101758008,0.38095238095238093,18,0.6825911830559405,0.5780013834641667,0.0,0.0,1.0,2.0,1.0,0,1,0,0,0,0,0
1.0,-0.6269933347860899,3.295836866004329,11.10646563151758,0.11538461538461539,7,0.46974246099161954,0.9041270882613838,0.0,3.575803021286702e-05,1.0,2.0,2.0,0,1,0,0,0,0,0
1.0,-0.48464339186362393,3.9512437185814275,9.913155374063882,0.49019607843137253,43,0.47030209168679155,0.5683346636138186,0.0,0.2072221605725114,2.0,2.0,2.0,0,0,0,1,0,0,0
1.0,-0.31252382041819143,4.836281906951478,11.874079721791219,0.2,39,0.3053972767251708,0.7194774988383071,0.0,46.04843097136317,1.0,2.0,2.0,0,0,1,0,0,0,0
1.0,-0.29509876653087946,3.258096538021482,11.492622752652375,0.08,28,0.6904398452765482,0.9346127940630192,0.0,0.0,1.0,2.0,1.0,0,1,0,0,0,0,0
1.0,-0.4547262992398865,3.091042453358316,10.396576812811821,0.19047619047619047,24,0.6107048502417425,3.0841155607388977,0.0,0.0,1.0,2.0,1.0,0,1,0,0,1,0,0
1.0,0.20969663604482913,3.091042453358316,13.308400325164666,0.2857142857142857,29,0.2003470604386461,0.4135290285034728,0.0,0.0,2.0,2.0,1.0,0,1,0,0,1,0,0
1.0,-0.2284141375862949,2.9444389791664403,10.672328253159666,0.3888888888888889,7,0.718688252744472,8.230997544414928,0.0,0.0,2.0,2.0,2.0,0,1,0,0,1,0,0
1.0,-0.6182025787963028,3.7376696182833684,10.704837607860318,0.024390243902439025,24,0.36726183604383983,0.7085124616388161,0.0,0.0,1.0,2.0,2.0,0,1,0,0,1,0,0
1.0,-0.3302834737129229,3.8066624897703196,11.61922360909888,0.06818181818181818,24,0.7629227713153078,0.8619547307400472,0.0,0.0,1.0,2.0,2.0,0,1,0,0,1,0,0
1.0,-0.37726616096490384,1.9459101490553132,12.784251731018324,0.0,24,0.740248181134329,0.40318256883778697,0.0,0.0,1.0,2.0,2.0,0,1,0,0,1,0,0
1.0,-0.5892672392253053,4.624972813284271,11.101508122957188,0.10891089108910891,19,0.7616351403359705,0.7726385880271132,0.0,0.0,1.0,2.0,1.0,0,1,0,0,1,0,0
1.0,-0.29588573710627586,3.4657359027997265,12.652975713251848,0.0967741935483871,21,0.3962599707497866,0.6709549284784202,0.0,0.0,1.0,2.0,2.0,0,1,0,0,1,0,0
1.0,-0.5890320398857225,3.2188758248682006,12.086904041041478,0.2916666666666667,25,0.49094171945490067,0.9362863449616088,0.0,0.0,1.0,2.0,2.0,0,1,0,0,1,0,0
1.0,-0.5880516827666641,4.442651256490317,11.541505517472455,0.44047619047619047,79,0.48230457431827883,0.19620355385787994,0.0,0.10850929168222527,1.0,2.0,2.0,0,1,0,0,1,0,0
1.0,-0.44975272767409896,4.23410650459726,11.456888118001654,0.058823529411764705,55,0.04186030729598938,0.38341930873969066,0.0,1.230402758015098,1.0,2.0,1.0,0,0,0,1,1,0,0
1.0,-0.526978120570367,3.8918202981106265,10.753194116808425,0.020833333333333332,51,0.023333370122798264,0.24336652483305526,0.0,0.5013445178471123,1.0,2.0,2.0,0,0,0,1,1,0,0
1.0,1.2542247454751256,4.7535901911063645,12.349728396051107,0.1826086956521739,48,0.0406575635166376,0.9210944554561417,0.0,0.0010183503581027548,1.0,2.0,1.0,0,0,0,0,1,0,0
1.0,-0.34931510673926713,5.568344503761097,11.085027214171271,0.09578544061302682,42,0.39862857210903113,0.4807917691034333,0.0,0.0,1.0,1.0,1.0,0,0,0,0,1,0,0
1.0,-0.4836799066730991,3.7612001156935624,11.25871194040861,0.09523809523809523,59,0.6371133439243973,0.4656968876029729,0.0,0.023927750322375055,1.0,2.0,2.0,0,1,0,0,1,0,0
1.0,-0.35344596772725423,4.543294782270004,11.703468686617596,0.21505376344086022,27,0.33097493328295974,0.412801626442994,0.0,0.0013170226541121257,1.0,2.0,1.0,0,0,0,0,1,0,0
1.0,-0.2629012453128756,5.783825182329737,11.647424063311576,0.21296296296296297,26,0.45652709427337096,0.8552792583892345,0.0,0.0,1.0,1.0,2.0,0,0,0,0,1,0,0
1.0,-0.23834138076854627,3.4339872044851463,12.063240996422632,0.3,26,0.8001154558988849,0.6468978365315292,0.0,0.0004488050647393082,1.0,2.0,2.0,0,1,0,0,1,0,0
1.0,-0.5524009482929296,5.811140992976701,10.60225449817991,0.08108108108108109,26,0.0917045851971376,0.7358782739454381,0.0,0.19812484059681068,1.0,2.0,2.0,0,0,0,0,1,0,0
1.0,-0.6058023440348984,5.883322388488279,9.883554589931029,0.20949720670391062,24,0.6170108831406071,0.3916173850350546,0.0,0.0,1.0,2.0,2.0,1,0,0,0,0,0,0
1.0,-0.5890541798337481,2.6390573296152584,11.534389607113427,0.0,22,0.637836913449283,0.5618607851876837,0.0,0.0003748863745220079,1.0,2.0,2.0,0,1,0,0,1,0,0
1.0,-0.13543709945061347,2.0794415416798357,12.696237731242624,0.2857142857142857,21,0.43557620307616396,0.6038546333084385,0.0,0.0,1.0,2.0,1.0,0,1,0,0,1,0,0
1.0,-0.5432285606845769,3.9318256327243257,11.399414491049665,0.46,21,0.030216077547870354,0.43231964174572785,0.0,0.0,1.0,2.0,2.0,0,1,0,0,1,0,0
1.0,0.27558430093352404,6.186208623900494,11.596379261819134,0.16907216494845362,20,0.20724070874531858,0.054159530318938026,0.0,0.0,1.0,2.0,2.0,0,0,0,0,1,0,0
1.0,-0.3444342554326174,2.8903717578961645,11.830505231405162,0.23529411764705882,19,0.3887731291386844,0.6983529020857303,0.0,0.005602660764377951,1.0,2.0,1.0,0,1,0,0,1,0,0
1.0,-0.5540936541270142,3.828641396489095,11.121205129870704,0.15555555555555556,18,0.7994335583331817,0.24614874235321427,0.0,0.0,1.0,2.0,2.0,0,1,0,0,1,0,0
1.0,-0.26655121187660585,3.1780538303479458,10.974741305006871,0.43478260869565216,18,0.45964807694218407,4.356245540814488,0.0,0.0,1.0,2.0,1.0,0,1,0,0,1,0,0
1.0,-0.5990438059433584,5.8522024797744745,10.329368104217536,0.10086455331412104,18,0.5433800904112311,0.6918861574935041,0.0,0.0,1.0,2.0,2.0,0,0,0,0,1,0,0
1.0,-0.38583613303663367,2.833213344056216,12.896530901670971,0.0625,15,0.7460421727993438,0.7365414039422836,0.0,0.005236753441256771,1.0,2.0,1.0,0,1,0,0,1,0,0
1.0,-0.5121105380719101,7.068172000388042,10.75201879521709,0.00937766410912191,15,0.8022583804387999,0.6558660027634737,0.0,0.05063247038986518,1.0,2.0,2.0,0,1,0,0,1,0,0
1.0,-0.5750472372912014,3.4011973816621555,9.394327208089198,0.13793103448275862,20,0.6304330928756565,0.8165003112887353,0.0,0.0,1.0,2.0,2.0,0,1,0,0,1,0,0
1.0,0.5875287182818635,3.4011973816621555,11.922693257265484,0.27586206896551724,34,0.08774026755282253,0.303874491614035,0.0,0.0,1.0,2.0,2.0,0,0,0,0,1,0,0
1.0,-0.6122393198589453,3.4011973816621555,11.564452111439408,0.2413793103448276,31,0.5840381602004976,0.47611857931461377,0.0,0.0,1.0,2.0,2.0,0,1,0,0,1,0,0
1.0,-0.5536380188820079,3.8066624897703196,10.69005521532293,0.11363636363636363,25,0.6871830642252446,0.40832820559529803,0.0,0.00059624226404702,1.0,2.0,1.0,0,1,0,0,1,0,0
1.0,-0.5280339174555161,2.3978952727983707,13.118512371791617,0.0,23,0.8084522957183282,0.1179867297679958,0.0,0.0,1.0,2.0,2.0,0,1,0,0,1,0,0
1.0,0.11600856367901469,2.9444389791664403,12.476671290309218,0.2777777777777778,27,0.10835602751962674,0.6200336195858247,0.0,0.0,2.0,2.0,2.0,0,0,0,0,1,0,0
1.0,-0.4542743279006147,4.189654742026425,10.465344344029786,0.03076923076923077,26,0.6831788729174032,0.37524270418181443,0.0,0.0,1.0,2.0,2.0,0,1,0,0,1,0,0
1.0,-0.4526793979895628,3.6109179126442243,11.16370638701398,0.3333333333333333,26,0.6475930216365902,0.5579589439673424,0.0,0.06632629284145253,1.0,2.0,2.0,0,1,0,0,0,0,0
1.0,-0.17560944674449025,2.9444389791664403,12.560199234056604,0.2777777777777778,30,0.5262236454742625,0.4306543203859837,0.0,0.0,2.0,2.0,2.0,0,1,0,0,1,0,0
1.0,0.4603773725623154,1.6094379124341003,12.784702935146306,0.25,23,0.973055117736108,0.7151830824230081,0.0,0.0,2.0,2.0,1.0,0,1,0,0,1,0,0
1.0,-0.5325443043010881,4.418840607796598,11.608184091339268,0.24390243902439024,11,0.7024843041686131,0.8063031095122952,0.0,0.0,1.0,2.0,2.0,0,1,0,0,0,0,0
1.0,-0.5681970435578519,4.0943445622221,10.85481751636588,0.05084745762711865,21,0.6165843235011494,0.23408787619810426,0.0,0.0,2.0,2.0,2.0,0,1,0,0,1,0,0
1.0,-0.032252539550358394,4.2626798770413155,11.83536283526698,0.15714285714285714,8,0.14232721865772474,0.6158921715442545,0.0,0.0029400098255062865,1.0,2.0,1.0,0,0,0,0,1,0,0
1.0,-0.5082637141910853,3.1354942159291497,10.608435286425015,0.2727272727272727,22,0.2590181078786676,0.08778626811496545,0.0,0.0,2.0,2.0,2.0,0,1,0,0,1,0,0
1.0,0.6290619416988165,0.6931471805599453,14.355784492430951,0.0,15,0.9639930166535884,0.47828749134855364,0.0,0.0,1.0,2.0,1.0,0,1,0,0,1,0,0
1.0,0.4959451735871856,4.418840607796598,12.31612462683796,0.6219512195121951,52,0.3956029737346228,0.7646074930780983,0.0,0.05161539479885108,1.0,2.0,2.0,0,0,0,0,1,0,0
1.0,-0.5306652798345263,7.382746449738912,11.39976869668303,0.013067828251400125,57,0.5264233450298058,0.8647350108311402,0.0,0.06161331762291015,1.0,2.0,1.0,0,1,0,0,1,0,0
1.0,0.856246158023847,5.602118820879701,12.193400788199648,0.018518518518518517,77,0.43056427679927106,0.31962559026186294,1.0,0.0,1.0,2.0,1.0,0,1,0,0,0,0,0
1.0,-0.1020000804036455,6.437751649736401,11.447564879534648,0.019230769230769232,57,0.3491561015578716,0.37039003662963554,0.5,0.0,1.0,2.0,2.0,0,0,0,0,1,0,0
1.0,-0.2559837835059138,6.670766320845874,11.340096417001122,0.008883248730964468,63,0.3734234144069402,0.5571226884229556,0.0,0.004343116164525467,1.0,1.0,2.0,0,0,0,0,1,0,0
1.0,-0.04970986739344768,6.214608098422191,12.748573430776217,0.17034068136272545,60,0.2812643148236485,0.3673539454049199,0.0,0.002348757229016289,1.0,2.0,1.0,0,0,0,0,1,0,0
1.0,-0.29369026474879345,6.421622267806518,12.248615384127964,0.10097719869706841,56,0.46434048493450586,0.690865287145598,1.0,0.002999431295980515,1.0,2.0,2.0,0,0,0,0,1,0,0
1.0,2.342561634465742,2.772588722239781,13.711783078547008,1.0,53,0.48067117598812753,0.2868179223429822,1.0,0.0,1.0,2.0,1.0,0,1,0,0,1,0,0
1.0,0.3015126635895433,5.455321115357702,12.293432656303645,0.23605150214592274,64,0.2706351603975614,0.4809962398722284,1.0,0.0,1.0,2.0,2.0,0,0,0,0,1,0,0
1.0,-0.47009584287664397,9.217415285648144,11.516496168808033,0.06196623634558093,70,0.5848923351884998,0.6659001938562636,0.0,0.00038401150370579167,1.0,2.0,2.0,0,1,0,0,1,0,0
1.0,-0.40812648982753474,6.0014148779611505,11.707753251969898,0.01240694789081886,85,0.3357058229352743,0.7034673484806342,0.0,0.0,1.0,2.0,1.0,0,0,0,0,1,0,0
1.0,0.6106427765249742,4.718498871295094,12.976223659103455,0.2072072072072072,55,0.3618292614751114,0.8243220927347765,1.0,0.004443111158155009,1.0,2.0,1.0,0,1,0,0,1,0,0
1.0,-0.3171574826845841,7.480428306074208,11.920003154787839,0.03329571106094808,102,0.2910316150338549,0.7022814776422656,0.02,0.002173097128023599,1.0,2.0,1.0,0,0,0,0,1,0,0
1.0,-0.3243965750782058,5.298317366548036,10.94289843143404,0.18592964824120603,70,0.6777181896785607,0.7494457923270307,0.25,0.10248775288687169,1.0,2.0,1.0,0,1,0,0,1,0,0
1.0,0.22576160625596806,7.270312886079025,12.71247858650891,0.24582172701949861,52,0.22633919554163753,0.622967316818751,0.0,0.0014664624021209864,1.0,2.0,1.0,0,0,0,0,1,0,0
1.0,-0.27040137385160795,7.195187320178709,10.682156461006642,0.07057057057057058,52,0.4302272689763543,0.33980986041629313,0.0,0.0,1.0,2.0,1.0,0,0,0,0,1,0,0
1.0,-0.22637426328119453,7.066466970136958,10.991661146315755,0.10418445772843724,61,0.42203881500102564,0.4094630515132623,1.0,0.0076053550882766476,1.0,2.0,2.0,0,0,0,0,1,0,0
1.0,-0.30985498708290143,8.86120833720818,11.191402474285294,0.033465683494044246,67,0.37851740817738894,0.7168794266329171,0.0,0.016688892207926877,1.0,2.0,2.0,0,0,0,0,1,0,0
1.0,0.011359215283502727,4.48863636973214,12.507301143199399,0.1590909090909091,58,0.4281884169495476,0.3697693044466869,0.0,0.0,1.0,2.0,2.0,0,0,0,0,1,0,0
1.0,-0.09668110624979484,5.834810737062605,12.291990333261834,0.3489736070381232,62,0.6718308977362251,0.5545741317959864,0.0,0.0,1.0,2.0,2.0,0,1,0,0,1,0,0
1.0,0.03328668038729596,5.176149732573829,13.460292693203671,0.21022727272727273,52,0.37708102175707076,0.7755230698151744,0.8,0.42818846133291394,1.0,2.0,2.0,0,1,0,0,1,0,0
1.0,-0.008032963189514825,5.971261839790462,12.562518732081006,0.023017902813299233,55,0.2585384333598967,0.6574883279435879,0.0,0.0,1.0,2.0,1.0,0,0,0,0,1,0,0
1.0,-0.3755917515544806,6.289715570908998,12.51252386669313,0.3048327137546468,90,0.5828254620551702,0.9811520053401082,0.0,0.0,1.0,2.0,1.0,0,1,0,0,1,0,0
1.0,-0.4184506517417641,5.66988092298052,12.516651145014727,0.1453287197231834,59,0.7237153669680297,0.705549617866088,0.0,0.0,1.0,2.0,1.0,0,1,0,0,1,0,0
1.0,-0.08958118973780149,4.574710978503383,11.373863688879773,0.20833333333333334,78,0.7728627530628461,0.5008666347362334,0.0,0.0,1.0,2.0,2.0,0,1,0,0,1,0,0
1.0,0.4133095801315426,5.905361848054571,13.27249434967715,0.39344262295081966,74,0.48379241184085914,0.321680431848759,0.0,0.0043533950501201905,1.0,2.0,2.0,0,1,0,0,1,0,0
1.0,0.2013198419731758,6.066108090103747,11.311502473684625,0.9,55,0.24961426008506976,0.36558080571968693,0.0,360.3753671452749,1.0,2.0,1.0,0,0,0,0,1,0,0
1.0,-0.48958314089197885,8.132118772955806,11.693944070969495,0.025580711555424875,58,0.7268128470469137,0.26270570653837677,0.01,0.07321796213232773,1.0,2.0,1.0,0,1,0,0,1,0,0
1.0,2.4489030797289537,4.343805421853684,14.016925006677699,0.6447368421052632,62,0.6694483646528488,0.5261542681810077,0.0,0.0,1.0,1.0,1.0,0,1,0,0,1,0,0
1.0,0.08523819265244711,6.453624998892692,12.59952720830915,0.014195583596214511,59,0.17782280566460223,0.681131539599843,0.2,0.0,1.0,2.0,2.0,0,0,0,0,1,0,0
1.0,-0.22938780143305484,5.60947179518496,11.824747037963636,0.0661764705882353,66,0.4394764894145768,0.5696565125378084,0.0,0.0,1.0,2.0,2.0,0,1,0,0,1,0,0
1.0,-0.3262873591224794,4.290459441148391,12.103849410247893,0.013888888888888888,58,0.6557398329308582,0.5774129310909123,0.0,0.0,2.0,2.0,1.0,0,1,0,0,1,0,0
1.0,-0.4137878387318702,5.66988092298052,11.686173571621309,0.0,57,0.2602235880534555,0.20030237615056562,0.0,0.0,1.0,2.0,2.0,0,0,0,0,1,0,0
1.0,-0.33446603826127963,6.035481432524756,11.959695673905584,0.05995203836930456,52,0.5529370793141068,0.7198011122347449,0.0,0.10469548313324199,1.0,2.0,1.0,0,1,0,0,1,0,0
1.0,-0.2424418225267167,4.6913478822291435,10.918895685655205,0.16666666666666666,51,0.49453476418317194,0.4911613319804446,0.0,0.05384213991355723,1.0,2.0,2.0,0,0,0,0,1,0,0
1.0,2.324052054869993,2.9444389791664403,14.350005832248915,1.0,52,0.3565037607835,0.12172416907026382,0.0,0.0,1.0,2.0,1.0,0,1,0,0,0,0,0
1.0,0.17958429097008946,4.736198448394496,12.174602070111627,0.49557522123893805,64,0.6210189285267456,0.8978342058784569,1.0,0.09136543201511184,1.0,2.0,2.0,0,1,0,0,1,0,0
1.0,0.4585229785368099,5.808142489980444,12.691702112855491,0.0963855421686747,73,0.3628550317224833,0.5492541732423852,1.0,0.03019144373129425,1.0,2.0,2.0,0,0,0,0,1,0,0
1.0,0.33418406753963303,5.420534999272286,12.062917492722477,0.4088888888888889,61,0.26969097603053493,0.14102634422370555,0.99,0.0,1.0,2.0,2.0,0,0,0,0,1,0,0
1.0,0.4281094584424578,6.502790045915623,12.566284419098263,0.33933933933933935,63,0.2569124373488046,0.1978462860306195,0.0,0.0,1.0,2.0,2.0,0,0,0,0,1,0,0
1.0,-0.5828180579516118,9.040382074165628,11.246994358732959,0.20045045045045046,64,0.6964808374865272,0.8411796464197807,1.0,0.09199524215247017,1.0,2.0,1.0,0,1,0,0,1,0,0
1.0,-0.17696247808518267,5.220355825078324,11.411770946763562,0.10326086956521739,74,0.41783674920478864,0.4102783143373021,0.0,0.0,1.0,2.0,1.0,0,0,0,0,1,0,0
1.0,-0.10086270854981062,6.2166061010848646,12.174592845252825,0.228,55,0.5657073924820718,0.3133269218804149,0.0,0.019696486770206006,1.0,2.0,1.0,0,1,0,0,1,0,0
1.0,-0.055923415239558516,6.642486801367256,12.570083596769411,0.08224543080939947,55,0.3240034897468318,0.6165559365222184,0.41,0.0,1.0,1.0,1.0,0,1,0,0,1,0,0
1.0,0.36210638452457344,5.652489180268651,13.040480170713066,0.03169014084507042,79,0.21076122312122275,0.6691136940741532,0.92,0.012350559634940056,1.0,2.0,1.0,0,0,0,0,1,0,0
1.0,0.5558407951666304,4.454347296253507,13.279382028063745,0.2,52,0.6098828758812053,0.5041971693646434,0.5,0.02406637800762706,1.0,2.0,2.0,0,1,0,0,1,0,0
1.0,1.2837284435026672,4.852030263919617,13.809734610033892,0.5118110236220472,67,0.6071920020706947,0.16014457515837568,0.0,0.0,1.0,2.0,2.0,0,0,0,0,0,0,0
1.0,-0.5778561235561979,5.356586274672012,10.038646914323161,0.03317535545023697,77,0.4128255020062627,1.2736683377138287,0.0,0.0,1.0,2.0,1.0,0,1,0,0,1,0,0
1.0,0.8896320325801119,5.3230099791384085,12.762126129602207,0.21568627450980393,59,0.4527475352452967,0.24183971247816108,0.82,0.0,1.0,2.0,1.0,0,0,0,0,1,0,0
1.0,-0.1824542752005017,6.901737206656574,12.523773640791239,0.27391742195367574,61,0.4625727793646683,0.5240838526740923,0.0,0.013084089224097565,1.0,2.0,1.0,0,1,0,0,1,0,0
1.0,-0.0851446885887305,5.3230099791384085,11.337518710436989,0.03431372549019608,55,0.4331177834102381,0.33814107048500225,0.0,0.9378953416235887,1.0,2.0,1.0,0,0,0,0,1,0,0
1.0,1.5029837440161455,6.576469569048224,13.305638895582838,0.3514644351464435,103,0.5481701989068478,0.6735871590199234,0.01,0.0014571376870664613,1.0,1.0,1.0,0,0,0,0,1,0,0
1.0,0.18865088040508876,4.804021044733257,12.179473703618388,0.4049586776859504,58,0.7506251871415175,0.43889144214622994,0.0,0.0018729471099940252,1.0,2.0,1.0,0,1,0,0,1,0,0
1.0,-0.3172898756610301,3.6888794541139363,12.764981003809053,0.5384615384615384,61,0.6329940748667341,0.5195560833377076,0.0,0.10068639532348023,1.0,2.0,1.0,0,1,0,0,1,0,0
1.0,0.4485386268765821,5.641907070938114,12.179909604079366,0.05693950177935943,63,0.23858142539515972,0.1939863876264274,1.0,0.0030696426746158563,1.0,2.0,1.0,0,0,0,0,1,0,0
1.0,-0.020464689251476015,5.976350909297934,12.025952130314892,0.2748091603053435,64,0.15757127805480622,0.8839740622492247,0.0,0.0,1.0,2.0,2.0,0,0,0,0,1,0,0
1.0,-0.19867545499517875,5.318119993844216,11.616047817710497,0.1724137931034483,55,0.4619080319914679,0.6969068905181026,0.0,0.00028299741518301096,1.0,2.0,1.0,0,0,0,0,1,0,0
1.0,0.9019640645039297,7.026426808699636,12.58166547735042,0.31555555555555553,60,0.14988257130796095,0.9146090121090011,1.0,0.003699067638615417,1.0,2.0,1.0,0,0,0,0,0,0,0
1.0,-0.1291898849318015,5.198497031265826,11.789899872780657,0.32222222222222224,88,0.5972707841361995,0.8406245784498089,0.0,0.11555122793064578,1.0,2.0,1.0,0,1,0,0,1,0,0
1.0,1.2133370529462655,3.367295829986474,12.645211632573151,0.2857142857142857,57,0.7840936302392268,0.5502129517433313,1.0,0.0,1.0,2.0,1.0,0,1,0,0,0,0,0
1.0,2.3770831707051414,4.0943445622221,14.076039632329271,0.3389830508474576,57,0.03360335698564636,0.2943104725694305,1.0,0.0063170301831308945,1.0,2.0,2.0,0,1,0,0,0,0,0
1.0,-0.09459181086386631,5.905361848054571,12.901180627871064,0.16120218579234974,51,0.4145354835327325,0.6974890756662059,0.0,0.0,1.0,2.0,2.0,0,0,0,0,1,0,0
1.0,0.3693350136318302,3.8918202981106265,14.6381028679542,0.020833333333333332,59,-0.037650176169127116,0.7841960384116933,0.0,0.9154003418317773,1.0,2.0,1.0,0,1,0,0,0,0,0
1.0,-0.27608559087473317,5.056245805348308,11.671029802299753,0.5128205128205128,66,0.23194994176435685,0.26764799999649735,0.0,0.0015365096807507072,1.0,2.0,2.0,0,0,0,0,1,0,0
1.0,-0.03452782073685893,4.07753744390572,12.886336065037984,0.06896551724137931,52,0.6055919491397652,0.27772257869246225,0.0,0.0,2.0,2.0,2.0,0,1,0,0,1,0,0
1.0,-0.12979665654633082,5.3706380281276624,11.41593738294786,0.16355140186915887,53,0.43296879407920713,0.3104309114601408,0.0,0.0,1.0,2.0,1.0,0,0,0,0,1,0,0
1.0,-0.4353922092117025,3.6888794541139363,10.837501325022089,0.0,56,0.08570514016000387,0.7031210245315843,0.0,0.0,1.0,2.0,1.0,0,0,0,0,1,0,0
1.0,0.17031189482715117,4.060443010546419,11.640405426669801,0.7192982456140351,63,0.172765115284464,0.8277793711033344,0.0,7972.375,1.0,2.0,1.0,0,0,0,1,0,0,0
1.0,0.39833229240293266,6.037870919922137,13.93444880064683,0.07416267942583732,52,0.16590774661245453,0.744684487028583,0.37,0.0,1.0,2.0,1.0,0,0,0,0,1,0,0
1.0,1.8901646954132698,4.04305126783455,13.090570954631545,0.5178571428571429,51,0.681093001549029,0.5557208923630715,1.0,0.008687992781489677,2.0,2.0,1.0,0,1,0,0,0,0,0
1.0,0.18690067366446045,2.3978952727983707,14.159689521331288,0.6,54,0.5303595599804863,0.9062711378216272,0.0,0.034944823453632194,2.0,2.0,2.0,0,1,0,0,1,0,0
1.0,-0.008983328004031343,5.905361848054571,11.448552962837624,0.773224043715847,55,0.630007503858106,0.35333821068120536,0.0,76.58452,1.0,2.0,2.0,0,0,0,1,1,0,0
1.0,-0.029962974805837456,5.934894195619588,11.959928652792998,0.06631299734748011,51,0.714634747141694,0.3715283468992284,0.0,0.10159621951920565,1.0,2.0,2.0,0,1,0,0,1,0,0
1.0,-0.4888272566741496,5.209486152841421,11.660332167936035,0.2087912087912088,56,0.2934669940751126,0.5358788220404737,0.0,0.037442727310406675,1.0,2.0,1.0,0,0,0,0,1,0,0
1.0,-0.4132393496418293,5.541263545158426,12.81663076075959,0.23228346456692914,51,0.4471226685842047,0.5985916575502821,0.0,0.0,1.0,2.0,1.0,0,0,0,0,1,0,0
1.0,0.07181586125540693,5.14166355650266,9.757610347055014,0.7411764705882353,62,0.1974812404987757,5.93754881604396,0.2,179.84896177020184,2.0,2.0,2.0,0,0,0,1,1,0,0
1.0,0.3482625236724759,4.51085950651685,12.165416262295613,0.011111111111111112,51,0.2092428465715555,0.451735288760391,0.0,0.0,1.0,2.0,2.0,0,0,0,0,1,0,0
1.0,-0.29319160079348616,5.953243334287785,12.09892243615422,0.6979166666666666,64,0.7124562121128766,0.904712884683223,0.0,1.2515856695312795,1.0,2.0,1.0,0,0,0,1,1,0,0
1.0,-0.2998759430372864,6.018593214496234,11.10586622104883,0.15609756097560976,52,0.34691134021859354,0.8627055904704338,0.0,0.033919463872781,1.0,2.0,2.0,0,0,0,0,1,0,0
1.0,0.9707579382850202,3.5553480614894135,12.081004664714774,0.5882352941176471,51,0.19259405114261394,0.7924237447415123,1.0,3.9206714537618312,1.0,2.0,1.0,0,0,0,1,0,0,0
1.0,-0.054299952691071435,4.31748811353631,12.89487747251544,0.17567567567567569,49,0.220127705053436,0.5109986128713231,0.0,0.0,1.0,2.0,2.0,0,0,0,0,1,0,0
1.0,-0.68022523326392,7.27655640271871,10.79568847556435,0.08442906574394464,51,0.3521016926789602,0.7738537200011292,0.0,0.0,1.0,2.0,2.0,0,0,1,0,1,0,0
1.0,0.054490901572894615,5.3706380281276624,12.201345978399669,0.19158878504672897,50,0.3576550615554679,0.33273382890946757,0.0,0.0018033212181954535,1.0,2.0,2.0,0,0,0,0,1,0,0
1.0,0.03565506079196579,4.90527477843843,10.9535307719945,0.8582089552238806,50,0.5899857556794663,0.8235279294063146,0.0,7.724747418653813,1.0,1.0,1.0,0,0,0,1,0,0,0
1.0,-0.20278867522367672,3.58351893845611,12.018661243135153,0.2,50,0.5808474286900438,0.5591995634496233,0.0,0.0,1.0,2.0,1.0,0,1,0,0,1,0,0
1.0,-0.06473465974066996,5.583496308781699,11.76763025268951,0.2339622641509434,50,0.2253014597504878,0.5061511034907725,0.0,0.0017990398468411964,1.0,2.0,1.0,0,0,0,0,1,0,0
1.0,-0.3512383756659876,5.846438775057725,11.71546776756635,0.005797101449275362,50,0.31152469481851675,0.2018874755697762,0.0,0.0,1.0,1.0,1.0,0,0,0,0,1,0,0
1.0,0.404877937866421,3.8066624897703196,12.433484981694724,0.4318181818181818,49,0.1260167133781167,0.41598665630247744,1.0,0.00421068696841419,1.0,1.0,2.0,0,0,0,0,1,0,0
1.0,-0.598230776652438,3.2188758248682006,10.766598123289496,0.041666666666666664,49,0.6323409237580895,0.38502514002568056,0.0,0.0,1.0,2.0,2.0,0,1,0,0,1,0,0
1.0,-0.18088385934539203,5.41610040220442,11.756439479530146,0.10714285714285714,49,0.5922150786941753,0.5483170176593657,0.0,0.0,2.0,2.0,1.0,0,1,0,0,1,0,0
1.0,-0.20747187007949675,4.1588830833596715,11.650736437117045,0.2698412698412698,48,0.41444013995692636,0.7115494295526259,0.99,0.04121059622125002,1.0,2.0,2.0,0,1,0,0,1,0,0
1.0,-0.04678584953761676,5.187385805840755,12.845958851968678,0.19662921348314608,34,0.7031443728121484,0.845045227182026,0.0,0.010144112260542475,1.0,2.0,2.0,0,1,0,0,1,0,0
1.0,-0.577877056357812,5.37989735354046,11.662237832032236,0.19444444444444445,49,0.20154964328965785,0.8460142977834133,0.0,0.0,2.0,2.0,2.0,0,0,0,0,1,0,0
1.0,-0.34096613242971435,5.181783550292085,11.816755897137915,0.11864406779661017,48,0.7663312275504881,0.6736814073438404,0.0,0.0,1.0,2.0,1.0,0,1,0,0,1,0,0
1.0,-0.12934375563273676,4.23410650459726,12.130252133155544,0.23529411764705882,48,0.5933707281048674,0.4259667428022523,0.0,0.08994018122187111,1.0,2.0,1.0,0,1,0,0,1,0,0
1.0,1.5942512087007465,2.995732273553991,13.263976694172653,0.21052631578947367,48,0.19498349118944414,0.4581957467118541,0.0,0.0,1.0,2.0,2.0,0,0,0,0,1,0,0
1.0,1.009969110270285,6.756932389247553,13.337487883601536,0.2549476135040745,90,0.4898166531306173,0.2875623036312932,0.0,0.0,1.0,2.0,1.0,0,0,0,0,1,0,0
1.0,-0.397674542549436,5.043425116919247,11.08049874102317,0.14285714285714285,34,0.36152524342821885,0.44231290536108564,0.0,0.0,1.0,2.0,2.0,0,0,0,0,1,0,0
1.0,-0.09930944246246703,5.634789603169249,12.09359819597674,0.32974910394265233,29,0.30649814821332694,0.5896335225804521,0.0,0.0,1.0,2.0,1.0,0,0,0,0,1,0,0
1.0,-0.3661697205949973,5.337538079701318,11.819460047401323,0.024154589371980676,48,0.5283871168450337,0.6151767935909679,0.12,0.062144387927666744,1.0,2.0,1.0,0,1,0,0,1,0,0
1.0,-0.2533885738299292,5.176149732573829,12.220309931984929,0.11931818181818182,47,0.5497084019661271,0.48038428479767614,0.0,0.029602106848417853,1.0,2.0,1.0,0,1,0,0,0,0,0
1.0,0.16621359188848955,5.69035945432406,11.925820350129491,0.23728813559322035,47,0.173314605405696,0.808558030351799,1.0,0.03247652654814734,1.0,1.0,2.0,0,0,0,0,0,0,0
1.0,-0.16993836323508427,3.4965075614664802,12.597749379410429,0.5,48,0.4749342004590666,0.9953337949336897,0.0,0.0,2.0,2.0,2.0,0,1,0,0,1,0,0
1.0,-0.19709927591544413,4.605170185988092,11.193931032143313,0.2222222222222222,47,0.3308420513350638,0.5080010322388424,0.0,0.0,1.0,2.0,1.0,0,0,0,0,1,0,0
1.0,-0.044555819367238944,4.74493212836325,12.204877633542072,0.5087719298245614,47,0.37725925883543954,0.8471066352558964,0.0,395.17233095456794,1.0,2.0,1.0,0,0,0,1,1,0,0
1.0,-0.6621662270320727,2.833213344056216,10.398239051991846,0.0,47,0.5934539215919075,0.5964715050884791,0.0,0.0004473701576679845,1.0,2.0,2.0,0,1,0,0,1,0,0
1.0,-0.04316940312025047,4.477336814478207,11.999489557354922,0.08045977011494253,47,0.25041327324190593,0.23343332141069958,0.0,0.0,1.0,2.0,2.0,0,0,0,0,1,0,0
1.0,0.017465555399620275,3.258096538021482,12.108060839618249,0.0,47,0.7767310964639854,0.4158698357836444,0.0,0.0,1.0,2.0,2.0,0,1,0,0,1,0,0
1.0,0.9034339013285348,5.840641657373398,12.230840985893813,0.5043731778425656,47,0.3467334870263021,0.7993645533071951,1.0,0.03402987192111438,1.0,2.0,1.0,0,0,0,0,0,0,0
1.0,0.4062171063594872,4.543294782270004,12.650162031722195,0.043010752688172046,46,0.5289912936409272,0.2152352771715992,1.0,0.04283921554707388,1.0,2.0,1.0,0,1,0,0,1,0,0
1.0,1.5323888385010287,4.30406509320417,13.512438834369155,0.136986301369863,46,0.8394815624014369,0.6553069887828706,0.0,0.0,1.0,2.0,2.0,0,1,0,0,1,0,0
1.0,-0.32666602828767805,4.9344739331306915,10.951182652027368,0.10869565217391304,46,0.374737525317503,0.4451868964867799,0.0,0.0,1.0,1.0,1.0,0,0,0,0,1,0,0
1.0,0.2411258320652649,6.444131256700441,12.788346144539034,0.16401273885350318,46,0.22844666951494597,0.38689108971397135,0.0,0.0,1.0,2.0,2.0,0,0,0,0,1,0,0
1.0,0.39322785146817524,3.4339872044851463,11.120105074395143,0.16666666666666666,46,0.5902443867485417,0.887476177780411,1.0,0.07285067842677095,1.0,2.0,2.0,0,1,0,0,1,0,0
1.0,1.961221271525621,3.4965075614664802,13.14022238916177,1.0,45,0.4112637586340623,0.352651068906666,1.0,0.0,1.0,2.0,2.0,0,1,0,0,1,0,0
1.0,-0.1498530719472281,3.4965075614664802,13.95677167492847,0.25,45,0.48360456746840447,0.45359489367830774,0.0,0.11258116017147639,1.0,2.0,1.0,0,0,1,0,1,0,0
1.0,-0.21810568016947957,4.356708826689592,12.248157260791093,0.22077922077922077,45,0.2292875500622434,0.6654558062620032,0.0,0.0,1.0,2.0,2.0,0,0,0,0,1,0,0
1.0,-0.19409979381370263,4.1588830833596715,11.93765108852437,0.36507936507936506,45,0.22798942857828391,0.5990290555676716,0.0,0.7947479515909126,1.0,2.0,1.0,0,0,0,0,1,0,0
1.0,-0.3585956859367847,4.875197323201151,11.208286588945029,0.38461538461538464,45,0.4082538486903828,0.5470870603650035,0.0,0.0017563236609942278,1.0,2.0,1.0,0,0,0,0,1,0,0
1.0,-0.302869289156976,4.969813299576001,11.49643393037109,0.20279720279720279,45,0.2719922917490265,0.6032378020074276,0.0,0.0,1.0,2.0,1.0,0,0,0,0,1,0,0
1.0,0.09806996637371304,4.204692619390966,12.815354280902849,0.2727272727272727,45,0.4216141993468096,0.8522268101208498,0.0,0.0,1.0,1.0,2.0,0,0,0,0,1,0,0
1.0,-0.3141215394962916,5.170483995038151,11.883425322871037,0.5657142857142857,44,0.49182366098493624,0.7363170632867926,0.0,3.596115396613823,1.0,2.0,1.0,0,0,0,1,1,0,0
1.0,-0.07325644971140699,3.912023005428146,12.063386001811153,0.04081632653061224,44,0.41458346572997246,0.7521714932075041,1.0,0.0,1.0,2.0,2.0,0,1,0,0,1,0,0
1.0,0.1976360900901262,3.912023005428146,12.750954117230831,0.12244897959183673,44,0.13431229529720334,0.4310623458868544,0.0,0.0,1.0,2.0,1.0,0,0,0,0,1,0,0
1.0,-0.2074001651780804,6.593044534142437,11.884800225989007,0.17832647462277093,43,0.39631861056548,0.23990316291039068,1.0,0.02862250142433234,1.0,2.0,1.0,0,0,0,0,1,0,0
1.0,-0.2195173998437534,5.476463551931511,11.72664508635379,0.07983193277310924,43,0.7800591276117025,0.2840607169482846,0.0,0.03123759724343718,1.0,2.0,1.0,0,1,0,0,1,0,0
1.0,4.406410944835585,2.302585092994046,13.700117414239797,0.8888888888888888,43,0.36328737419581286,0.6611898069280058,1.0,0.0,2.0,2.0,1.0,0,1,0,0,1,0,0
1.0,-0.39848334155250065,5.3706380281276624,11.473601860542512,0.11214953271028037,43,0.34482421883439385,0.4576379448982512,0.0,0.009813687292960234,1.0,2.0,2.0,0,0,1,0,1,0,0
1.0,0.09924525065994669,4.060443010546419,11.456272867456077,0.10526315789473684,43,0.21547391387741255,0.7906095432603045,0.0,0.0,1.0,1.0,1.0,0,0,0,0,1,0,0
1.0,-0.2949145242357395,7.737616282857904,11.136902482241723,0.1273996509598604,43,0.2346875070044717,0.8182851996550708,1.0,0.007273656912527026,1.0,2.0,1.0,0,0,0,0,1,0,0
1.0,0.008245779706378437,4.2626798770413155,13.180227998963751,0.05714285714285714,43,0.5354831361841486,0.8602849070730448,0.0,0.0,1.0,2.0,1.0,0,1,0,0,1,0,0
1.0,-0.007255916205747032,5.6937321388027,12.216900467914028,0.16216216216216217,43,0.1701303362606718,0.5160009674455637,0.0,0.0,1.0,2.0,2.0,0,0,0,0,1,0,0
1.0,-0.4574287344936555,5.442417710521793,11.69472159389606,0.12608695652173912,42,0.8289304139582464,0.30362430357764825,0.0,0.0814203401349859,1.0,2.0,1.0,0,1,0,0,1,0,0
1.0,-0.28801489320516704,5.68697535633982,11.081982044108509,0.06462585034013606,42,0.0686897060169082,0.7807748395727788,0.7,0.0,1.0,2.0,2.0,0,0,0,0,1,0,0
1.0,-0.4604163539568902,9.081142433504501,11.120769602200395,0.7100261750312963,42,0.20711346767973293,0.5582217325516183,0.0,0.0006277183452047043,1.0,2.0,1.0,0,0,0,0,1,0,0
1.0,-0.5261461993424839,5.384495062789089,11.836644605645311,0.03225806451612903,42,0.7219301991941679,0.08930353403876218,0.0,0.0,1.0,2.0,1.0,0,1,0,0,1,0,0
1.0,-0.42762091270582475,5.1647859739235145,12.13571252204606,0.7873563218390804,41,0.5996033014976216,0.41856178462526555,0.0,0.028955966807840353,2.0,1.0,2.0,0,1,0,0,1,0,0
1.0,0.2733509740649298,4.663439094112067,13.227451415943637,0.5238095238095238,41,0.11391596178238181,0.7742187674690765,0.0,7.1518505606469285,1.0,2.0,2.0,0,0,1,0,1,0,0
1.0,-0.47736949897717584,7.741099090035366,11.740248111687984,0.19,41,0.5003182772397914,0.8248116436472436,0.0,0.0,1.0,2.0,1.0,0,1,0,0,1,0,0
1.0,-0.40469339179573166,7.983098940710892,10.855694442717708,0.1098976109215017,41,0.1069881192608436,0.2994302325834851,0.0,0.0026056741785136545,1.0,2.0,1.0,0,0,0,0,1,0,0
1.0,-0.31839406324932823,5.198497031265826,11.59285662796135,0.08888888888888889,41,0.6778337518214331,0.9242280285644754,0.0,0.016263675201521232,1.0,2.0,1.0,0,1,0,0,1,0,0
1.0,-0.07954369179815993,5.666426688112432,12.016414995284787,0.1076388888888889,41,0.7222780824252595,0.35720447755443,0.0,0.0,1.0,2.0,2.0,0,1,0,0,1,0,0
1.0,-0.346212866563392,5.170483995038151,12.08495227573557,0.30857142857142855,40,0.4427127258086801,0.1477448796622961,0.0,0.027477095925663927,1.0,1.0,2.0,1,0,0,0,1,0,0
1.0,-0.06982126054768292,5.752572638825633,12.142231087402246,0.1305732484076433,40,0.7125625374549328,0.733431870678213,0.0,0.0890944423612765,1.0,2.0,1.0,0,1,0,0,1,0,0
1.0,-0.15634121290075448,4.2626798770413155,10.940945555331036,0.34285714285714286,40,0.5047379493933994,0.7204639187522053,1.0,0.008082050236616982,1.0,2.0,2.0,0,1,0,0,1,0,0
1.0,0.0538122032084328,5.560681631015528,11.053020723912825,0.7374517374517374,40,0.27693876099480785,0.9245907955486775,0.0,332.0279691773617,1.0,2.0,1.0,0,0,0,1,1,0,0
1.0,0.5674792664077151,5.1647859739235145,13.32569388978195,0.1896551724137931,39,0.6173586722669756,0.3991147400141571,1.0,0.9884054320441246,1.0,2.0,2.0,0,0,0,1,0,0,1
1.0,-0.18183230547313423,4.219507705176107,11.389484569439642,0.05970149253731343,39,0.4562735200447114,0.32266635235249297,0.5,0.01440198465813849,1.0,1.0,2.0,0,0,0,0,1,0,0
1.0,-0.6657460534665691,5.170483995038151,11.563824207246617,0.18285714285714286,39,0.5680198131210952,0.868718199814257,0.0,0.0,1.0,2.0,2.0,0,1,0,0,1,0,0
1.0,-0.4935306752696561,5.583496308781699,9.858151059083681,0.018867924528301886,39,0.47286604981242647,0.7345710615013337,0.0,0.0,1.0,2.0,2.0,0,0,0,0,1,0,0
1.0,0.39096115711534984,6.376726947898627,12.345404512471925,0.131175468483816,39,0.26311674779936745,0.4783352351666909,0.0,0.0,1.0,2.0,2.0,0,0,0,0,1,0,0
1.0,-0.053997225243234574,4.418840607796598,12.113163154934872,0.12195121951219512,39,-1.1618830824012591,0.6296512696954214,0.0,725.6130637239268,2.0,2.0,1.0,0,0,0,1,0,0,0
1.0,0.1479713599088778,4.406719247264253,12.835184289545698,0.12345679012345678,39,0.18106573613057475,0.7462521225180445,1.0,0.0186523301691814,1.0,2.0,1.0,0,0,0,0,1,0,0
1.0,-0.3804191673239986,7.774435510302958,10.414656090586922,0.07653490328006729,39,0.6153329732886449,0.8523648223216935,0.0,0.0006090694564786779,1.0,2.0,2.0,0,1,0,0,1,0,0
1.0,-0.1486287704709427,5.2832037287379885,12.303953960545421,0.27040816326530615,39,0.7137133803711917,0.18171934028353018,0.0,0.0,1.0,2.0,2.0,0,1,0,0,1,0,0
1.0,0.33132030045011307,3.5553480614894135,12.706811480015322,0.7058823529411765,38,0.6410473194672275,0.8473232944937131,1.0,0.002049541976365943,1.0,2.0,2.0,0,1,0,0,1,0,0
1.0,-0.21736574818433543,5.5254529391317835,11.356258929697688,0.104,38,0.3557975641448548,0.7906005470636522,0.0,0.0,1.0,2.0,2.0,0,0,1,0,1,0,0
1.0,-0.452396782265431,4.5217885770490405,11.371181603847006,0.17582417582417584,48,0.2384830414175066,0.5983375299232584,0.0,0.7707431358751146,1.0,2.0,1.0,0,0,0,1,1,0,0
1.0,1.5346424135357783,2.70805020110221,13.497659761115765,0.42857142857142855,38,0.3797041727636957,0.7465199311539276,0.0,0.0,1.0,2.0,1.0,0,1,0,0,1,0,0
1.0,-0.385017838375328,4.0943445622221,12.379740624955382,0.1864406779661017,38,0.5453466276268212,0.6935106196174865,0.0,0.0,1.0,2.0,1.0,0,1,0,0,1,0,0
1.0,0.26564581091589934,4.2626798770413155,12.097896662223818,0.2857142857142857,38,0.1092380506782606,0.7834260084261179,0.0,0.0004610320979862811,1.0,2.0,2.0,0,0,0,0,1,0,0
1.0,0.06667927232307079,5.0689042022202315,12.677002388521677,0.10126582278481013,38,0.3709179845417018,0.29109020135836594,1.0,0.0,1.0,2.0,2.0,0,1,0,0,1,0,0
1.0,-0.1846658645385763,4.356708826689592,12.634854613007564,0.33766233766233766,37,0.35764490943133503,0.5365818236014059,0.97,0.0029046854421858116,1.0,2.0,2.0,0,0,0,0,1,0,0
1.0,0.6007192109918496,4.718498871295094,13.084572725909952,0.5585585585585585,37,0.4709274739650768,0.46376159386114696,0.6,9.506399314241163,1.0,2.0,2.0,0,0,0,1,1,0,0
1.0,-0.047560925262735046,3.4339872044851463,11.950334877260898,0.4,37,0.12575362500633858,0.4675859441588966,1.0,0.0,1.0,2.0,1.0,0,0,0,0,1,0,0
1.0,-0.08561605254058748,4.6443908991413725,12.099019111765118,0.3786407766990291,37,0.6461826508545553,0.44565072276114776,0.0,0.00026598689869030345,1.0,2.0,2.0,0,1,0,0,1,0,0
1.0,0.003967700445528792,4.852030263919617,12.243134458159183,0.33858267716535434,37,0.24356283932438175,0.7330869017510401,0.0,0.06954083621878061,1.0,1.0,1.0,0,0,0,0,1,0,0
1.0,-0.4059619923019091,4.997212273764115,10.521608940606699,0.38095238095238093,37,0.28653499405241706,1.4510796275750508,1.0,15.006108461031078,1.0,2.0,1.0,0,0,0,1,1,0,0
1.0,-0.45175331871958796,8.521384396034705,11.529637292225976,0.0061752988047808766,37,0.6669971186034389,0.7782051598259991,0.0,0.03675699915555315,1.0,2.0,1.0,0,1,0,0,1,0,0
1.0,-0.316537432217849,7.097548850614793,11.586353614090951,0.1697019867549669,37,0.27192495166775316,0.7424728672922075,0.0,0.0,1.0,2.0,1.0,0,0,0,0,1,0,0
1.0,-0.4777823169170154,5.971261839790462,11.238559151173282,0.15089514066496162,37,0.3167852305081616,0.46682847817487927,0.0,0.0,2.0,2.0,1.0,0,0,0,0,1,0,0
1.0,-0.5808864762536032,4.31748811353631,11.22296674887682,0.14864864864864866,37,0.7002220813683429,0.7069207854723553,0.0,0.003979042246796967,1.0,2.0,2.0,0,1,0,0,1,0,0
1.0,-0.25570135642426983,4.248495242049359,11.421300934085279,0.10144927536231885,37,0.6349544386659112,0.44725595712710975,0.0,0.15512486519240226,1.0,2.0,2.0,0,1,0,0,1,0,0
1.0,2.0749957844347398,5.583496308781699,13.359521501948128,0.28679245283018867,37,0.16305841549535538,0.4203836112211888,0.7,0.0006858347743473936,1.0,2.0,2.0,0,0,0,0,1,0,0
1.0,-0.34571747644297074,4.189654742026425,12.206425737032186,0.03076923076923077,36,0.3026560036713921,0.7515680310070509,0.0,0.007858111522268464,2.0,2.0,2.0,0,0,0,0,1,0,0
1.0,-0.46251403481448194,3.7376696182833684,12.06587097234125,0.024390243902439025,36,0.40424938614609934,0.8493131791618629,0.0,0.0,1.0,2.0,2.0,0,1,0,0,1,0,0
1.0,0.6536865755989512,4.07753744390572,14.109540299030861,0.603448275862069,36,0.3936612401961721,0.5633357238454437,1.0,0.005962773097758346,1.0,2.0,1.0,0,1,0,0,1,0,0
1.0,-0.050014113217308365,8.450839690866216,12.229108789382872,0.685763146643865,124,0.7832083064952373,0.46575482341149416,0.0,26.107637796246664,1.0,2.0,2.0,0,0,0,1,1,0,0
1.0,-0.4848143685310201,5.7430031878094825,10.701072813795255,0.4533762057877814,59,0.5707818595681053,0.2742245060835313,0.0,7.347696957002357,1.0,2.0,1.0,0,0,0,1,1,0,0
1.0,-0.2867879032629658,5.459585514144159,11.52769828616188,0.2948717948717949,35,0.18625619713050776,0.16091727409986586,0.37,0.00981241625157815,1.0,1.0,2.0,0,0,0,0,1,0,0
1.0,-0.5034670554818383,4.7535901911063645,11.61302140792133,0.14782608695652175,34,0.5719314904813069,0.4325143561618401,0.0,0.005432371928050272,1.0,2.0,1.0,0,1,0,0,1,0,0
1.0,0.20014227892435293,5.517452896464707,12.824515821816002,0.22983870967741934,34,0.5625921102339579,0.6058541100384469,0.41,0.0,1.0,2.0,1.0,0,1,0,0,1,0,0
1.0,-0.6577409963733188,5.717027701406222,11.580910792751814,0.0858085808580858,34,0.1623657383724384,0.5982479882853874,0.0,0.0639655803655375,1.0,2.0,2.0,0,0,1,0,1,0,0
1.0,-0.4036324502382127,6.049733455231958,11.389732449386134,0.13002364066193853,34,0.38187487574124546,0.6093054012156309,0.0,0.0,1.0,2.0,1.0,0,0,0,0,1,0,0
1.0,0.28727231764384586,4.143134726391533,12.046298995535325,0.3225806451612903,34,0.6036067170164864,0.42419594143692924,0.0,0.0,1.0,2.0,1.0,0,1,0,0,1,0,0
1.0,-0.30789024966944417,4.382026634673881,10.856628126952213,0.0379746835443038,34,0.27915082064931346,1.0611872110464295,0.0,11.832001937239461,1.0,2.0,2.0,0,0,0,1,1,0,0
1.0,-0.5570410393956771,6.184148890937483,9.906682237480103,0.05578512396694215,34,0.6300804534312109,0.7456145879353153,0.0,0.01248672701058499,2.0,2.0,2.0,0,0,1,0,1,0,0
1.0,-0.15006195589971386,5.123963979403259,11.909690481507967,0.23952095808383234,33,0.24868887362262895,0.32724536028720996,0.0,0.0,1.0,2.0,2.0,0,0,0,0,1,0,0
1.0,-0.15612197123998528,3.7376696182833684,12.904562965089662,0.024390243902439025,33,0.7611437105299864,0.518470027058154,0.0,0.0,1.0,2.0,1.0,0,1,0,0,1,0,0
1.0,-0.2629049434761988,4.189654742026425,11.169132249103866,0.046153846153846156,33,0.27023653577894946,0.7597854684583784,0.0,0.051097617155522336,1.0,2.0,1.0,0,0,0,0,1,0,0
1.0,0.01370811975671224,4.430816798843313,13.449952871100972,0.37349397590361444,33,0.7062540673060846,0.7220953523258168,0.0,0.0,1.0,2.0,1.0,0,1,0,0,1,0,0
1.0,-0.4073672697140299,4.634728988229636,10.982982645612733,0.19607843137254902,33,0.34679802511019203,0.4525697150505362,0.0,0.0049789812307344545,1.0,2.0,2.0,0,0,0,0,1,0,0
1.0,-0.4612778245392143,5.723585101952381,11.648112396270099,0.46229508196721314,33,0.44496175890880457,0.11587223714737273,0.12,65.85276329594387,2.0,2.0,1.0,0,0,0,1,1,0,0
1.0,-0.23815837872931567,5.58724865840025,11.936454577456471,0.041353383458646614,32,0.3564004463727009,0.6191412876110064,0.99,0.0,1.0,2.0,2.0,0,0,0,0,1,0,0
1.0,-0.6659714311734888,6.8001700683022,10.666799121730527,0.004459308807134894,32,0.5645209304160899,0.8175009275204268,0.0,0.0,1.0,2.0,1.0,0,1,0,0,1,0,0
1.0,-0.12629458245903555,4.564348191467836,11.23556870950854,0.30526315789473685,32,0.2572314679120517,0.7094404192667333,0.0,0.0,1.0,2.0,2.0,0,0,0,0,1,0,0
1.0,0.6977946164632212,5.342334251964811,12.806919460804037,0.0,32,0.20502562969666713,0.3987456130464785,0.0,0.004515602630022673,1.0,2.0,1.0,0,0,0,0,1,0,0
1.0,-0.40824033205008836,5.420534999272286,11.65679971316019,0.08888888888888889,32,0.40784851330534855,0.08412152539893925,1.0,0.5841434748161273,2.0,2.0,2.0,0,1,0,0,1,0,0
1.0,-0.4407041616258913,5.389071729816501,12.731552466464844,0.16972477064220184,32,0.6982285535092476,0.733713596226027,0.0,0.0,1.0,2.0,1.0,0,1,0,0,1,0,0
1.0,-0.30512297885039386,4.983606621708336,11.29453413841036,0.1103448275862069,32,0.35671581568163885,0.8815153385055416,1.0,0.00038372621256183936,1.0,1.0,1.0,0,1,0,0,0,0,0
1.0,-0.12781870342029156,5.247024072160486,11.524009157203261,0.10052910052910052,31,0.28191977369083526,0.6020596680623772,0.0,0.000175304373081615,1.0,2.0,2.0,0,0,0,0,1,0,0
1.0,1.0455658816782272,4.584967478670572,13.421324467890004,0.32989690721649484,32,0.2973014299310315,0.45340382254913314,0.0,0.0,1.0,2.0,1.0,0,0,0,0,1,0,0
1.0,-0.4109796190432067,6.066108090103747,11.882019141360868,0.27674418604651163,31,0.39086895736899613,0.39010191096136243,0.0,0.0,1.0,2.0,1.0,0,0,0,0,1,0,0
1.0,-0.2811710530305833,5.961005339623274,10.758795988817088,0.2739018087855297,31,0.466038609450655,0.7469067746451292,0.0,3.8043281574764642,1.0,1.0,1.0,0,0,0,1,1,0,0
1.0,-0.32735994736395146,3.871201010907891,11.5654688606342,0.10638297872340426,31,0.3414167183905948,0.2362908321573995,0.0,0.46791596825562715,1.0,2.0,2.0,1,0,0,0,1,0,0
1.0,-0.5510450122576969,3.58351893845611,9.554634995025964,0.08571428571428572,31,0.5215168483941902,0.15251927349016733,0.0,0.0,1.0,2.0,2.0,0,1,0,0,1,0,0
1.0,0.40875199929234646,4.624972813284271,11.521922984430757,0.04950495049504951,31,0.21786355767527493,0.7601596634895416,0.17,635.4275721433145,1.0,2.0,2.0,0,0,0,1,1,0,0
1.0,0.9086968642693485,4.418840607796598,12.628278988348129,0.9512195121951219,31,0.8418442771210062,0.9896536584388888,0.01,1.0188285016182994,1.0,2.0,2.0,0,0,0,1,1,0,0
1.0,0.12659108548993708,4.07753744390572,12.410487771696776,0.4482758620689655,28,0.5619265393418524,0.3928514886647773,0.0,0.0,1.0,2.0,2.0,0,1,0,0,1,0,0
1.0,2.242295363591942,3.4965075614664802,13.699060867383142,0.4375,30,0.6854607836062032,0.9760115066291548,1.0,0.12750176331604776,1.0,2.0,1.0,0,1,0,0,0,0,0
1.0,-0.5592130165211757,3.295836866004329,12.300961058081516,0.15384615384615385,33,-0.2351928842661654,0.32342928681840266,0.0,0.0033593560102374927,1.0,2.0,2.0,0,1,0,0,1,0,0
1.0,0.022761421200690635,5.0689042022202315,12.949097810062776,0.310126582278481,30,0.5883539245006068,0.641771220462816,0.0,0.04333842873458535,1.0,1.0,2.0,0,1,0,0,1,0,0
1.0,-0.20051200930398966,4.770684624465665,11.306907716941936,0.017094017094017096,30,0.2805387816563524,0.6288478328290917,0.0,0.006784605250776324,1.0,2.0,2.0,0,0,0,0,1,0,0
1.0,-0.5819025520948343,6.559615237493242,9.270256123496209,0.5815602836879432,30,0.37454663483736234,0.6847740403911385,0.0,0.0,1.0,2.0,1.0,0,0,0,0,1,0,0
1.0,-0.5399156740308371,5.793013608384144,10.003998530004056,0.08256880733944955,30,0.7131139968422125,0.5200764466681463,0.0,8.769931549209593,1.0,2.0,1.0,0,0,0,1,1,0,0
1.0,-0.10002600654906285,3.784189633918261,11.763865688878486,0.06976744186046512,30,0.5485229780111086,0.640952074203016,0.0,0.0,2.0,2.0,2.0,0,1,0,0,1,0,0
1.0,-0.3433608930300863,4.584967478670572,11.598175368796104,0.2268041237113402,30,0.2362839560079415,0.482216391441223,0.0,0.007176885742456266,1.0,2.0,2.0,0,0,0,0,1,0,0
1.0,1.9137454459310943,6.853299093186078,13.227164864318844,0.34249471458773784,30,0.19625798619500107,0.6001353297022831,0.75,0.0,1.0,2.0,2.0,0,0,0,0,1,0,0
1.0,-0.07467989739759358,4.727387818712341,11.62074874909415,0.10714285714285714,30,0.291214807971684,0.36354352354441494,1.0,0.0,1.0,2.0,2.0,0,0,0,0,1,0,0
1.0,-0.3020202891320305,3.4965075614664802,12.971666715167835,0.71875,30,0.2642125322252694,0.814745629266141,0.0,0.0,1.0,2.0,1.0,0,1,0,0,1,0,0
1.0,-0.34088544965435597,3.9889840465642745,11.049556382141793,0.37735849056603776,30,0.7978235938805103,0.08414642448321291,0.0,0.03457006982482544,1.0,2.0,1.0,0,1,0,0,1,0,0
1.0,-0.2718357448608074,3.7612001156935624,12.448127297063126,0.2857142857142857,30,0.566120504169285,0.6173123768856046,0.0,0.041406409312389654,1.0,2.0,2.0,0,1,0,0,1,0,0
1.0,0.18212852978098834,4.48863636973214,12.438409895889322,0.011363636363636364,30,0.3948500439103063,0.23979442335680423,1.0,1.2904164833482632,1.0,2.0,2.0,0,0,0,1,1,0,0
1.0,-0.2699443048314556,4.543294782270004,11.55021938508418,0.17204301075268819,30,0.1903852408686852,0.7787284727516186,0.0,0.0,1.0,2.0,2.0,0,0,0,0,1,0,0
1.0,0.22994018130988222,2.8903717578961645,13.292488407043773,0.29411764705882354,30,0.16471215051942892,0.7518859537605641,0.0,0.0,1.0,2.0,1.0,0,1,0,0,1,0,0
1.0,-0.23906959917842752,3.091042453358316,12.157871307968323,0.0,30,0.44550732857206987,0.1819455392914386,0.0,0.0,2.0,2.0,2.0,0,1,0,0,1,0,0
1.0,-0.6011182200743346,6.269096283706261,11.754012983904873,0.020872865275142316,29,0.38474165941467475,0.9538446669333942,0.99,0.01445992160243348,1.0,2.0,2.0,0,1,0,0,1,0,0
1.0,-0.36955605117221135,6.8658910748834385,11.656037557677763,0.11169102296450939,29,0.2901229951796541,0.7588223521296111,1.0,0.03866113537766223,1.0,2.0,1.0,0,0,0,0,1,0,0
1.0,-0.0018849081366078546,5.181783550292085,12.054178166213239,0.3220338983050847,30,0.487565341707697,0.3517495534624609,1.0,0.0,1.0,2.0,1.0,0,1,0,0,1,0,0
1.0,0.08069745074185022,3.1354942159291497,12.876596636107873,1.0,30,0.23059936882390966,0.9105546365746695,0.0,0.0,1.0,2.0,1.0,0,1,0,0,1,0,0
1.0,1.5655441628867237,4.356708826689592,13.17371725307368,0.6623376623376623,29,0.25361707802494243,0.227721771641593,0.51,0.003442775011349921,1.0,2.0,2.0,0,1,0,0,1,0,0
1.0,-0.5654628570116348,2.8903717578961645,11.142291358817921,0.058823529411764705,29,0.7482723133019427,0.620144066359491,0.0,0.0,1.0,2.0,2.0,0,1,0,0,0,0,0
1.0,0.18353632308304021,5.783825182329737,12.213679657230104,0.36419753086419754,29,0.1846530081847698,0.4063578259053712,1.0,0.0007145629280769582,1.0,2.0,2.0,0,0,0,0,1,0,0
1.0,0.029424768727292383,4.30406509320417,12.47825295813397,0.3013698630136986,29,0.291011064390416,0.8766780856812694,0.0,0.0005462849636424395,1.0,2.0,1.0,0,1,0,0,1,0,0
1.0,-0.1816407821175154,4.1588830833596715,11.722293424153655,0.15873015873015872,29,0.3095358302048428,0.31232202397827374,0.0,0.005827718640211197,1.0,2.0,2.0,0,0,0,0,1,0,0
1.0,-0.4979488147480762,8.788440957404594,11.452186778294976,0.7561384779624828,29,0.5116459733237692,0.6741255823779497,0.0,50.99544470067009,1.0,2.0,1.0,0,0,0,1,1,0,0
1.0,-0.034159954999276376,3.6635616461296463,12.644943515764023,0.5,29,0.6843679130733039,0.4306014480089453,0.0,0.20846771432429814,1.0,2.0,2.0,0,1,0,0,1,0,0
1.0,-0.48401464866780675,7.676473646389156,10.950233839479727,0.07653061224489796,29,0.23343607375873116,0.8429267529159035,0.0,0.0016590476655156162,1.0,2.0,2.0,0,0,0,0,1,0,0
1.0,-0.5948285814337493,7.472500744737558,10.230400654936226,0.11774744027303755,29,0.651852172445382,0.47920981573901356,0.01,0.0018362734560376814,1.0,2.0,1.0,0,1,0,0,1,0,0
1.0,-0.4395473805688507,5.54907608489522,9.598892953670354,0.66796875,28,0.6184342906502939,0.969371548991801,0.0,7.471784019016819,1.0,2.0,1.0,0,0,0,1,1,0,0
1.0,-0.4458113540474742,3.5553480614894135,11.893198649578563,0.20588235294117646,28,0.4559081934644145,0.7238563050914804,0.0,0.0,1.0,2.0,1.0,0,1,0,0,1,0,0
1.0,0.3470233805625848,5.924255797414532,12.170074439612407,0.4101876675603217,28,0.10266054908710967,1.01446098118391,0.87,0.0,1.0,2.0,2.0,0,0,0,0,1,0,0
1.0,0.3110603008655791,6.129050210060545,12.879612153806443,0.18340611353711792,29,0.1726555090259039,0.32513279548407736,1.0,0.0010388084313069674,1.0,2.0,2.0,0,0,0,0,1,0,0
1.0,-0.6221298924848825,3.1780538303479458,10.210076710741475,0.0,28,0.43863951509866966,0.23709595099013306,0.0,0.0,2.0,2.0,2.0,0,1,0,0,1,0,0
1.0,-0.3701147767417906,4.1588830833596715,11.876045594008875,0.1746031746031746,28,0.29500173945358993,0.6890694117804214,0.0,0.0,1.0,2.0,2.0,0,0,0,0,1,0,0
1.0,-0.4840254896015691,3.295836866004329,10.146751930892682,0.038461538461538464,28,0.5965797495629642,0.6126691647127122,0.0,0.0053357594458768596,2.0,2.0,2.0,0,1,0,0,0,0,0
1.0,-0.37222647808259657,4.454347296253507,10.91666839194183,0.2823529411764706,28,0.32584014542432554,0.7476175739864985,0.0,0.0,1.0,1.0,1.0,0,0,0,0,1,0,0
1.0,0.24352245028628233,4.584967478670572,13.901148980856124,0.5876288659793815,28,0.5181727435058838,0.41507059600833707,0.99,4.847812683065665,1.0,2.0,2.0,0,0,0,1,1,0,0
1.0,-0.34966362295337944,5.793013608384144,10.727952735700887,0.13761467889908258,28,0.40056657527908013,0.5663332303957964,0.0,0.015113239578841465,1.0,1.0,1.0,0,0,0,0,0,0,0
1.0,0.8254723733944005,4.477336814478207,13.709156649949602,0.12643678160919541,28,0.3014243294800022,0.7281715877758388,0.0,0.0,1.0,2.0,1.0,0,0,1,0,1,0,0
1.0,0.2945394167562597,4.343805421853684,12.256045193115519,0.11842105263157894,28,-0.05999623136653612,0.38077450843323335,0.0,0.0,1.0,2.0,2.0,0,0,0,0,1,0,0
1.0,-0.504204426795444,6.327936783729195,11.43095796032651,0.055456171735241505,28,0.5887418219920544,0.8229811342348324,0.0,0.03893484189346586,1.0,2.0,2.0,0,1,0,0,1,0,0
1.0,-0.12803691497918418,6.391917113392602,11.712284927438537,0.08892617449664429,28,0.34438736070508347,0.6823875908190139,1.0,0.0008629728526243698,1.0,1.0,1.0,0,0,0,0,0,0,0
1.0,-0.28115215875597765,5.940171252720432,10.711841306817993,0.8021108179419525,28,0.8237678835866405,0.7203912282219888,0.0,715.6523390203632,1.0,2.0,1.0,0,0,0,1,1,0,0
1.0,-0.5348238317676182,2.0794415416798357,10.897315878884308,0.14285714285714285,28,0.6257301577312333,0.8683856365890997,0.0,0.0,1.0,2.0,1.0,0,1,0,0,1,0,0
1.0,-0.2809470159875815,3.6635616461296463,12.465843874872697,0.02631578947368421,27,0.38659182168085426,0.500067584187979,0.0,0.9019187025273839,2.0,2.0,2.0,0,1,0,0,1,0,0
1.0,-0.5153828477508912,5.575949103146316,10.412942998493358,0.07604562737642585,27,0.38346009640722806,0.775676916750434,0.0,0.025661384286532272,2.0,2.0,2.0,0,0,0,0,1,0,0
1.0,-0.3594557844899451,4.382026634673881,11.125656146603754,0.0379746835443038,27,0.2535117586017314,0.6287195411179991,0.0,0.04541510221590804,1.0,2.0,1.0,0,0,0,0,1,0,0
1.0,-0.3170790758485891,5.278114659230517,11.98760889607232,0.05128205128205128,27,0.4067383988518738,0.27356619824241935,0.0,0.0,1.0,2.0,1.0,0,1,0,0,1,0,0
1.0,-0.11139582406719017,4.394449154672439,11.698163390025199,0.175,28,0.3095656971508599,0.9423657643708043,1.0,0.0,1.0,2.0,2.0,0,1,0,0,1,0,0
1.0,-0.4180903559552841,5.062595033026967,13.010824394592127,0.2356687898089172,27,0.30248341901426307,0.705896744099667,0.0,0.0,1.0,2.0,1.0,0,1,0,0,1,0,0
1.0,0.008542086353749565,5.924255797414532,11.998281336851852,0.09919571045576407,27,0.33058833302381196,0.3871104853399963,0.42,0.013460552514951723,1.0,2.0,1.0,0,0,0,0,1,0,0
1.0,-0.5319499214348371,4.969813299576001,10.343437639606769,0.21678321678321677,27,0.604059073544095,0.924453728939293,0.0,0.0,1.0,2.0,1.0,0,1,0,0,1,0,0
1.0,-0.07254562553557409,5.1647859739235145,12.78411200733924,0.21839080459770116,26,0.579597629548431,0.725467382507552,0.0,0.0004299421081409015,1.0,2.0,1.0,0,1,0,0,1,0,0
1.0,-0.542264071456382,5.1647859739235145,11.83007368388135,0.20114942528735633,26,0.4233318705060257,0.973853262537284,0.0,0.0,1.0,2.0,2.0,0,1,0,0,1,0,0
1.0,-0.49675693595334014,5.8522024797744745,9.141110749534688,0.002881844380403458,26,0.6933938258550628,1.6051110205763426,0.0,0.053138014421984056,1.0,2.0,2.0,0,1,0,0,1,0,0
1.0,0.2427808694009804,4.948759890378168,12.311504351511052,0.1,26,0.4692975558723302,0.17424731109183098,0.15,11.643969232794445,1.0,2.0,2.0,0,0,0,1,1,0,0
1.0,-0.03489152585690947,5.176149732573829,12.039488411730131,0.2159090909090909,26,0.7327528757256196,0.48468209926581046,0.0,0.0,1.0,2.0,1.0,0,1,0,0,1,0,0
1.0,-0.3209767671224758,3.091042453358316,12.462269395119264,0.19047619047619047,26,0.32457609491716477,0.7150429897641313,0.0,0.0,1.0,2.0,2.0,0,1,0,0,1,0,0
1.0,-0.16618191657923753,2.4849066497880004,12.846960993950646,0.2727272727272727,26,0.4520217958273965,0.6112843648937788,0.0,0.0,1.0,2.0,2.0,0,1,0,0,1,0,0
1.0,-0.6284977508732053,7.280697195384741,8.514835624738433,0.06547208821502412,25,0.8516962271560083,0.926021337766437,1.0,16.30801269896103,1.0,2.0,2.0,0,0,0,1,1,0,0
1.0,-0.4426743236315688,4.9344739331306915,10.581567625506354,0.08695652173913043,25,0.17835935728448116,0.6414713879920513,0.06,0.0,1.0,2.0,2.0,0,0,0,0,1,0,0
1.0,-0.3546318770586185,4.382026634673881,11.087064592935633,0.34177215189873417,25,0.6336328713886484,0.6036302836020989,0.0,1.4090039658441618,1.0,2.0,2.0,0,0,0,1,1,0,0
1.0,-0.5128367974811794,4.532599493153256,11.620046256519947,0.29347826086956524,25,0.4518879996920184,0.13851666090502668,0.0,0.0,1.0,2.0,1.0,0,1,0,0,1,0,0
1.0,-0.5227436035110065,3.295836866004329,11.356003062851832,0.07692307692307693,25,0.5654023965804086,0.1694073507780183,0.0,0.00313564544625984,2.0,2.0,2.0,0,1,0,0,1,0,0
1.0,-0.40193575186618924,4.8283137373023015,12.48776169483315,0.04838709677419355,25,0.6528778471275415,0.538215074973761,0.0,0.0,1.0,2.0,2.0,0,1,0,0,1,0,0
1.0,0.36782315863684534,5.25227342804663,13.340923218498771,0.03684210526315789,24,0.577623287741723,0.8465299440624113,0.0,0.09397304889510633,1.0,2.0,2.0,0,1,0,0,1,0,0
1.0,-0.6145439772916039,6.077642243349034,8.47687729486044,0.07126436781609195,25,0.7377040028163686,0.5955548682336966,0.0,334.33655555555555,1.0,1.0,1.0,0,0,0,1,0,0,0
1.0,-0.43212030753280645,2.3978952727983707,10.731508661615846,0.5,26,0.573100971604176,0.9982435712303959,0.0,0.0,2.0,2.0,1.0,0,1,0,0,1,0,0
1.0,-0.47521762780127863,3.8501476017100584,10.92532443501079,0.2608695652173913,24,0.5072007564115254,0.21263748129878748,0.0,0.02878249446769647,2.0,2.0,2.0,0,1,0,0,1,0,0
1.0,-0.1273219179077079,3.5553480614894135,11.812722602753816,0.14705882352941177,24,0.7036249044460007,0.3895603299949548,0.0,0.0020739705159867187,1.0,2.0,1.0,0,1,0,0,1,0,0
1.0,0.16643000340200093,5.351858133476067,12.604658846527263,0.30952380952380953,24,0.5813406423159702,0.7250986791854597,0.0,0.3531675968219897,1.0,2.0,2.0,0,0,0,1,1,0,0
1.0,-0.06268153990329568,3.8918202981106265,12.082944333680205,0.5,24,0.7198937731614823,0.30717804885462585,0.0,0.0,1.0,2.0,1.0,0,1,0,0,1,0,0
1.0,-0.5188569273696885,6.38856140554563,11.722377163751363,0.013468013468013467,24,0.6933420709889543,0.7510243008321961,0.0,0.03419257722550551,1.0,1.0,1.0,0,1,0,0,1,0,0
1.0,0.04907662632594276,4.48863636973214,11.854488132427011,0.09090909090909091,24,0.7182853934323707,0.5180416587995625,0.0,0.0,1.0,2.0,2.0,0,1,0,0,1,0,0
1.0,0.34151975100629306,4.787491742782046,12.17745156399531,0.3445378151260504,24,0.3471401756009108,0.6214250862199235,0.0,0.0,1.0,2.0,2.0,0,1,0,0,1,0,0
1.0,0.7522610559609677,2.4849066497880004,10.050342854520855,0.09090909090909091,24,0.05268396715526795,0.28256210997291886,0.0,0.0,2.0,2.0,2.0,0,1,0,0,1,0,0
1.0,-0.16414292843224315,5.648974238161206,11.115679578202263,0.21201413427561838,24,0.2931519767767725,0.7834816486010057,0.0,0.0,1.0,2.0,2.0,0,0,0,0,1,0,0
1.0,-0.29834516535245686,4.219507705176107,12.089516357111613,0.7611940298507462,25,0.5896247669646785,0.5775295549556356,0.0,0.0,1.0,2.0,2.0,0,1,0,0,1,0,0
1.0,0.6131248767984726,1.6094379124341003,14.548561992049006,0.75,24,0.46063320932351376,0.7274548580687354,0.0,0.0,1.0,2.0,2.0,0,1,0,0,1,0,0
1.0,0.18259662953448286,4.574710978503383,11.957315235468526,0.9479166666666666,24,0.24803855713152337,0.4633927421026297,0.3,250.63997751775585,2.0,2.0,2.0,0,0,0,1,1,0,0
1.0,-0.3917593712815346,5.8289456176102075,10.780659730050415,0.02064896755162242,24,0.232412291406791,0.6379200514276504,0.0,0.002553294106392578,1.0,2.0,2.0,0,0,0,0,1,0,0
1.0,-0.15100495537566408,3.8918202981106265,11.3434154882836,0.2708333333333333,24,0.328459203517773,0.6229513901915524,0.0,0.0,1.0,2.0,1.0,0,0,0,0,1,0,0
1.0,0.0025125877905725624,5.805134968916488,12.388342035807387,0.256797583081571,24,0.22438563062114297,0.8938695375903917,0.0,0.2867664982811143,1.0,2.0,1.0,0,1,0,0,1,0,0
1.0,-0.14771300009322813,2.70805020110221,11.934211896134443,0.42857142857142855,24,0.1489965600699346,0.690821312647207,0.0,0.0,1.0,2.0,2.0,0,1,0,0,1,0,0
1.0,-0.3998215812865844,4.543294782270004,11.524430745104599,0.9032258064516129,24,0.5237066774886506,0.8817500757903992,0.0,0.0007918910215511082,1.0,2.0,2.0,0,1,0,0,1,0,0
1.0,-0.3620816244149099,3.912023005428146,11.696648250468897,0.12244897959183673,24,0.5288796456950516,0.5604774365527234,0.0,0.0,1.0,2.0,1.0,0,1,0,0,1,0,0
1.0,0.4951843158227612,3.6635616461296463,13.332652324332335,0.5789473684210527,24,0.5962159334788966,0.546397201234003,1.0,0.006380076721791164,1.0,2.0,1.0,0,1,0,0,0,0,0
1.0,-0.22256012093985403,4.430816798843313,12.11926039438728,0.012048192771084338,23,0.7339053558721398,0.3550162967339382,0.0,0.009930831134501083,1.0,1.0,1.0,0,1,0,0,1,0,0
1.0,-0.5456760444955843,4.343805421853684,11.765218639269147,0.0,24,0.5822688547119373,0.6575735557009407,0.0,0.0,1.0,2.0,1.0,0,1,0,0,1,0,0
1.0,0.40216889082786866,3.6888794541139363,12.011924350839639,0.4358974358974359,23,0.7904357400067356,0.5443531137036587,0.8,0.003199064585026329,1.0,2.0,1.0,0,1,0,0,1,0,0
1.0,-0.5076948392689137,3.7376696182833684,10.619903965523049,0.04878048780487805,23,0.6261063836394976,0.7925136187512213,0.0,0.0,1.0,2.0,1.0,0,1,0,0,1,0,0
1.0,0.9166641248814265,4.653960350157523,12.365709471427614,0.08653846153846154,23,0.2615175709145999,0.6107595067700451,0.0,6.631374595575887,1.0,2.0,1.0,0,0,0,1,1,0,0
1.0,-0.5459253834496782,4.30406509320417,11.262213770859855,0.1095890410958904,24,3.316115076789963,0.9320979918072608,0.0,0.0,1.0,2.0,1.0,0,1,0,0,1,0,0
1.0,0.02848778468421118,6.892641641172089,11.299395664891055,0.14735772357723578,24,0.2547942235163014,0.6570921971538307,1.0,0.0,1.0,2.0,2.0,0,0,0,0,1,0,0
1.0,0.025567349598646,4.634728988229636,12.793193511495314,0.0784313725490196,24,0.20950799420444444,0.6468938744408096,0.0,0.13348685407630292,1.0,2.0,1.0,0,1,0,0,1,0,0
1.0,0.0033795286441430927,5.231108616854587,12.222650888642287,0.1989247311827957,23,0.6943343703266546,0.4082821578584655,1.0,0.055773411803954884,1.0,2.0,1.0,0,1,0,0,1,0,0
1.0,-0.21195530531470885,3.091042453358316,11.532524056513221,0.6190476190476191,23,0.7378970450995846,0.7927568079449294,0.0,0.009955318249209026,1.0,2.0,1.0,0,1,0,0,1,0,0
1.0,-0.39464668289126725,7.823245690685523,10.948062909156189,0.09571485782939528,23,0.24586840357266704,0.587442976892652,1.0,0.0008128726251458723,1.0,2.0,1.0,0,0,0,0,1,0,0
1.0,-0.3948587171111937,5.82600010738045,11.622526400403613,0.023668639053254437,23,0.5940256117586588,0.20169203040068587,0.0,0.0,1.0,2.0,2.0,0,1,0,0,1,0,0
1.0,-0.15948984001540867,4.406719247264253,12.226404181585952,0.654320987654321,23,0.4892211276863865,0.625245385482712,0.0,0.00017513079323431885,1.0,2.0,2.0,0,1,0,0,1,0,0
1.0,-0.56923163743284,3.4657359027997265,12.220263573096608,0.0,23,0.5307375654582677,0.6323564302274918,0.0,0.018288869602486497,1.0,2.0,2.0,0,1,0,0,1,0,0
1.0,0.07522578551026987,3.912023005428146,12.654063178130261,0.061224489795918366,23,0.19886240890618895,0.4206755563773046,0.0,0.0001878481593411186,1.0,2.0,2.0,0,0,0,0,1,0,0
1.0,-0.40576509027861535,5.5093883366279774,12.246611536565785,0.3130081300813008,23,0.6015108105849172,0.57789062673983,0.0,0.0,1.0,2.0,1.0,0,1,0,0,1,0,0
1.0,-0.5755651459836151,4.875197323201151,11.197286892571356,0.06153846153846154,23,0.7023075790985788,0.6448784414500095,0.0,0.0,1.0,2.0,1.0,0,1,0,0,1,0,0
1.0,-0.5000546708765936,5.488937726156687,10.857321322301091,0.46473029045643155,23,0.4040198936254574,0.7071068150020079,0.0,0.0,1.0,2.0,1.0,0,0,0,0,1,0,0
1.0,-0.33645329885862363,2.70805020110221,11.824919415521297,0.21428571428571427,23,-0.18196342299114954,0.7921583861892062,0.0,0.0,1.0,2.0,1.0,0,1,0,0,1,0,0
1.0,0.3710188874849641,3.6375861597263857,13.117510323065702,0.2702702702702703,23,0.6098655341280397,0.21253564357839283,0.0,0.0,1.0,2.0,2.0,0,1,0,0,1,0,0
1.0,-0.13268904381472346,4.736198448394496,12.520238096148779,0.7699115044247787,22,0.6586031697790593,0.9335233431260911,0.0,0.006103371836517713,1.0,2.0,1.0,0,1,0,0,1,0,0
1.0,-0.14408039141859513,4.48863636973214,12.297251161257506,0.4431818181818182,22,0.38020565858343264,0.9824413145832115,0.2,0.0,1.0,2.0,2.0,0,1,0,0,1,0,0
1.0,-0.5880547380949774,4.290459441148391,11.003404314083486,0.20833333333333334,22,0.334478869392846,0.7160055548787014,0.0,0.9428441750618187,1.0,2.0,2.0,0,0,1,0,1,0,0
1.0,-0.20249097833690674,4.3694478524670215,11.23986351711789,0.1282051282051282,22,0.4843740989261394,0.4024963957683844,0.0,0.006280544513352898,1.0,2.0,1.0,0,0,0,0,1,0,0
1.0,-0.44502415325228883,3.5553480614894135,13.076273118150429,0.23529411764705882,22,0.19190662818860305,0.867025530155017,0.0,0.0,2.0,2.0,2.0,0,1,0,0,1,0,0
1.0,0.5050665588300609,3.784189633918261,11.441476423419475,0.6046511627906976,22,0.12871615333009673,0.629322246215447,0.0,640.1342347162104,2.0,2.0,1.0,0,0,0,1,1,0,0
1.0,-0.14499150237668346,5.7899601708972535,12.236666679201496,0.3220858895705521,22,0.40045915382464353,0.5675658508698044,0.0,0.010149238385828954,1.0,2.0,1.0,0,1,0,0,1,0,0
1.0,-0.15566420915875936,6.376726947898627,13.123696365922665,0.044293015332197615,22,0.44800714830963567,0.7490376684197231,1.0,0.009424628964447885,1.0,2.0,1.0,0,1,0,0,0,0,0
1.0,1.20242949814375,2.6390573296152584,14.705840655956449,0.7692307692307693,22,0.664862559395583,0.7416170473832736,0.0,0.040163245887911744,1.0,2.0,2.0,0,1,0,0,1,0,0
1.0,-0.49008414982010634,3.6635616461296463,10.0798704577625,0.05263157894736842,22,0.5150667269582291,0.9541675031602913,0.0,0.0,2.0,2.0,2.0,0,1,0,0,0,0,0
1.0,-0.37046538187829164,4.61512051684126,11.812734902755603,0.57,22,0.6851182118977722,0.6139862607325061,0.0,0.0,1.0,2.0,1.0,0,1,0,0,1,0,0
1.0,-0.1930690129307582,3.784189633918261,12.43233551276249,0.13953488372093023,22,0.6430698059929042,0.43833890571391104,0.0,0.011321555126876479,1.0,1.0,1.0,0,1,0,0,1,0,0
1.0,-0.2875633617411525,3.8918202981106265,11.762300768993983,0.7708333333333334,22,0.49414835294844245,0.690856208168782,0.0,0.11605301974798549,1.0,2.0,1.0,0,1,0,0,1,0,0
1.0,-0.6418735626842405,4.634728988229636,11.123374812167464,0.08823529411764706,21,0.09518489727928929,0.914746340343628,0.0,0.0,2.0,2.0,1.0,0,1,0,0,1,0,0
1.0,-0.5745409621706714,5.4638318050256105,11.475410672927035,0.1276595744680851,21,0.6777654418965925,0.7673695362110732,0.0,0.0,2.0,2.0,2.0,0,1,0,0,1,0,0
1.0,-0.1825257408170565,3.6635616461296463,12.479733490221015,0.07894736842105263,21,0.634107019509305,0.16065042700785262,0.0,0.0,1.0,2.0,2.0,0,1,0,0,1,0,0
1.0,0.09034602252786425,2.833213344056216,13.879488433688321,0.375,21,0.5186554796369753,0.7470491001246696,0.0,0.11117291125559238,2.0,2.0,1.0,0,1,0,0,1,0,0
1.0,-0.48641077154476153,6.133398042996649,11.5696186655428,0.12391304347826088,21,0.46424867863041436,0.5188756005230516,0.0,0.11936087016343674,1.0,2.0,2.0,1,0,0,0,0,0,0
1.0,-0.25726393714559026,3.713572066704308,12.490548050866096,0.15,22,0.3587804560280325,0.4489293510815965,0.0,0.0,2.0,2.0,1.0,0,0,0,0,1,0,0
1.0,-0.40683443138070063,4.718498871295094,11.365247425968448,0.009009009009009009,21,0.8096053358161753,0.2843830647944639,0.0,0.009343814954609902,1.0,1.0,1.0,0,1,0,0,1,0,0
1.0,-0.011354700172472823,2.995732273553991,13.253302254467876,1.0,21,0.5723138733811358,0.8799148177216151,0.0,0.0,1.0,2.0,2.0,0,1,0,0,1,0,0
1.0,-0.527983014881865,2.995732273553991,12.060000387558695,0.15789473684210525,21,0.2684083868420877,0.6830716089297445,0.0,0.0,2.0,2.0,2.0,0,1,0,0,1,0,0
1.0,-0.4988931453150598,4.343805421853684,10.525238717912337,0.19736842105263158,21,0.7313866597552084,0.8280790984604198,0.0,0.0,1.0,2.0,2.0,0,1,0,0,1,0,0
1.0,-0.548390599752419,4.9344739331306915,10.152522855792931,0.11594202898550725,21,0.49842564623878105,0.8549091828361846,0.0,0.0,1.0,2.0,2.0,0,1,0,0,1,0,0
1.0,-0.07245403381141496,2.302585092994046,14.116773244996237,0.7777777777777778,21,0.5757521429361999,0.9328358024904493,0.0,0.014552785033639144,1.0,2.0,1.0,0,1,0,0,1,0,0
1.0,-0.28715228847205654,3.7376696182833684,11.584828569163689,0.04878048780487805,21,0.179755309601937,0.6848077421129698,0.0,0.0,1.0,2.0,1.0,0,0,0,0,1,0,0
1.0,-0.5652374949518255,4.912654885736052,10.682324202800515,0.1037037037037037,21,0.7485920869346121,0.878976038043227,0.0,0.0,1.0,2.0,2.0,0,1,0,0,1,0,0
1.0,-0.5574323750674505,4.2626798770413155,12.243891277325504,0.11428571428571428,21,0.20009944412707487,0.9118615250974412,1.0,3.799407430243224e-05,1.0,2.0,2.0,0,1,0,0,1,0,0
1.0,0.4948975278006751,3.7612001156935624,12.601915015946068,0.7142857142857143,21,0.30850653576842285,0.728863245698294,1.0,0.0,1.0,2.0,1.0,0,1,0,0,1,0,0
1.0,-0.07202876219296739,3.4657359027997265,12.611956590645056,0.3870967741935484,21,0.7242950702309698,0.6102266101238571,0.0,0.027070855738105918,1.0,2.0,1.0,0,1,0,0,1,0,0
1.0,-0.31840148784236844,4.394449154672439,12.712282118748464,0.0375,21,0.5404078797346986,0.7502391615540112,0.4,0.0,1.0,2.0,1.0,0,0,0,0,1,0,0
1.0,-0.3481778027610876,4.867534450455582,11.666057952196681,0.14728682170542637,20,0.3259914088761789,0.7358668746763706,0.0,0.0,1.0,1.0,2.0,0,0,0,0,1,0,0
1.0,-0.25867168186324907,4.174387269895637,11.524543958122107,0.109375,20,0.6765434787117112,0.511837408459475,0.0,0.0,1.0,2.0,1.0,0,1,0,0,0,0,0
1.0,0.09312544154296773,4.356708826689592,12.626434938803424,0.22077922077922077,20,0.2520523178438847,0.585478318754973,0.0,0.07276994185596018,1.0,2.0,2.0,1,0,0,0,1,0,0
1.0,-0.3488586550814562,3.4011973816621555,12.421494460827944,0.4482758620689655,20,0.2843114453979968,0.5844721667609092,0.0,0.010382111956006638,1.0,1.0,1.0,0,1,0,0,1,0,0
1.0,-0.42560672887427353,2.6390573296152584,12.98119941419558,0.46153846153846156,20,0.3523447250709607,0.8575162085537792,0.0,0.0037104365962591077,1.0,2.0,1.0,0,1,0,0,1,0,0
1.0,0.23049930995365545,5.3471075307174685,12.626425234776415,0.06220095693779904,20,0.10711872885962595,0.5538674214807463,1.0,0.008316151698991858,1.0,1.0,2.0,0,0,0,0,1,0,0
1.0,-0.20192894661257432,4.962844630259907,12.053844822401253,0.04225352112676056,20,0.5939268013151532,0.8228202729954053,0.0,0.006509719092933911,1.0,2.0,1.0,0,1,0,0,1,0,0
1.0,-0.10971804780461225,4.553876891600541,11.682012489992433,0.07446808510638298,20,0.3002449429729596,0.914390684397325,1.0,0.014741324194491303,1.0,2.0,2.0,0,1,0,0,1,0,0
1.0,0.8529550876516498,3.1780538303479458,13.540823681007305,0.7391304347826086,20,0.05070139136194826,0.9253325506805,0.0,0.005122541303663455,1.0,2.0,2.0,0,0,1,0,1,0,0
1.0,0.3634521673315856,5.062595033026967,12.514660520745092,0.12738853503184713,20,0.09883951995269553,0.7777609490533538,0.0,0.0,1.0,2.0,2.0,0,0,0,0,1,0,0
1.0,-0.5326158436364447,4.2626798770413155,11.056417106398895,0.7285714285714285,20,0.5081514132427248,0.5256681216641275,0.0,0.01790463799979321,1.0,2.0,2.0,0,1,0,0,1,0,0
1.0,-0.5317354533196135,3.4965075614664802,11.597268336748083,0.15625,20,0.5440079126447965,0.6017131906430827,0.0,0.0017366561669767578,1.0,2.0,2.0,0,1,0,0,1,0,0
1.0,-0.4712684004613485,3.6888794541139363,10.396527482857449,0.07692307692307693,20,0.7908228339627476,0.5668473443358255,0.0,0.0,2.0,2.0,2.0,0,1,0,0,1,0,0
1.0,-0.44838346961009623,3.6109179126442243,11.900171724276012,0.1388888888888889,20,0.4881070727153699,0.8163707764282817,0.0,0.0,1.0,2.0,1.0,0,1,0,0,1,0,0
1.0,-0.599018721298399,6.095824562432225,8.769003609039277,0.09480812641083522,20,0.5570965885641149,0.46447572983547264,0.15,21.902057931918645,1.0,2.0,1.0,0,0,0,1,1,0,0
1.0,-0.3539862998407409,4.5217885770490405,10.889538041252656,0.18681318681318682,20,0.3618082091708652,0.62706909228354,0.0,0.0,1.0,1.0,1.0,0,1,0,0,1,0,0
1.0,-0.16429912147503,4.143134726391533,11.924916758013307,0.12903225806451613,20,0.7369687401108955,0.7577572715239995,0.0,0.002464485425163044,1.0,2.0,1.0,0,1,0,0,1,0,0
1.0,0.42201996023183325,2.3978952727983707,14.209742610880054,0.7,19,0.22390940947576413,0.8930011298885004,0.0,0.10145982775508097,1.0,2.0,2.0,0,1,0,0,1,0,0
1.0,1.1933884970402149,1.791759469228055,14.840607478341482,0.8,19,-0.09882347963711435,0.8427602187385174,0.0,0.04500167417223952,2.0,2.0,1.0,0,1,0,0,1,0,0
1.0,-0.25377039112959293,4.59511985013459,11.74534520603354,0.21428571428571427,19,0.7732288713379236,0.5050125913291941,0.0,0.0,1.0,2.0,1.0,0,1,0,0,1,0,0
1.0,-0.570513532780481,4.30406509320417,11.174057374279993,0.2602739726027397,19,0.3819220921869076,0.866917672661141,0.0,0.0,1.0,2.0,2.0,0,1,0,0,1,0,0
1.0,-0.31041579429665006,4.8283137373023015,11.502491298539114,0.06451612903225806,19,0.2696229817906688,0.6843796819617372,0.0,0.12334310581000854,2.0,2.0,1.0,0,0,1,0,1,0,0
1.0,0.2371631248561406,2.70805020110221,13.101537881442027,0.42857142857142855,19,0.6049452876022375,0.5784788311649478,0.0,0.0,1.0,2.0,2.0,0,1,0,0,1,0,0
1.0,-0.4636437182461667,4.04305126783455,12.076080695966077,0.25,19,0.6399667782770045,0.8361533843662822,0.0,0.003179308596022728,1.0,2.0,2.0,0,1,0,0,1,0,0
1.0,-0.6067784751718102,4.875197323201151,11.227995192584887,0.15384615384615385,19,0.4639356871178935,0.528256513395011,0.0,0.055358315260410365,1.0,2.0,2.0,0,1,0,0,1,0,0
1.0,-0.25139676829506846,5.393627546352362,10.818437294360697,0.3105022831050228,19,0.6981573254594006,0.7055362146890743,1.0,0.0,2.0,2.0,1.0,0,1,0,0,1,0,0
1.0,1.8385672605365047,3.1354942159291497,13.151582669238508,0.22727272727272727,19,0.39827066367305064,0.8271630597277164,1.0,0.0,1.0,2.0,1.0,0,1,0,0,1,0,0
1.0,-0.49511404938009707,4.709530201312334,12.159782936705964,0.01818181818181818,19,0.48259817778619074,0.7027335323139405,0.0,0.0040337190111867935,1.0,2.0,1.0,0,1,0,0,1,0,0
1.0,-0.6316774055185499,6.513230110912307,8.880854727161932,0.014858841010401188,19,0.6834548492594664,0.8474130986640354,0.5,4.860013012361744,1.0,2.0,2.0,0,0,0,1,1,0,0
1.0,-0.1449326288128463,6.115892125483034,12.34408229362641,0.07300884955752213,19,0.24089692012902142,0.676010355188708,1.0,0.00153772026311129,1.0,1.0,1.0,0,0,0,0,1,0,0
1.0,0.15160494401512992,3.8501476017100584,11.649369432579464,1.0,19,0.22219563670429537,0.7591970383301365,0.8,1145.6766797271803,2.0,2.0,1.0,0,0,0,1,1,0,0
1.0,-0.36922042852056336,5.3471075307174685,11.82401146846094,0.009569377990430622,19,0.6679248686656919,0.5242536380150289,0.0,0.0026440361896568287,1.0,2.0,2.0,0,1,0,0,1,0,0
1.0,-0.07671238994672688,6.270988431858299,11.559291444981913,0.13825757575757575,19,0.09862942354659528,0.7928013979435365,0.0,0.060799939787194286,1.0,1.0,1.0,0,0,0,0,1,0,0
1.0,1.0208366883461442,3.6375861597263857,12.696438827425592,0.32432432432432434,19,0.2426535070711747,0.37088591766294726,0.0,0.0,1.0,2.0,2.0,0,0,0,0,1,0,0
1.0,-0.6161965568293484,4.875197323201151,10.77940666922326,0.14615384615384616,20,0.38342340146415277,0.8787756414271368,0.0,0.0,1.0,2.0,1.0,0,1,0,0,1,0,0
1.0,0.245689152481783,1.9459101490553132,12.605952183343726,0.16666666666666666,18,0.28934322413059904,0.5532227391774601,0.0,0.0,1.0,2.0,1.0,0,1,0,0,1,0,0
1.0,5.914200771865216,0.6931471805599453,17.115238215383865,1.0,18,0.5502317235328948,0.7171556954546268,0.0,0.0013048030908362604,2.0,2.0,1.0,0,1,0,0,1,0,0
1.0,-0.5062978252390555,3.295836866004329,11.768341385151965,0.038461538461538464,18,0.6323265201427133,0.8114676589494633,0.0,0.0,1.0,2.0,2.0,0,1,0,0,1,0,0
1.0,0.16411108369218952,3.6635616461296463,11.742605292424471,0.21052631578947367,18,0.2839852534996651,0.7022579061644877,0.0,0.0,1.0,2.0,2.0,0,0,0,0,1,0,0
1.0,0.06686581609206055,1.791759469228055,13.029784384511219,0.0,18,0.05659010550253135,0.831718107293836,0.0,0.0,1.0,2.0,2.0,0,1,0,0,1,0,0
1.0,-0.07823616666698424,4.127134385045092,11.776692905937319,0.5245901639344263,18,0.6708890170082363,0.5138350303749846,0.0,0.04916726641022459,1.0,2.0,1.0,0,1,0,0,1,0,0
1.0,-0.4355333164366525,6.535241271013659,11.57590187456814,0.0755813953488372,18,0.21399840205005033,0.9143502726779046,0.0,0.15279861180043805,1.0,2.0,2.0,0,0,1,0,1,0,0
1.0,-0.6192043892601362,4.31748811353631,9.953250859522074,0.3108108108108108,19,0.7500498881586802,0.7831596096021766,0.0,0.0,1.0,2.0,1.0,0,1,0,0,1,0,0
1.0,-0.07468252983177778,2.9444389791664403,11.87820572121865,0.05555555555555555,18,0.6390516246763477,0.5129648207881297,0.0,0.0,2.0,2.0,1.0,0,1,0,0,1,0,0
1.0,-0.6192118587327045,4.663439094112067,10.955528380557487,0.10476190476190476,18,0.6620523236470166,0.7640042226945887,0.0,0.0,1.0,2.0,1.0,0,1,0,0,1,0,0
1.0,-0.5648124254643523,4.532599493153256,9.691611802185662,0.13043478260869565,18,0.5363976344386054,0.7982497507705288,0.0,0.0,1.0,2.0,2.0,0,1,0,0,1,0,0
1.0,0.34692804748674944,2.9444389791664403,12.131099127959898,0.5555555555555556,18,0.8096972903268471,0.8183225661964098,0.0,0.0,1.0,2.0,2.0,0,1,0,0,1,0,0
1.0,-0.138343735593081,3.912023005428146,11.709897175481391,0.2857142857142857,17,0.644621001684585,0.6938740964897344,0.0,0.0,1.0,1.0,2.0,0,1,0,0,1,0,0
1.0,-0.1655966673105208,6.6039438246004725,12.980041673845813,0.023066485753052916,17,0.686195436560257,0.5515002246860501,1.0,2.4358574410538,1.0,2.0,2.0,0,0,0,1,1,0,0
1.0,-0.4148648841964763,3.1780538303479458,11.480215407081873,0.5652173913043478,17,0.13525564559772515,0.701437266870354,1.0,0.0,1.0,2.0,1.0,0,1,0,0,1,0,0
1.0,-0.476840377497153,4.6913478822291435,10.954142108245566,0.5,17,0.43858445083532466,0.20720428854068512,0.0,3.7248803999454534,1.0,1.0,2.0,0,0,0,1,1,0,0
1.0,-0.18601427626185194,4.454347296253507,11.822893669960003,0.788235294117647,17,0.6556875670544932,0.6791700679802497,0.0,0.0,1.0,1.0,1.0,0,1,0,0,1,0,0
1.0,0.12760566388286593,2.8903717578961645,12.751067614523716,0.35294117647058826,17,0.4184712013917673,0.6688243205308937,0.0,0.0,1.0,2.0,2.0,0,1,0,0,1,0,0
1.0,0.5219981396049984,7.098375638590786,12.761762666108982,0.30851943755169564,17,0.3338876195923686,0.8345419941835559,0.05,0.003493077803549949,1.0,2.0,1.0,0,1,0,0,1,0,0
1.0,-0.35222608246715825,3.367295829986474,12.281694993397132,0.03571428571428571,17,0.45639435765971686,0.6041893871750122,0.0,0.0,1.0,2.0,2.0,0,1,0,0,1,0,0
1.0,0.11087502592991351,3.6635616461296463,13.395929724331946,0.5789473684210527,17,0.4514790629488426,0.587893111151404,0.0,0.0,1.0,2.0,2.0,0,1,0,0,1,0,0
1.0,-0.23089837036644362,4.634728988229636,11.576752703794735,0.43137254901960786,17,0.24007353307403567,0.8351692147339232,0.0,0.0,1.0,2.0,1.0,0,0,0,0,1,0,0
1.0,-0.3515219731937803,3.713572066704308,11.350183863624094,0.15,17,0.4902395658585089,0.49061147569003677,0.76,0.02602140013888195,1.0,2.0,2.0,0,1,0,0,1,0,0
1.0,-0.3910123950749782,3.367295829986474,12.89430796117982,0.10714285714285714,16,0.3034161207196591,0.4572716928183827,0.0,0.0,2.0,2.0,2.0,0,1,0,0,1,0,0
1.0,0.062297937980423046,4.727387818712341,12.783481665327123,0.10714285714285714,16,0.12749346950931248,0.6779395105081305,0.92,0.0,1.0,2.0,2.0,0,0,0,0,1,0,0
1.0,-0.5041290706588105,4.418840607796598,11.993391926535978,0.036585365853658534,16,0.4975994032319302,0.7705756962767362,0.0,0.0,1.0,2.0,1.0,0,1,0,0,1,0,0
1.0,-0.4951389181135971,4.7535901911063645,11.36850056790003,0.12173913043478261,16,0.5543001690775954,0.8730952670875897,0.0,0.0,1.0,1.0,1.0,0,1,0,0,1,0,0
1.0,0.21190335329138027,3.9318256327243257,12.682753867445111,0.36,16,0.17762080810543682,0.9148948705944174,1.0,0.0,1.0,2.0,1.0,0,0,0,0,1,0,0
1.0,-0.2819012512987399,3.1354942159291497,12.292299548233629,0.45454545454545453,16,0.301332258412387,0.6025661073505061,0.0,0.0,2.0,2.0,2.0,0,1,0,0,1,0,0
1.0,-0.43141061209983483,6.956545443151569,10.771169097190514,0.0667302192564347,16,0.11821393916518966,0.5456779115720373,1.0,0.0,1.0,2.0,1.0,0,0,0,0,1,0,0
1.0,-0.0034143353303202617,3.9512437185814275,12.630734597074422,0.7058823529411765,15,0.7195812717915517,0.6476612890919488,0.75,0.1511674731797936,1.0,2.0,2.0,0,1,0,0,1,0,0
1.0,-0.47183256302827986,5.087596335232384,8.734267180020701,0.024844720496894408,15,0.19416396116705067,0.0,0.0,0.0,1.0,2.0,2.0,0,0,0,0,1,0,0
1.0,-0.3570995596762861,4.709530201312334,11.769953489026397,0.15454545454545454,15,0.6360619942357545,0.9050964282713778,0.0,0.004975339594975237,1.0,2.0,1.0,0,1,0,0,1,0,0
1.0,-0.614616035541949,4.770684624465665,11.126042783001937,0.042735042735042736,15,0.38825146993728527,0.8733765314432178,0.0,0.0,1.0,2.0,2.0,0,1,0,0,1,0,0
1.0,-0.36107637721905195,4.948759890378168,12.224945428890736,0.10714285714285714,15,0.6918870177652218,0.6355852225517707,0.0,11.73135303859179,1.0,2.0,2.0,0,0,0,0,1,0,0
1.0,-0.20906073894176677,3.6109179126442243,11.023936074702195,0.16666666666666666,15,0.5234054431147995,0.29069657359480605,0.0,0.0,1.0,2.0,1.0,0,1,0,0,0,0,1
1.0,-0.5754771257192698,4.0943445622221,10.779326630909846,0.3389830508474576,15,0.47005857482832863,0.8736155087028192,0.0,0.0,1.0,2.0,1.0,0,1,0,0,1,0,0
1.0,-0.30353718579092426,4.04305126783455,8.449762874015756,0.44642857142857145,15,0.6823655654980549,28.4087455958668,0.0,0.0,1.0,2.0,2.0,0,1,0,0,1,0,0
1.0,-0.18916721971651612,4.189654742026425,12.251223374469433,0.4307692307692308,15,0.6458704253896611,0.28236191326588944,0.0,0.0,1.0,2.0,2.0,0,1,0,0,1,0,0
1.0,-0.4228760676084098,4.653960350157523,11.176690469435892,0.11538461538461539,15,0.3952694271265154,0.6965890692481929,0.0,0.0,1.0,2.0,2.0,0,0,0,0,1,0,0
1.0,-0.3525233143944416,1.6094379124341003,12.572337706938171,0.0,15,0.6355579846001647,0.800361567114379,0.0,0.0,1.0,2.0,2.0,0,1,0,0,1,0,0
1.0,-0.4966917413987827,3.7612001156935624,10.817115695244627,0.09523809523809523,14,0.622519580414677,0.9210418005571116,0.0,0.0,1.0,2.0,1.0,0,1,0,0,1,0,0
1.0,0.8829117840066568,3.2188758248682006,12.497414263668885,0.5833333333333334,14,0.6113121420864802,0.8519640566425467,0.0,0.0,1.0,2.0,2.0,0,1,0,0,1,0,0
1.0,-0.4496701573661838,4.6443908991413725,12.303078298064092,0.0970873786407767,14,0.43485639332783244,0.7869394818098885,0.0,0.0,1.0,2.0,2.0,0,1,0,0,1,0,0
1.0,-0.11411401192534573,3.912023005428146,12.172338145347483,0.3469387755102041,14,0.27439638383874715,0.6125359859932599,0.0,69.2462648826106,1.0,2.0,1.0,0,0,0,1,1,0,0
1.0,-0.44264381124316937,2.833213344056216,0.0,0.0,27,0.15823775372582022,0.0,0.0,0.0,2.0,2.0,2.0,0,1,0,0,0,0,0
1.0,-0.5961587052759103,3.044522437723423,11.555770851052413,0.1,21,0.7532701055801424,0.8433696617011563,0.0,0.0,1.0,2.0,2.0,0,1,0,0,0,0,0
1.0,-0.5408120688065245,2.302585092994046,11.326069643919576,0.0,18,0.5570406169937868,0.772970192794516,0.0,0.0,1.0,2.0,2.0,0,1,0,0,0,0,0
1.0,-0.6723463489029058,3.1780538303479458,12.000304972858972,0.0,22,0.9235621355232797,0.6052024861135554,0.0,0.0,1.0,2.0,2.0,0,1,0,0,0,0,0
1.0,-0.5606382457642631,6.161207321695077,10.815952752282774,0.08668076109936575,49,0.5177029642524683,0.5933001788768443,0.0,0.0031899411054401926,1.0,2.0,1.0,0,0,0,0,0,0,0
1.0,-0.5864107831413607,3.4011973816621555,11.2053071287071,0.034482758620689655,48,0.49533493612101587,0.10986525105779021,0.0,0.05615083142740449,1.0,2.0,2.0,0,1,0,0,0,0,0
1.0,-0.14022499727381538,5.659482215759621,11.394675121716082,0.17132867132867133,40,0.20066029285793152,0.5495820375702394,0.0,0.0010735186595074058,1.0,2.0,1.0,0,0,0,0,0,0,0
1.0,-0.1684332158561497,5.733341276897746,11.931325579979053,0.12987012987012986,38,0.39123455072280156,0.3305820702648658,0.05,0.0,1.0,1.0,1.0,0,0,0,0,0,0,0
1.0,-0.3260301944009062,4.5217885770490405,13.033531202909405,0.2967032967032967,38,0.2652988998728864,0.5437580071410301,0.0,0.1924034870898834,1.0,2.0,1.0,0,1,0,0,0,0,0
1.0,-0.36640990297496784,4.653960350157523,12.54662090453351,0.4230769230769231,36,0.6745424953569017,0.5848176835517916,0.0,0.05787887157728514,2.0,2.0,2.0,0,1,0,0,0,0,0
1.0,-0.6720177740454609,5.389071729816501,10.162530322468639,0.19724770642201836,25,0.7494229191566016,0.525732135690877,0.0,0.0,1.0,2.0,1.0,0,0,0,0,0,0,0
1.0,-0.441083607039354,3.828641396489095,11.890797966976105,0.17777777777777778,24,0.7603938843694203,0.10832315121672931,0.0,0.008143140526388913,1.0,2.0,2.0,0,1,0,0,0,0,0
1.0,-0.39968827889045366,4.9344739331306915,10.664929607416482,0.13043478260869565,24,0.8353144506403094,0.8029699048446698,0.0,0.0,1.0,2.0,2.0,0,1,0,0,0,0,0
1.0,-0.32299175999798385,3.6635616461296463,11.240051455575111,0.18421052631578946,43,0.7392859728969708,0.3702180724561872,0.0,0.0,1.0,2.0,1.0,0,1,0,0,0,0,0
1.0,-0.35695076083671917,2.1972245773362196,11.921739957622291,0.125,19,0.6203252583760328,0.4860051926133995,0.0,0.010815714306417519,2.0,2.0,2.0,0,1,0,0,0,0,0
1.0,-0.618792768586434,6.752270376141742,10.03864577904326,0.016374269005847954,10,0.5884931898438799,0.7291094569629507,0.0,0.004257076878644677,1.0,2.0,1.0,0,1,0,0,0,0,0
1.0,-0.5062298709371962,4.007333185232471,10.837426450181647,0.037037037037037035,26,0.8249836805469877,0.4068028641723365,0.0,0.0010486221498070562,1.0,2.0,1.0,0,1,0,0,0,0,0
1.0,-0.3998710114591001,5.424950017481403,12.086790151070128,0.1415929203539823,65,0.3013550889851931,0.31152554635211216,0.0,0.0008938222490155639,1.0,2.0,2.0,0,0,0,0,0,0,0
1.0,-0.2910898800676979,4.382026634673881,11.698395015215837,0.7974683544303798,52,0.3049827881237465,0.6215286507797053,0.0,2.613977758768178,1.0,2.0,2.0,0,0,0,1,0,0,0
1.0,0.3150796156258944,6.327936783729195,13.219915436528643,0.6422182468694096,51,0.40698804681903267,0.15649811572343797,0.0,745.8191631947809,1.0,1.0,2.0,0,0,0,1,0,0,0
1.0,-0.4149191415616445,5.44673737166631,10.979202529876378,0.04329004329004329,63,-0.15566642225819236,0.6427882348893971,0.0,2.926091099764015,1.0,1.0,1.0,0,0,0,1,0,0,0
1.0,-0.20262923522282522,5.849324779946859,11.525087592830918,0.34971098265895956,42,0.32289644183171823,0.6616797008985487,0.0,0.0002365443216196915,1.0,2.0,2.0,0,0,0,0,0,0,0
1.0,-0.31557536341518067,4.290459441148391,11.802902402204387,0.2777777777777778,33,0.3592027754854598,0.1535267570596667,0.0,0.8886371120559411,1.0,2.0,2.0,0,1,0,0,0,0,0
1.0,-0.4570590577402718,4.983606621708336,11.539799850514015,0.07586206896551724,29,0.7966345402956412,0.5453350652109388,0.0,0.0,1.0,2.0,1.0,0,1,0,0,0,0,0
1.0,-0.5205377135031076,3.58351893845611,8.566946157249482,0.22857142857142856,28,0.5997716154817607,14.65225784699715,0.0,0.0,1.0,1.0,1.0,0,1,0,0,0,0,0
1.0,-0.5302926573152998,4.2626798770413155,10.502910616257209,0.07142857142857142,36,0.166182557275597,1.2223222883591398,0.0,1.0436750629980867,1.0,2.0,1.0,0,0,0,1,0,0,0
1.0,-0.32847739136490484,4.31748811353631,10.883853607071785,0.6621621621621622,22,0.3892173494708057,1.1995206305065067,0.0,2.839286303652528,1.0,1.0,2.0,0,0,0,1,0,0,0
1.0,-0.35831522486854506,4.330733340286331,11.41170673065257,0.09333333333333334,20,0.7474309337306726,0.6878910111331762,0.0,0.0,1.0,2.0,2.0,0,1,0,0,0,0,0
1.0,-0.18552540385778765,4.23410650459726,11.332169975370295,0.6911764705882353,20,0.41289518679633247,0.5099748391325492,0.0,96.15596296227571,1.0,2.0,1.0,0,1,0,0,0,0,0
1.0,-0.6910956957641794,4.356708826689592,11.385073203081213,0.07792207792207792,17,0.6207180678625459,0.7203451403119486,0.0,0.0,1.0,2.0,2.0,0,1,0,0,0,0,0
1.0,-0.5640031612277613,4.189654742026425,10.830921810206169,0.23076923076923078,11,0.5426307184852512,0.8207515075977816,0.0,0.0,1.0,2.0,2.0,0,1,0,0,0,0,0
1.0,-0.6631553893769822,5.594711379601839,10.558105467405053,0.007462686567164179,15,0.5302198534464876,0.8727700683907419,0.0,0.0,1.0,2.0,2.0,0,1,0,0,0,0,0
1.0,-0.45730698681110077,3.8918202981106265,10.879703053543812,0.3125,15,0.7710946496934233,0.5430144323294226,0.0,0.0,1.0,2.0,2.0,0,1,0,0,0,0,0
1.0,-0.26838397888952026,0.6931471805599453,13.031061354197533,1.0,22,0.6661783614440565,0.3354252032342179,0.0,0.0,2.0,2.0,2.0,0,1,0,0,1,0,0
1.0,-0.6432897395623404,3.2188758248682006,11.96371654279077,0.08333333333333333,25,0.3233524136658611,0.9650604315905051,0.0,0.0,1.0,2.0,1.0,0,1,0,0,1,0,0
1.0,0.050842519718044044,2.9444389791664403,12.426532376395778,0.0,20,0.12513939188585474,0.34175913524324514,0.0,0.0,2.0,2.0,2.0,0,0,0,0,1,0,0
1.0,-0.4469829854083629,2.3978952727983707,12.893359437508883,0.0,17,0.9028611704002181,0.2708998628733921,0.0,0.0,2.0,2.0,2.0,0,1,0,0,1,0,0
1.0,-0.46270995615791977,2.995732273553991,11.563490994601239,0.0,63,0.24923539282919657,0.6863998767091346,0.0,0.15247458591055857,1.0,2.0,2.0,0,1,0,0,1,0,0
1.0,-0.5954253197624619,3.091042453358316,10.91029952635718,0.0,48,0.48485533591080415,0.08772111450497233,0.0,0.03935326558010688,1.0,2.0,2.0,0,1,0,0,1,0,0
1.0,-0.522873380892569,3.332204510175204,11.022900517850605,0.14814814814814814,59,0.19013515988011523,0.7281700435846418,0.0,0.3500227748700954,1.0,2.0,2.0,0,0,0,1,1,0,0
1.0,0.8897732803437376,4.804021044733257,12.633106874645726,0.12396694214876033,31,0.0699742143974199,0.7437638750368246,0.0,0.0,2.0,2.0,2.0,0,0,0,0,1,0,0
1.0,-0.44881849102236016,3.9512437185814275,12.538185956045487,0.7450980392156863,24,0.5672912873795176,0.7955655567628808,0.0,0.0,1.0,2.0,1.0,0,1,0,0,1,0,0
1.0,-0.19241147692018504,2.4849066497880004,12.079962478532845,0.18181818181818182,23,0.5286379532430341,0.8052340810837568,0.0,0.0,2.0,2.0,2.0,0,1,0,0,1,0,0
1.0,0.5571300388837079,3.8918202981106265,11.793158927778155,0.20833333333333334,23,0.044862787417015916,0.5271516946668517,0.0,0.0,1.0,2.0,1.0,0,0,0,0,1,0,0
1.0,-0.2551175754122185,6.815639990074331,10.88259692042261,0.24588364434687157,23,0.38938554739408704,0.5030287864500511,0.0,0.0,1.0,1.0,1.0,0,0,0,0,1,0,0
1.0,-0.4686738766014447,5.017279836814924,10.483719269068063,0.04,19,0.7574744304241336,0.6646802409386314,0.0,0.0015107814692736814,1.0,2.0,2.0,0,1,0,0,1,0,0
1.0,-0.5533258563963568,4.718498871295094,10.35850986932719,0.05405405405405406,15,0.5632975824318579,0.6620772593419055,0.0,0.0,1.0,2.0,2.0,0,1,0,0,1,0,0
1.0,-0.6170254469063738,3.4657359027997265,9.497895823508648,0.0,35,0.8486459946172311,0.7142431941923775,0.0,0.0,1.0,2.0,2.0,0,1,0,0,1,0,0
1.0,-0.5642065934257479,4.219507705176107,10.619005759551422,0.05970149253731343,13,0.6736424320081927,0.4529974315496487,0.0,0.0,1.0,2.0,2.0,0,1,0,0,1,0,0
1.0,-0.6024652077279538,3.4657359027997265,10.432215517223852,0.0,22,0.5803169769534224,0.30436857394901745,0.0,0.0,2.0,2.0,2.0,0,1,0,0,1,0,0
1.0,-0.6165323332492494,3.7376696182833684,10.284462527553563,0.1951219512195122,22,0.746532632827259,0.2184149001584733,0.0,0.0,2.0,2.0,2.0,0,1,0,0,1,0,0
1.0,-0.3358073235675705,3.784189633918261,10.528426229991533,0.0,14,0.5628863906870744,0.9098789331175501,0.0,0.0,1.0,2.0,1.0,0,1,0,0,0,0,1
1.0,-0.6603509153123868,3.367295829986474,10.835131250721838,0.10714285714285714,24,0.877120004302615,0.8301283313825237,0.0,0.0,1.0,2.0,2.0,0,1,0,0,1,0,0
1.0,-0.4442023562602573,4.499809670330265,9.943279623608836,0.0898876404494382,6,0.16029501922603945,0.7936252037476061,0.0,0.0,1.0,2.0,2.0,0,0,0,0,1,0,0
1.0,-0.43849407554067366,1.6094379124341003,12.007112430805861,0.25,17,0.4864433180210148,0.4254783714779871,0.0,0.0,1.0,2.0,1.0,0,1,0,0,1,0,0
1.0,-0.18062203009537162,6.733401891837359,12.189315147202473,0.18593563766388557,81,0.17197758811091637,0.503332238818333,0.01,0.08097560387065607,1.0,1.0,1.0,0,0,0,0,0,0,0
1.0,0.13121848917956652,7.9996785794994505,12.019619168327779,0.22188653910708292,89,0.18302625765838265,0.713911962601741,0.11,0.003270586222331949,1.0,2.0,2.0,0,0,0,0,1,0,0
1.0,-0.4546809642200207,3.258096538021482,11.034899341399758,0.16,55,0.1773563879044733,0.6125207259401674,0.0,0.3839072503893407,1.0,2.0,2.0,0,0,0,1,1,0,0
1.0,-0.272252132470026,6.152732694704104,10.532597578790458,0.13859275053304904,46,0.7645936410080302,2.474756009243315,1.0,0.0,1.0,2.0,2.0,0,1,0,0,0,0,0
1.0,-0.24731280195667096,2.6390573296152584,12.200027874194737,0.15384615384615385,62,0.0882466019774973,0.10988392295375414,0.0,0.6808499124135164,1.0,2.0,2.0,0,1,0,0,1,0,0
1.0,-0.45034799520613533,4.6443908991413725,11.297594880747184,0.2524271844660194,34,0.5022641141178061,0.6053037571792159,0.0,0.06667880921136367,1.0,2.0,1.0,0,1,0,0,1,0,0
1.0,0.6928148747806424,4.867534450455582,13.053751629293926,0.2558139534883721,32,0.545641476387944,0.5614245324517273,0.0,0.11441499346584241,1.0,2.0,1.0,0,1,0,0,1,0,0
1.0,-0.34794987302892993,5.808142489980444,11.62375045388448,0.14457831325301204,30,0.13929504719650057,0.7302684094257946,0.0,0.09393600343525371,1.0,2.0,1.0,0,0,0,0,1,0,0
1.0,-0.4660815183066822,7.9208096792886,10.915201881155513,0.04286233200145296,26,0.0971607974387644,0.5256421801942965,0.0,0.0,1.0,2.0,2.0,0,0,0,0,1,0,0
1.0,-0.5714598439527588,5.5053315359323625,11.22705687641377,0.1836734693877551,25,0.5960047504481987,0.7379447143617367,0.0,0.0,1.0,2.0,1.0,0,1,0,0,1,0,0
1.0,0.49995884452602435,2.302585092994046,12.801327036440304,0.4444444444444444,23,0.5960124573748842,0.722920879569963,0.0,0.0,1.0,2.0,2.0,0,1,0,0,1,0,0
1.0,0.39629143277748924,3.713572066704308,12.75563124333175,0.0,21,0.008684389432702706,0.6888866522148664,0.9,0.04284355533580345,1.0,2.0,2.0,0,0,0,0,1,0,0
1.0,-0.4948617599986884,3.8066624897703196,11.49249337141991,0.20454545454545456,21,0.6040877250839987,0.6776201256005903,0.0,0.07272549154142764,1.0,2.0,1.0,0,1,0,0,1,0,0
1.0,-0.43407295744118424,3.9512437185814275,11.313106541723359,0.19607843137254902,20,0.6487282213293037,0.6681748044648861,0.0,0.007362667616149785,1.0,2.0,2.0,0,1,0,0,1,0,0
1.0,-0.48710253896597544,6.831953565565855,10.499147687798219,0.020518358531317494,19,0.7285826406309986,0.6279276386085364,0.0,0.0037762050818692305,1.0,1.0,2.0,0,1,0,0,1,0,0
1.0,-0.5241318394145775,3.871201010907891,11.703324242092133,0.06382978723404255,19,0.4535426127958146,0.4944945145648912,0.0,0.0,1.0,2.0,1.0,0,1,0,0,1,0,0
1.0,-0.6620541413144235,3.6375861597263857,11.556505684520506,0.02702702702702703,19,0.3823225836720092,0.6743947577802071,0.0,0.0018853100395645195,1.0,2.0,2.0,0,1,0,0,1,0,0
1.0,-0.5251721413060453,4.23410650459726,10.274115580220133,0.0,18,0.2858300317789195,0.9487784302021026,0.0,0.0,2.0,2.0,2.0,0,1,0,0,1,0,0
1.0,-0.5485360906735821,7.1284959456800365,11.288624231360581,0.08908507223113965,18,0.4759535320279044,0.4851651494545341,0.0,0.0,1.0,2.0,1.0,0,0,0,0,1,0,0
1.0,-0.5839013085183925,3.1354942159291497,12.313236874427895,0.13636363636363635,18,0.5714664976421747,0.8299619841423299,0.0,0.0004279703594861859,1.0,2.0,2.0,0,1,0,0,1,0,0
1.0,-0.5551670494378034,4.04305126783455,10.354383446920574,0.05357142857142857,16,0.6698826608550569,0.31794601678699086,0.0,0.0,2.0,2.0,2.0,0,1,0,0,1,0,0
1.0,2.029037370783103,2.5649493574615367,13.410084324100497,0.08333333333333333,16,0.6711585639949479,0.4265510576542202,0.0,0.0003077241453058028,1.0,2.0,1.0,0,1,0,0,1,0,0
1.0,-0.6415211199863906,7.355641102974253,9.596819302011472,0.058184143222506396,16,0.5972919457637967,0.7897765855497244,0.0,0.0,1.0,2.0,2.0,0,1,0,0,1,0,0
1.0,-0.5324085854465094,4.31748811353631,10.035290763525442,0.1891891891891892,15,0.6397148777330156,0.5635044070422652,0.0,0.0,1.0,2.0,2.0,0,1,0,0,1,0,0
1.0,-0.38009446833800165,2.70805020110221,12.34895053574715,0.07142857142857142,15,0.27997510673150094,0.7401978616330783,0.0,0.0,1.0,2.0,1.0,0,1,0,0,1,0,0
1.0,-0.0559829193902468,3.258096538021482,12.709350980024414,0.0,14,0.7192520061968667,0.3539502513163716,0.0,0.0,1.0,2.0,1.0,0,1,0,0,1,0,0
1.0,-0.46337767801194113,4.07753744390572,10.458302673124063,0.1206896551724138,10,0.7315178299151464,0.49395214382591995,0.0,0.007065833860262561,2.0,2.0,2.0,0,1,0,0,0,1,0
1.0,-0.30483390099857727,4.912654885736052,11.33201091787373,0.45185185185185184,9,0.7652743384571572,0.5051013673800264,0.0,0.0028883122153065977,1.0,2.0,1.0,0,1,0,0,0,0,0
1.0,-0.5154847766405678,2.70805020110221,10.829469741588822,0.14285714285714285,28,0.6646300859922857,0.9711475474778687,0.0,0.002572067000771677,1.0,2.0,2.0,0,1,0,0,0,0,0
1.0,-0.5034129115804424,2.1972245773362196,12.209153519759576,0.0,25,0.19212875108209418,0.691340863053755,0.0,0.0,2.0,2.0,2.0,0,1,0,0,1,0,0
1.0,-0.4420451510600842,2.833213344056216,10.623165594096463,0.0,8,0.6093834682857354,0.1713535334476583,0.0,0.001662812931416815,1.0,2.0,2.0,0,1,0,0,0,0,0
1.0,-0.46026366455500367,2.0794415416798357,11.735460831377486,0.0,28,0.8424061860478522,0.9723269534032964,0.0,0.0,1.0,2.0,2.0,0,1,0,0,0,0,0
1.0,5.914200771865216,0.6931471805599453,14.042081030670113,0.0,26,0.32965584222798305,1.0610074225258912,0.0,0.0,1.0,2.0,1.0,0,1,0,0,0,0,0
1.0,-0.28206245200964797,2.9444389791664403,11.622978951394208,0.2777777777777778,35,0.2929059997396207,0.8604397354420994,0.0,0.04600181784415314,1.0,2.0,1.0,0,1,0,0,0,0,0
1.0,-0.49396698630525804,3.7612001156935624,10.386487464248955,0.023809523809523808,8,0.5839989500461557,0.7733528014988921,0.0,0.0,1.0,2.0,2.0,0,1,0,0,1,0,0
1.0,-0.7305797931988246,4.962844630259907,10.694699597983622,0.28169014084507044,28,0.4757749242053411,0.7844692808231258,0.0,0.0,2.0,2.0,1.0,0,1,0,0,0,0,0
1.0,0.4410536033349297,3.367295829986474,12.039243811470211,0.39285714285714285,26,0.5934465929433625,0.4115618922751572,0.0,0.0,1.0,2.0,2.0,0,1,0,0,0,0,0
1.0,0.3916054249365451,2.4849066497880004,12.49206362980712,0.36363636363636365,7,0.4910567478984276,0.7969147299210549,0.0,0.0,1.0,2.0,1.0,0,1,0,0,0,0,0
1.0,-0.48456861213488683,3.295836866004329,11.234223971770952,0.15384615384615385,4,0.6897976507720377,0.7521367782004661,0.0,0.006831467030191739,2.0,2.0,2.0,0,1,0,0,0,0,0
1.0,1.2039272027328203,1.791759469228055,13.509984083640777,0.2,22,0.7587019217862526,0.5456302841295316,0.0,0.0,2.0,2.0,2.0,0,1,0,0,1,0,0
1.0,-0.4317937151470165,2.3978952727983707,12.081143575179038,0.1,20,0.6437759175122637,0.6434254201865154,0.0,0.0,2.0,2.0,2.0,0,1,0,0,0,0,0
1.0,-0.48875337527014384,2.302585092994046,11.773946092118518,0.0,23,0.4750018310018576,0.6306345321031821,0.0,0.0,2.0,2.0,2.0,0,1,0,0,1,0,0
1.0,-0.5703386164474956,4.875197323201151,10.781762445104896,0.007692307692307693,22,0.6433533722049064,0.6958237480233419,0.0,0.0,1.0,2.0,1.0,0,1,0,0,0,0,0
1.0,-0.5125967561555067,5.480638923341991,11.777162997913264,0.012552301255230125,29,0.64854474171836,0.5324270565507897,0.0,0.0,1.0,2.0,1.0,0,1,0,0,0,0,0
1.0,-0.5177301425417844,5.41610040220442,10.66838951615811,0.11607142857142858,11,0.2063996932584822,0.5281487944467292,0.0,0.0,1.0,1.0,1.0,0,0,0,0,0,0,0
1.0,-0.6429739251151017,4.330733340286331,10.419057902266196,0.013333333333333334,15,0.5893608646239346,0.5802788023799523,0.0,0.0,1.0,2.0,2.0,0,1,0,0,0,0,0
1.0,-0.0988264122585906,3.6375861597263857,12.040529433665677,0.4864864864864865,21,0.553562947503816,0.24293215290970183,0.0,0.0,1.0,2.0,1.0,0,1,0,0,0,0,0
1.0,-0.5416097634194053,2.5649493574615367,12.231432515129862,0.08333333333333333,21,0.5614509520139842,0.5773162498019605,0.0,0.0,1.0,2.0,2.0,0,1,0,0,0,0,0
1.0,-0.5174237696809505,3.4339872044851463,11.679698433200796,0.23333333333333334,21,0.49812835958930624,0.9835414910388925,0.0,0.0,1.0,2.0,2.0,0,1,0,0,0,0,0
1.0,-0.3777382050150595,2.833213344056216,10.629336346383557,0.3125,17,0.7409577749728041,0.5851549846580538,0.0,0.0,2.0,2.0,2.0,0,1,0,0,0,0,0
1.0,0.6959474435076959,8.431417414394833,16.192975972377543,0.840671316477768,14,0.5119693406738605,0.0626985246346543,0.0,2504.1745530054254,1.0,2.0,2.0,0,0,0,1,0,0,0
1.0,4.8253797344395775,8.19671240721307,15.462309438218137,0.7367695700110254,14,-0.12454298536264309,0.29623663892108537,0.0,0.011712951315105372,1.0,1.0,2.0,0,0,0,0,0,0,0
1.0,-0.05380495113283634,5.135798437050262,11.947612749088396,0.6686390532544378,66,0.5210561691987814,0.5162046550274825,0.0,0.005385673496502427,1.0,2.0,2.0,0,1,0,0,0,0,0
1.0,0.2905832828606908,7.049254841255837,12.921659133739709,0.18245004344048654,61,0.2864021419746821,0.43290942627824236,0.76,0.002418073057927932,1.0,2.0,1.0,0,0,0,0,0,0,0
1.0,0.014609384496975533,7.618251097876695,11.497657339787263,0.471976401179941,59,0.28780144377532946,0.8606883342733397,0.0,0.012262106926262855,1.0,2.0,2.0,0,0,0,0,0,0,0
1.0,-0.5232946710461364,5.204006687076795,11.994837601769888,0.06077348066298342,60,0.4535235775702351,0.3573595380804921,0.0,0.0,2.0,2.0,1.0,0,0,0,0,0,0,0
1.0,0.24468493469694164,4.276666119016055,11.838724038774238,0.15492957746478872,58,0.660576080652584,0.5509034260056819,1.0,0.626172271303353,1.0,2.0,1.0,0,0,0,1,0,0,0
1.0,-0.06463208772976403,4.804021044733257,11.53250525103986,0.33884297520661155,67,0.7789218324229005,0.7394958752761236,0.0,0.026941882004027133,1.0,2.0,1.0,0,1,0,0,0,0,0
1.0,-0.19912969496020866,6.124683390894205,11.855587294075002,0.8223684210526315,52,0.7372587071859161,0.6235499914199086,0.0,0.10436385244421488,1.0,2.0,1.0,0,1,0,0,0,0,0
1.0,-0.04256966044243865,6.461468176353717,11.800939677093202,0.18309859154929578,65,0.5929022604615505,0.5497952284600924,0.0,0.2809591015048568,1.0,2.0,1.0,0,1,0,0,0,0,0
1.0,-0.19778774425147955,5.805134968916488,13.193910241471476,0.29003021148036257,61,0.5381455175443528,0.6473735774356099,0.0,0.05625608988966965,1.0,2.0,1.0,0,1,0,0,0,0,0
1.0,1.535697938275666,2.3978952727983707,14.508708537233943,0.9,64,0.5202008131265597,0.5202672305583029,0.0,0.0,1.0,2.0,1.0,0,1,0,0,0,0,0
1.0,2.915630405125248,4.007333185232471,13.428636150255013,0.7777777777777778,54,0.37105809892241964,0.9917571338074976,1.0,0.0,1.0,2.0,2.0,0,1,0,0,0,0,0
1.0,2.9570976032336387,4.110873864173311,12.887175837564483,0.9833333333333333,87,0.3046027966613376,0.8419402277724037,1.0,3.3907848911123404,1.0,2.0,2.0,0,0,0,1,0,0,0
1.0,-0.407259930477168,5.153291594497779,10.03430592959705,0.06395348837209303,61,0.5965802391630524,0.4891012994167992,0.0,228.5504845264145,1.0,2.0,1.0,0,0,0,1,0,0,0
1.0,-0.38962065157153875,6.349138991379798,11.56923350859132,0.07705779334500876,60,0.6859663372649164,0.7257936854922211,0.77,0.0,1.0,2.0,2.0,0,1,0,0,0,0,0
1.0,-0.16652431488832717,3.8066624897703196,12.019013474854304,0.25,65,0.2942278312004534,0.5664496715753055,0.0,0.0,1.0,2.0,1.0,0,0,0,0,0,0,0
1.0,-0.40335039805329764,5.84354441703136,12.63734192443371,0.05232558139534884,64,0.16525048059813166,0.19155477634359372,0.15,0.005325558452962479,1.0,2.0,1.0,0,0,0,0,0,0,0
1.0,0.2044017139255959,6.073044534100405,11.67549082987947,0.20785219399538107,84,0.36078899184199237,0.34518772696028427,0.0,0.0,1.0,2.0,1.0,0,0,0,0,0,0,0
1.0,0.1773473404429448,6.267200548541362,11.621025881463988,0.3669201520912547,78,0.41729268716374174,0.4268577357929721,1.0,0.0,1.0,2.0,1.0,0,0,0,0,0,0,0
1.0,-0.22646031068026165,6.697034247666484,12.364149503285807,0.2904820766378245,61,0.5859976897914698,0.6137243191788929,0.0,0.07376050434121503,1.0,2.0,2.0,0,1,0,0,0,0,0
1.0,-0.3927439775492195,4.770684624465665,10.760465334027913,0.09401709401709402,58,0.2756008568626277,0.6289568350543588,0.0,0.00017311877871762014,1.0,2.0,1.0,0,0,0,0,0,0,0
1.0,-0.27025475796713777,5.19295685089021,12.922173060644893,0.43575418994413406,65,0.198139620389886,0.843999338322522,0.98,0.06564893059148649,1.0,2.0,1.0,0,1,0,0,0,0,0
1.0,-0.31026777697926233,9.358329249689632,12.356108691931,0.12480593410384681,67,0.772056139667985,0.30676821543798594,0.0,0.017333791776804292,1.0,1.0,1.0,0,1,0,0,0,0,0
1.0,-0.35172227122103916,5.0689042022202315,11.05063660779,0.0759493670886076,52,0.4040024941444631,0.43014886467322927,0.83,0.015185774672960102,1.0,2.0,2.0,0,0,0,0,0,0,0
1.0,0.08712039008717451,4.330733340286331,11.58473523637777,0.21333333333333335,67,0.620147961320942,0.5006030423015654,0.0,0.0,1.0,2.0,1.0,0,0,0,0,0,0,0
1.0,2.956619822633478,1.6094379124341003,15.672870406234194,1.0,61,0.7430301210086717,0.6138101580688077,0.0,0.014576180465440873,2.0,2.0,2.0,0,1,0,0,0,0,0
1.0,0.058095096381492434,5.3471075307174685,13.479975685707535,0.18660287081339713,54,-0.01983498357036434,0.3171105206095136,0.99,0.10506136925081459,1.0,2.0,1.0,0,0,0,0,0,0,0
1.0,0.39188561588035203,3.6109179126442243,12.911085400900037,0.5277777777777778,52,0.35479862201091206,0.32754141101957845,1.0,0.0,1.0,2.0,1.0,0,0,0,0,0,0,0
1.0,-0.5119133177635202,5.71042701737487,11.074968448130024,0.13953488372093023,67,0.6806196598084769,0.6349559636012446,0.0,0.010861507705208925,1.0,2.0,1.0,0,1,0,0,0,0,0
1.0,0.08916000092884702,5.351858133476067,11.517517619157557,0.1523809523809524,60,0.33629224253477413,0.6737239687801457,0.6,0.0,1.0,1.0,1.0,0,0,0,0,0,0,0
1.0,0.6249111796461375,5.4510384535657,13.10555638474545,0.2974137931034483,52,0.2026983188343141,0.6535624949629141,0.0,0.07639644203345498,2.0,2.0,2.0,0,0,0,0,0,0,0
1.0,-0.6372973811433545,5.75890177387728,11.919560268464775,0.05063291139240506,59,0.3678911767330476,0.3278148677614826,0.01,14.77581014578293,1.0,2.0,1.0,0,0,0,1,0,0,0
1.0,-0.3814713559610853,7.428333194190806,10.601849885783851,0.08977407847800238,58,0.2405413141936806,0.6093782044713516,1.0,0.002652560039449812,1.0,2.0,2.0,0,0,0,0,1,0,0
1.0,0.029297750302771305,5.153291594497779,11.816247872113365,0.8255813953488372,55,0.28325857832602314,0.41056489069214386,0.0,67.41173676310915,1.0,2.0,2.0,0,0,0,1,0,0,0
1.0,1.9950034339379186,3.6888794541139363,13.708843519661652,0.28205128205128205,58,0.5913688866327483,0.8613142382187641,1.0,0.0008775066123946649,1.0,2.0,1.0,0,1,0,0,0,0,0
1.0,-0.17264567656308438,6.693323668269949,11.524700898834784,0.11042183622828784,56,0.3659842017965865,0.5076948615482589,0.43,0.002029981224646182,1.0,2.0,1.0,0,0,0,0,0,0,0
1.0,-0.529669698373556,5.537334267018537,10.981953933650258,0.043478260869565216,62,0.416481099459004,0.5720642318016975,0.0,0.0011551670833669383,1.0,2.0,1.0,0,0,0,0,0,0,0
1.0,-0.4200070402544545,5.929589143389895,11.176086462431952,0.25866666666666666,70,0.6403090771064095,0.7257470322608524,0.0,0.0,1.0,2.0,1.0,0,1,0,0,0,0,0
1.0,0.18091516085807738,7.155396301896734,11.976042575153068,0.09921875,52,0.13109124654462173,0.8121026962916352,0.95,0.0022841902138220033,1.0,1.0,1.0,0,0,0,0,0,0,0
1.0,-0.09730626573370357,7.249215057114389,12.234543515525914,0.12019914651493599,68,0.7891439791820956,0.2539929527983236,0.0,0.0023364127984685213,1.0,2.0,1.0,0,1,0,0,0,0,0
1.0,-0.16114507911307302,4.007333185232471,11.752385690896174,0.7037037037037037,61,0.5628645610760786,0.6473010370082322,0.0,0.0,1.0,2.0,1.0,0,1,0,0,0,0,0
1.0,0.37490961435615966,3.332204510175204,13.898511484082444,0.3333333333333333,51,-0.4706818636408325,0.4472989040424515,0.0,0.0642343882572916,1.0,2.0,1.0,0,1,0,0,0,0,0
1.0,-0.054400900045800046,4.836281906951478,11.563142268148974,0.112,62,0.23553266382776392,0.4004139501064129,0.0,0.0,1.0,2.0,2.0,0,0,0,0,0,0,0
1.0,0.2068224624332919,6.777646593635117,11.87689756131881,0.233751425313569,68,0.260226236423174,0.5638333451793829,0.0,0.0,1.0,1.0,2.0,0,0,0,0,0,0,0
1.0,0.33247195897676746,5.902633333401366,11.971102344057197,0.26301369863013696,52,0.21551647686287012,0.5088713862336196,1.0,0.012371336946959438,1.0,2.0,1.0,0,0,0,0,0,0,0
1.0,-0.29920998885125766,6.1903154058531475,11.40285494697032,0.18480492813141683,61,0.29953788033400985,0.4167780991917693,0.04,0.0,1.0,2.0,1.0,0,0,0,0,0,0,0
1.0,0.2322339376895373,5.081404364984463,11.955267837370872,0.225,52,0.38340339712011207,0.6990171562934413,0.0,0.0,1.0,2.0,1.0,0,0,0,0,0,0,0
1.0,-0.40891278246180696,6.577861357721047,11.213864355756993,0.09610027855153204,51,0.27221069484887966,0.4290199769744527,0.0,0.0,1.0,2.0,1.0,0,0,0,0,0,0,0
1.0,-0.15354572798239174,4.418840607796598,12.086778170969161,0.5975609756097561,50,0.531973779184106,0.39868143561011476,0.99,0.06377190963100346,1.0,2.0,1.0,0,1,0,0,0,0,0
1.0,0.10932677504271526,7.463936604468925,12.441151779356833,0.780837636259323,78,0.6902211626909769,0.3833740537041482,0.0,325.43543379163464,1.0,1.0,1.0,0,0,0,1,0,0,0
1.0,0.14696259285859337,3.4339872044851463,12.704824068627385,0.16666666666666666,72,0.06475870997192963,0.5632587965490528,0.0,9.119267464336742,2.0,2.0,1.0,0,0,0,1,0,0,0
1.0,-0.1614556073450404,5.631211781821365,12.726916857667302,0.14388489208633093,50,0.32007796411437267,0.5565866822884119,0.0,0.013290946740029707,1.0,2.0,1.0,0,0,0,0,0,0,0
1.0,-0.29431735689435196,6.311734809152915,11.58344015003249,0.18181818181818182,50,0.3557112518362727,0.6692159384949969,0.0,7.003103880113323,1.0,2.0,1.0,0,0,0,0,0,0,0
1.0,-0.2912315746120414,4.532599493153256,11.818115974973946,0.3695652173913043,50,0.5291254773399119,0.4828155135415208,0.0,0.04736228268683239,1.0,2.0,1.0,0,1,0,0,0,0,0
1.0,-0.5082123383506891,6.597145701886651,11.870909578894247,0.22814207650273224,50,0.4063136555440034,0.6578624007054764,0.0,0.0,1.0,2.0,1.0,0,0,0,0,0,0,0
1.0,0.3396135874551046,5.983936280687191,11.989031083096192,0.26515151515151514,50,0.30405841918351384,0.5819779370480443,0.0,0.0,1.0,2.0,1.0,0,0,0,0,0,0,0
1.0,-0.27862033142879544,3.6635616461296463,11.605807100159698,0.34210526315789475,50,0.4389657879789014,0.41882736989076036,0.0,0.0,1.0,2.0,1.0,0,1,0,0,0,0,0
1.0,2.58313154683798,3.4339872044851463,13.128251143773772,0.36666666666666664,50,0.5716647880516945,0.40366557495562694,1.0,0.05453869836896686,1.0,2.0,1.0,0,1,0,0,0,0,0
1.0,-0.5681529831244192,5.231108616854587,11.066785276952555,0.08602150537634409,50,0.28552727549041484,0.6069820469640957,0.0,0.0008568102940587572,1.0,2.0,1.0,0,0,0,0,0,0,0
1.0,-0.31440624327738753,4.762173934797756,11.915974207741845,0.16379310344827586,49,0.5787890835674011,0.6179824851983737,0.0,0.0,1.0,2.0,1.0,0,1,0,0,0,0,0
1.0,-0.5040549258552854,5.204006687076795,11.275240930649263,0.5138121546961326,49,0.5568312277100271,0.646749244207871,0.0,0.07459280953155073,1.0,2.0,1.0,0,1,0,0,0,0,0
1.0,0.051411561471015145,6.255750041753367,11.748866485923612,0.10192307692307692,49,0.35272081877359573,0.3266515293052301,1.0,0.00561029772015418,1.0,2.0,1.0,0,0,0,0,0,0,0
1.0,-0.30983110396534685,7.238496840894365,10.988359419095842,0.10783608914450037,49,0.4495535853211562,0.42984764663067915,0.42,2.678579634316538e-05,1.0,2.0,1.0,0,0,0,0,0,0,0
1.0,-0.1872880018313864,4.382026634673881,11.04690982249096,0.8354430379746836,49,0.5572473433199242,0.34760107166394566,0.0,2.2233060371520845,1.0,2.0,2.0,0,1,0,0,0,0,0
1.0,0.806681616641777,6.212606095751519,13.121174373630659,0.572289156626506,43,0.334496001917274,0.3991115392548213,0.99,0.021076899309401247,1.0,2.0,1.0,0,0,0,0,0,0,0
1.0,0.0691051674884901,6.349138991379798,11.919062268047933,0.18563922942206654,49,0.38168576738523113,0.27766598797047787,0.0,0.0006232912647992262,1.0,2.0,1.0,0,0,0,0,0,0,0
1.0,2.2376796248386457,4.23410650459726,13.572455392164997,0.39705882352941174,48,0.31237593513782813,0.3328089567675396,0.0,0.0,1.0,2.0,1.0,0,0,0,0,0,0,0
1.0,-0.2993337850604271,5.41610040220442,12.150674768745086,0.20089285714285715,48,0.5850347582883092,0.6126817171640745,0.0,0.00621874993392328,1.0,2.0,1.0,0,1,0,0,0,0,0
1.0,-0.2916167560960036,5.771441123130016,11.714730383435484,0.08125,48,0.18553659107088352,0.408873135728642,0.0,0.7531145097539178,1.0,2.0,1.0,0,1,0,0,0,0,0
1.0,2.261863534163855,4.060443010546419,13.547407627225315,0.2807017543859649,48,0.3536190199293459,0.8600001114801655,1.0,0.024647065059705292,1.0,2.0,2.0,0,1,0,0,0,0,0
1.0,-0.3771334023893935,5.575949103146316,10.423124056134332,0.19771863117870722,47,0.40960257872736155,0.5414555674946153,0.0,0.0,1.0,1.0,1.0,0,0,0,0,0,0,0
1.0,-0.4647917039935657,5.53338948872752,11.872157968895753,0.027777777777777776,47,0.3959061671178084,0.7012170141708656,0.0,0.011327807679238116,1.0,2.0,2.0,0,1,0,0,0,0,0
1.0,-0.32158221103432594,5.0238805208462765,11.899803580109243,0.271523178807947,47,0.4716549103418531,0.6964877296736498,0.0,0.00010768825096933416,1.0,2.0,1.0,0,0,0,0,0,0,0
1.0,0.03129175578341557,8.910720661951359,11.60997698262981,0.21214574898785424,47,0.25180298529823175,0.5477823260298069,0.56,0.0,1.0,2.0,1.0,0,0,0,0,0,0,0
1.0,-0.5746784174493397,5.272999558563747,11.508950513451909,0.12886597938144329,55,0.6006891564560483,0.6691260008554641,0.0,0.450108040333863,1.0,2.0,1.0,0,0,0,1,0,0,0
1.0,-0.3960788357873629,5.187385805840755,11.37211396076174,0.20786516853932585,47,0.6771772855270419,0.27388767162730765,0.0,1.3996188319951552,1.0,2.0,1.0,0,0,1,0,0,0,0
1.0,-0.4423790293564083,5.313205979041787,11.745897312439444,0.04455445544554455,47,0.5558166152814628,0.17682842895455564,0.0,0.0,1.0,2.0,1.0,0,1,0,0,0,0,0
1.0,0.32119068647575805,4.59511985013459,12.3512022767277,0.336734693877551,47,0.4955665239032996,0.5260894440126004,0.4,0.009544639010665462,1.0,2.0,2.0,0,0,0,0,0,0,0
1.0,-0.5751558769551505,6.169610732491456,10.20623017176601,0.36268343815513626,74,0.5374304208439651,0.40869757413392543,0.0,1.0408163571206124,1.0,2.0,1.0,0,0,0,1,0,0,0
1.0,0.302856917729452,4.48863636973214,12.905436118257468,0.5909090909090909,59,0.8004750096872774,0.33766573223543805,0.0,0.0335014245438766,1.0,2.0,1.0,0,1,0,0,0,0,0
1.0,-0.16505422987517407,6.0867747269123065,12.71257423480244,0.10933940774487472,55,0.3790261523733007,0.5288261391388462,0.0,0.02189418054338836,2.0,2.0,1.0,0,0,1,0,1,0,0
1.0,-0.06766344641689853,6.329720905522696,12.33960039752307,0.3482142857142857,46,0.7504140407584547,0.6942163536404596,0.0,0.025523275894489356,1.0,2.0,1.0,0,1,0,0,0,0,0
1.0,0.6540554381098251,6.507277712385012,12.907540409047865,0.23617339312406577,46,0.35527135511686553,0.13775856114373333,0.13,0.0,1.0,2.0,1.0,0,0,0,0,0,0,0
1.0,-0.44058397073898725,5.497168225293202,10.602853627230896,0.102880658436214,46,0.2287580009436995,0.537302539887712,0.0,0.0,1.0,1.0,1.0,0,0,0,0,0,0,0
1.0,-0.2535110268539577,4.204692619390966,12.391884820194575,0.13636363636363635,46,0.5549899469101383,0.646603258493285,0.0,0.0,1.0,2.0,2.0,0,1,0,0,0,0,0
1.0,5.914200771865216,0.6931471805599453,17.797549711153582,1.0,45,0.896429523448502,0.5988827603424396,0.0,18.783516516516517,2.0,2.0,1.0,0,0,0,1,0,0,0
1.0,0.2836565446428676,4.543294782270004,11.598540903933872,0.6881720430107527,45,0.8508168484403626,0.6800669100795373,0.0,0.29808864791726214,1.0,2.0,2.0,0,0,0,1,0,0,0
1.0,2.848009084687967,2.833213344056216,14.315734822879351,1.0,45,0.2640517928731388,0.2710899165945341,1.0,0.0,1.0,2.0,2.0,0,1,0,0,0,0,0
1.0,-0.5005962103468731,3.091042453358316,11.065617007603253,0.09523809523809523,61,0.36048778693349026,0.29349467118821815,0.0,0.060969412993005255,2.0,2.0,2.0,0,1,0,0,0,0,0
1.0,-0.4604342909281764,3.4965075614664802,13.173048471250421,0.46875,45,0.30719039974756185,0.9322012047053937,0.0,0.008267326411512909,1.0,2.0,1.0,0,1,0,0,0,0,0
1.0,-0.3510699901983282,5.204006687076795,11.207960835794136,0.049723756906077346,45,0.29402952696658663,0.8044894914071298,0.0,5.087331538651821,1.0,2.0,1.0,0,0,0,1,0,0,0
1.0,-0.31201038259566893,4.110873864173311,12.84726495325868,0.38333333333333336,44,0.27748352364028256,0.06206248087271632,0.0,0.0,1.0,1.0,1.0,0,0,0,0,0,0,0
1.0,-0.04210226187280845,3.9889840465642745,11.093958961454598,0.8867924528301887,44,0.20172712199883,0.55435331404035,0.0,234.52051738459713,1.0,2.0,1.0,0,0,0,1,0,0,0
1.0,1.5760547860046847,5.176149732573829,13.528734521907227,0.8238636363636364,44,0.6958267094734861,0.616582332014262,0.0,0.0015740932517071553,1.0,2.0,2.0,0,1,0,0,0,0,0
1.0,-0.27560898751001384,5.288267030694535,11.270259786356139,0.13705583756345177,44,0.44085087180007787,0.26993867015444334,0.0,0.0,1.0,1.0,1.0,0,0,0,0,0,0,0
1.0,1.5910127906500182,5.87493073085203,13.369945791219449,0.6338028169014085,44,0.19298304703587474,0.6512272341801225,1.0,13384.808119194113,1.0,2.0,1.0,0,0,0,1,0,0,0
1.0,-0.5138402355677049,3.9512437185814275,12.96116016789576,0.17647058823529413,43,0.5429897311202561,0.4982608784598013,0.23,0.09341922148999704,1.0,2.0,2.0,0,1,0,0,0,0,0
1.0,0.20376127320950393,3.6109179126442243,12.61893909232822,0.5555555555555556,42,0.7063692003471725,0.6747748546786156,0.0,0.003922773659963715,1.0,2.0,1.0,0,1,0,0,0,0,0
1.0,0.47323867858287927,5.37989735354046,11.126329405808033,0.38425925925925924,42,0.33845033995471835,0.6253001381074845,1.0,53.194621485811126,1.0,2.0,1.0,0,0,0,1,0,0,0
1.0,-0.3294265075195852,4.852030263919617,11.710430963205235,0.2677165354330709,42,0.21510808853470562,0.5154862889921711,0.0,0.0,1.0,2.0,2.0,0,0,0,0,0,0,0
1.0,-0.4212541708610774,5.983936280687191,10.840916719454595,0.45454545454545453,42,0.4990993050493949,0.5572239969143433,0.0,0.22330926110157154,1.0,2.0,1.0,0,1,0,0,0,0,0
1.0,0.13723303718063798,2.772588722239781,12.835737813317653,0.4,41,0.40386812033360564,0.7683322704540333,1.0,0.0,1.0,2.0,2.0,0,1,0,0,0,0,0
1.0,0.2555990939151813,4.997212273764115,12.959333841378749,0.6190476190476191,41,0.8018801047632003,0.20832802915928347,0.51,0.00196343897449881,1.0,2.0,1.0,0,1,0,0,0,0,0
1.0,0.14037346009062704,3.8501476017100584,11.923907212461092,0.2608695652173913,40,0.6424506330617656,0.5637147736189206,0.0,0.0,1.0,2.0,2.0,0,1,0,0,0,0,0
1.0,0.757956829491497,2.70805020110221,12.64766715514597,0.14285714285714285,39,0.16017602474448783,0.40362599276519207,0.0,0.0,1.0,2.0,1.0,0,0,0,0,0,0,0
1.0,-0.22974620568838838,5.231108616854587,10.351785706912557,0.6397849462365591,39,0.49522425181363444,0.8428697384879675,0.0,8.787104408583211,1.0,2.0,1.0,0,0,0,1,1,0,0
1.0,-0.44319822405357534,5.075173815233827,10.891234567842316,0.16352201257861634,39,0.34333002424853937,0.7015380665948603,0.0,0.11138762518836345,1.0,2.0,1.0,0,0,0,0,0,0,0
1.0,-0.4995644735456841,5.393627546352362,10.807138740863818,0.0273972602739726,39,0.27300661727421366,0.7809107984842006,0.0,0.0,1.0,1.0,1.0,0,0,0,0,0,0,0
1.0,0.4614187772151013,5.318119993844216,12.777504874143572,0.03940886699507389,39,0.7471245064250207,0.6761438714190764,0.0,0.002022870415316451,1.0,2.0,1.0,0,1,0,0,0,0,0
1.0,-0.48295659957093173,7.624130585661289,12.136638133803064,0.0004887585532746823,39,0.5930600047587617,0.7913970691552247,0.0,0.02235726976018036,1.0,2.0,1.0,0,1,0,0,0,0,0
1.0,-0.44773073175035416,4.736198448394496,11.520517282026503,0.2920353982300885,39,0.5008456310196023,0.25919346046078867,0.0,0.07061315073317728,1.0,2.0,2.0,0,1,0,0,0,0,0
1.0,-0.24566771322056635,6.329720905522696,12.331871350652422,0.15535714285714286,38,0.651721231743118,0.287657538503809,0.16,0.0042213983185075315,1.0,2.0,1.0,0,1,0,0,0,0,0
1.0,0.5363804668831986,3.9889840465642745,11.662114692703529,0.3584905660377358,38,0.6937143793964169,0.49924585684477557,0.0,0.0,1.0,1.0,1.0,0,1,0,0,0,0,0
1.0,1.0180485049869654,5.680172609017068,12.179703653000482,0.1541095890410959,37,0.5344784210874302,0.4186277978585927,1.0,0.0,1.0,2.0,2.0,0,1,0,0,0,0,0
1.0,-0.21836680507954254,3.5553480614894135,11.6001956565037,0.5588235294117647,37,0.7465152759558906,0.48485923379865914,0.0,0.0,1.0,2.0,1.0,0,1,0,0,0,0,0
1.0,-0.3354944190231176,4.343805421853684,11.943635023108897,0.18421052631578946,37,0.30180623966981196,0.6368056483352599,0.0,0.0072911551560930175,2.0,2.0,1.0,0,0,0,0,0,0,0
1.0,-0.48822589048089227,5.765191102784844,11.288976243278833,0.6918238993710691,37,0.7130987937559375,0.7831424552643171,0.0,0.0,1.0,2.0,1.0,0,1,0,0,0,0,0
1.0,0.9362064702078227,5.796057750765372,12.861591817080686,0.4268292682926829,37,0.4060300880079895,0.8499684190375841,1.0,0.0009187824191940373,1.0,2.0,2.0,0,1,0,0,0,0,0
1.0,-0.41567629703089237,4.356708826689592,11.54021122811701,0.3116883116883117,36,0.6969391509512385,0.8838008643084294,0.0,0.3893298945141591,1.0,2.0,2.0,0,1,0,0,0,0,0
1.0,0.43545747264092,4.442651256490317,12.76026316504366,0.23809523809523808,36,0.7291012729469466,0.5369825324815339,0.0,0.0007213192440978444,1.0,2.0,1.0,0,1,0,0,0,0,0
1.0,-0.13993863527344116,4.174387269895637,11.47788344639899,0.15625,36,0.2719742186450499,0.542541197572445,0.0,0.0,1.0,2.0,1.0,0,0,0,0,0,0,0
1.0,-0.1894309623065078,4.5217885770490405,12.280939309396375,0.25274725274725274,36,0.27160911603815474,0.6583695411395026,0.02,0.0,1.0,1.0,1.0,0,0,0,0,0,0,0
1.0,-0.33126907032990033,5.703782474656201,11.77291516038501,0.1806020066889632,35,0.5912868293384114,0.2857423984742084,0.35,0.0345930453201703,1.0,2.0,1.0,0,1,0,0,0,0,0
1.0,-0.5865116883934276,5.991464547107982,10.824299876163627,0.08270676691729323,35,0.532175444237547,0.3951250825161723,0.0,0.0,1.0,1.0,1.0,0,0,0,0,0,0,0
1.0,-0.3564265867398918,4.709530201312334,11.849860776174037,0.6,35,-0.16285697542959968,0.3299073416064869,0.0,0.008718065901355803,1.0,2.0,1.0,0,1,0,0,0,0,0
1.0,-0.1399805781328694,6.3473892096560105,11.920125885266344,0.19473684210526315,35,0.5834613902859316,0.6584312465796021,0.2,0.05145367833356882,2.0,2.0,1.0,0,1,0,0,0,0,0
1.0,0.2511271531224797,3.295836866004329,11.966546592386525,0.23076923076923078,35,0.12674186572818488,0.7058045468918072,0.0,0.0,1.0,1.0,2.0,0,0,0,0,0,0,0
1.0,-0.5792251398758118,7.581209826196346,11.291525131888255,0.1826530612244898,35,0.5894985588196382,0.8145173015506334,0.0,0.0,1.0,1.0,1.0,0,1,0,0,0,0,0
1.0,-0.551890175600251,5.857933154483459,9.971162402040905,0.13753581661891118,35,0.4121655835175716,0.31011269926029394,0.0,0.0031810876701652813,1.0,2.0,1.0,0,0,0,0,0,0,0
1.0,-0.10909751641333722,6.777646593635117,11.071261868534299,0.15279361459521096,34,0.7328502495704218,1.3511226974219979,0.0,198.08273403203665,1.0,1.0,2.0,0,0,0,1,0,0,0
1.0,-0.07871954534941397,3.4965075614664802,11.888164800544939,0.25,33,0.4282178144688104,0.6349199225690915,1.0,0.031976971285211674,1.0,2.0,1.0,0,1,0,0,0,0,0
1.0,-0.4182360646199075,4.997212273764115,11.51917278054136,0.22448979591836735,33,0.20126376490967435,0.6243900747270006,0.0,3.527561254552258,1.0,2.0,1.0,0,0,0,1,0,0,0
1.0,0.13801318186474087,4.564348191467836,11.894135052668613,0.15789473684210525,33,0.24817739820518592,0.2384532911066403,1.0,0.0,1.0,2.0,2.0,0,0,0,0,0,0,0
1.0,-0.3363014625258789,5.673323267171493,10.506432691407891,0.7620689655172413,33,0.5949977596653495,0.7217355698606589,0.3,1.321153756084376,1.0,2.0,1.0,0,1,0,0,0,0,0
1.0,-0.23171129478410835,4.442651256490317,13.279305992884257,0.09523809523809523,30,0.5319928061951658,0.7402662177875565,0.0,0.0006657188173792689,1.0,2.0,2.0,0,1,0,0,0,0,0
1.0,0.34275723315534445,4.248495242049359,12.761122747060558,0.2463768115942029,29,0.0806859411424465,0.6399068449517783,0.0,0.018798117324936962,1.0,2.0,1.0,0,0,0,0,1,0,0
1.0,-0.4750654416345298,4.07753744390572,11.874810348058716,0.017241379310344827,29,0.4971124307031575,0.45718427213460733,0.0,0.05766109261262232,1.0,2.0,2.0,0,1,0,0,0,0,0
1.0,0.27636165831388515,5.556828061699537,11.507320016314814,0.6007751937984496,33,0.40921204466012473,1.0688321884337901,1.0,0.0,1.0,2.0,1.0,0,1,0,0,0,0,0
1.0,-0.5120255228643497,5.662960480135946,10.873119946358795,0.7386759581881533,32,0.4327195009926615,0.5267988151915681,0.0,5.624551784404411,1.0,2.0,2.0,0,0,0,1,0,0,0
1.0,1.0949614654370246,6.008813185442595,12.173345111407595,0.21182266009852216,32,0.7280438038150117,0.5558170836738664,1.0,0.0,1.0,2.0,2.0,0,1,0,0,0,0,0
1.0,-0.2920052698858667,6.642486801367256,11.516176727408627,0.16057441253263707,32,0.4291532418618394,0.2875598679722383,0.0,153.33845563208084,1.0,2.0,2.0,0,0,0,1,0,1,0
1.0,0.7014728424782248,5.648974238161206,12.952086509260596,0.4628975265017668,32,0.014823943825919266,0.7204833664041954,1.0,986.3529653063507,1.0,2.0,1.0,0,0,0,1,0,0,0
1.0,-0.10263007002349002,5.7430031878094825,11.678149354948053,0.2765273311897106,32,0.4194373139317766,0.715576933623514,0.0,0.0020899495282208406,1.0,1.0,1.0,0,0,0,0,0,0,0
1.0,0.18434666183237564,4.2626798770413155,13.321285849510254,0.35714285714285715,31,0.19105917206639397,0.9077824952202408,0.0,0.10116896079100157,1.0,2.0,2.0,0,1,0,0,0,0,0
1.0,-0.3129216669996321,4.110873864173311,11.581028251560232,0.2833333333333333,31,0.20159641268637618,0.6990561114231941,0.9,0.0,1.0,2.0,1.0,0,0,0,0,0,0,0
1.0,0.09175014244019927,3.1354942159291497,12.18077814729752,0.09090909090909091,31,0.6803273047946253,0.47292636637375823,1.0,0.0,1.0,2.0,1.0,0,1,0,0,0,0,0
1.0,0.30057302229736016,4.882801922586371,11.998161582071845,0.5190839694656488,31,0.6444076650349008,0.19981522993634027,1.0,0.04803112650543179,1.0,2.0,1.0,0,1,0,0,0,0,0
1.0,-0.13607177428138867,3.295836866004329,12.856863602357272,0.46153846153846156,31,0.5098441299899574,0.5948815829757798,0.0,0.0,1.0,2.0,1.0,0,1,0,0,0,0,0
1.0,0.4129614853918537,8.167068178341237,12.721713554114718,0.16638273708120385,31,0.6578631617966124,0.5803267128126323,1.0,7.196250114727045,1.0,2.0,1.0,0,0,0,1,1,0,0
1.0,1.3100351837682038,4.543294782270004,13.597396140405854,1.0,31,0.534851512075301,0.20319709188431212,1.0,39.701139765944326,1.0,2.0,2.0,0,0,0,1,0,0,0
1.0,0.3598152870594597,4.955827057601261,12.441358688145526,0.9290780141843972,31,0.5688373680000366,0.7989695545389216,1.0,1.2341961198370048,1.0,2.0,2.0,0,0,0,1,0,0,0
1.0,-0.46070908423748386,5.6240175061873385,11.782104416488524,0.09057971014492754,31,0.667737972331631,0.8903248076751131,1.0,0.0,1.0,2.0,1.0,0,1,0,0,0,0,0
1.0,0.3411568849143001,3.258096538021482,13.001722802869836,0.32,35,0.7139338845352904,0.5351456909009628,0.0,0.0037427490679595938,2.0,1.0,1.0,0,1,0,0,0,0,0
1.0,-0.19583171929480891,5.455321115357702,11.435184940716914,0.8540772532188842,31,0.2806015528575456,0.4377175131399125,1.0,494.54111079980174,1.0,2.0,1.0,0,0,0,1,0,0,0
1.0,0.19348327590381534,4.897839799950911,11.510316274517713,0.7142857142857143,31,0.7311429492645952,0.5955969788642622,0.0,0.1394617417815077,1.0,1.0,1.0,0,1,0,0,0,0,0
1.0,1.2968214977880856,6.912742820493176,13.6511048590102,0.7739043824701195,31,0.557106253242624,0.6685272183966818,0.99,9.233934937483166,1.0,1.0,1.0,0,0,0,1,0,0,0
1.0,-0.24668019029072538,2.5649493574615367,12.637246922530956,0.4166666666666667,31,0.42474062002181096,0.7043991443904702,0.0,0.04587824683033383,1.0,2.0,2.0,0,1,0,0,0,0,0
1.0,-0.4069850964021111,4.718498871295094,10.214498750772847,0.17117117117117117,30,0.4570071466725608,0.4243036153088286,0.99,0.0015240684045124153,1.0,2.0,1.0,0,1,0,0,0,0,0
1.0,-0.1906521897017443,4.382026634673881,11.762211198303111,0.11392405063291139,30,0.26977277068577693,0.31370518303249084,0.02,0.0,1.0,2.0,1.0,0,0,0,0,0,0,0
1.0,2.7733331651804622,3.332204510175204,12.976846455001398,0.5555555555555556,30,0.2696744597292352,0.44283829513322737,1.0,0.021784573389022843,1.0,2.0,1.0,0,1,0,0,0,0,0
1.0,-0.16256626441597974,4.2626798770413155,11.016459812936485,0.24285714285714285,30,0.5732796948032233,0.5353189176274099,1.0,0.0,1.0,2.0,1.0,0,1,0,0,0,0,0
1.0,-0.03248695825067514,5.3981627015177525,11.9571439276194,0.4590909090909091,30,0.5286539554675823,0.6392619126355421,0.0,0.02648799982122053,1.0,2.0,1.0,0,0,0,0,0,0,0
1.0,0.420466912686984,3.7612001156935624,12.708281681469352,0.5238095238095238,30,0.4618710354637489,0.1279101551861822,0.0,0.0,1.0,2.0,1.0,0,1,0,0,0,0,0
1.0,0.1003420181875157,4.343805421853684,11.390104778076939,0.09210526315789473,30,0.22746647803334008,0.6271100655163041,0.0,0.0,1.0,2.0,1.0,0,0,0,0,0,0,0
1.0,1.4777270152681719,2.833213344056216,14.371454003955849,1.0,30,0.4514087128180116,0.6506851708873965,1.0,0.0,2.0,2.0,1.0,0,1,0,0,0,0,0
1.0,0.3262800563765269,4.836281906951478,13.649569261195662,0.456,30,0.5811388116867333,0.8043406231575265,0.5,61.27926696609999,1.0,1.0,1.0,0,0,0,1,0,0,0
1.0,-0.5197818792504029,4.454347296253507,11.561359263127827,0.03529411764705882,30,0.6645300200616748,0.338901345982592,0.0,0.0,1.0,2.0,2.0,0,1,0,0,0,0,0
1.0,0.21437841758404602,3.9318256327243257,13.702629903476472,0.32,30,0.22279304428192967,0.8669321164343141,0.0,0.0,1.0,2.0,1.0,0,1,0,0,0,0,0
1.0,-0.5369095836817986,7.487733761436444,8.824026583376911,0.01288515406162465,30,0.9138792288186713,0.611584942735642,0.0,4607.272009029345,1.0,2.0,1.0,0,0,0,1,0,0,0
1.0,-0.29574617388802793,4.5217885770490405,11.845084094238736,0.04395604395604396,29,0.7729075631368517,0.6800170310424726,0.8,0.0,1.0,2.0,2.0,0,1,0,0,0,0,0
1.0,0.7818001582165469,4.6913478822291435,12.657855581326208,0.5833333333333334,29,-0.5902038189999328,0.8914263829320271,1.0,0.03865822146559347,1.0,2.0,2.0,0,1,0,0,1,0,0
1.0,-0.18804466523692864,5.262690188904886,11.40841799971328,0.3229166666666667,29,0.4101404411363011,0.7426249475629757,1.0,0.00047354435435328375,1.0,2.0,2.0,0,1,0,0,0,0,0
1.0,0.37651069630306927,4.499809670330265,10.731306802148996,0.8089887640449438,29,0.6426980108378657,0.5620648612392546,1.0,1.4606183803590465,1.0,2.0,2.0,0,0,0,1,0,0,0
1.0,-0.3996608977594709,4.31748811353631,10.764643195875363,0.25675675675675674,29,0.24446925825451324,0.9006753777294422,0.0,0.0,1.0,1.0,1.0,0,0,0,0,0,0,0
1.0,2.775266686311385,5.529429087511423,13.694757045084517,0.549800796812749,29,0.14164316330870383,0.6372015796494782,0.0,201.23914886203096,1.0,1.0,1.0,0,0,0,1,0,0,0
1.0,-0.4770250789270304,4.499809670330265,11.481209473623487,0.34831460674157305,30,0.4014239372106868,0.8367730340331345,0.0,0.0,1.0,2.0,1.0,0,1,0,0,0,0,0
1.0,-0.5575729605935806,3.9318256327243257,10.426084224879986,0.0,29,0.5178265603958737,1.0764063946355178,1.0,0.0,1.0,2.0,2.0,0,1,0,0,0,0,0
1.0,-0.49251870125664404,6.993932975223189,10.324639927592205,0.09550045913682277,29,0.3259630990989466,0.4088230220137105,0.9,0.0,1.0,1.0,1.0,0,0,0,0,0,0,0
1.0,0.03812472017146095,6.343880434126331,12.473273656948473,0.29225352112676056,29,0.3146016539617506,0.31853015738966073,0.02,0.0,1.0,2.0,1.0,0,0,0,0,0,0,0
1.0,-0.16773360349809316,6.3578422665081,12.469480575926044,0.10069444444444445,29,0.18602013617090785,0.6438007253471374,0.05,0.023608239279933507,1.0,2.0,1.0,0,0,0,0,0,0,0
1.0,-0.4981592404513682,4.820281565605037,10.090582926861792,0.44715447154471544,29,0.3179645671179686,0.9124188343707003,0.0,0.09541404065080314,1.0,1.0,1.0,0,0,0,0,0,0,0
1.0,-0.25761570132275424,6.329720905522696,11.130038200059902,0.055357142857142855,29,0.24431642202751896,0.28919797784836754,0.0,0.0,1.0,1.0,2.0,0,0,0,0,0,0,0
1.0,0.30449149889968785,4.836281906951478,12.404087876547193,0.888,29,0.5115612949035176,0.5598082180390169,1.0,0.0,1.0,2.0,1.0,0,1,0,0,0,0,0
1.0,-0.38940903024930446,4.976733742420574,11.819522464865182,0.3402777777777778,29,0.49087818318261006,0.2182422805860983,0.21,1.2500000743199355,1.0,2.0,2.0,0,0,0,1,0,0,0
1.0,-0.6231597131052098,5.209486152841421,9.839036939622428,0.25274725274725274,29,0.44979812859402046,0.2041426845899541,0.0,0.8493534993203861,1.0,2.0,1.0,0,0,0,1,0,0,0
1.0,0.26624349120970203,3.828641396489095,12.263352280417616,0.08888888888888889,29,0.8112938765424921,0.5791383724836898,0.47,0.005053994609085591,1.0,2.0,1.0,0,1,0,0,0,0,0
1.0,-0.45624322674216,6.331501849893691,12.056125693403272,0.21390374331550802,28,0.6157417775892161,0.7223560425682171,0.9,1.3941773679801177,1.0,1.0,1.0,0,0,0,1,0,0,0
1.0,-0.19386733411386542,4.6913478822291435,11.655686207573224,0.1388888888888889,28,0.6927332757152006,0.7840906855982724,0.0,0.0,1.0,1.0,1.0,0,1,0,0,0,0,0
1.0,1.5824893562173576,5.0238805208462765,12.589618747995214,0.7880794701986755,28,0.31858083199821763,0.4638289274847865,1.0,13.575070715759981,1.0,2.0,2.0,0,0,0,0,0,0,0
1.0,0.7784720569152851,2.3978952727983707,13.488900252249465,0.5,28,0.31081734712688,0.8993467651135253,0.22,0.02121675291932502,1.0,2.0,1.0,0,1,0,0,0,0,0
1.0,0.9447723751985544,6.415096959171596,12.162970029828328,1.0,29,0.2547635486854948,0.577517564266527,1.0,0.005560237529595786,1.0,2.0,2.0,0,0,0,0,1,0,0
1.0,1.2798381016526186,1.791759469228055,13.400428050575075,0.0,28,0.533835540553904,0.9975810438162441,0.0,0.002180565835251493,1.0,2.0,1.0,0,1,0,0,1,0,0
1.0,-0.5282765300464958,3.828641396489095,11.425304690214281,0.17777777777777778,28,0.5541048059875814,0.8963837453625788,0.0,0.0,2.0,2.0,2.0,0,1,0,0,0,0,0
1.0,-0.547706822765128,5.420534999272286,11.084524052725346,0.23555555555555555,28,0.5113829851071603,0.6840418929624904,0.0,1.339878153507975,1.0,2.0,1.0,0,0,0,1,0,0,0
1.0,-0.2706650504150335,5.53338948872752,10.831671171722789,0.07142857142857142,28,0.587904579484942,0.37048802740411685,1.0,22.096378733536273,1.0,2.0,1.0,1,0,0,0,0,0,0
1.0,0.22500335938313765,2.772588722239781,12.371002732516706,0.26666666666666666,27,0.6929886481502824,0.3422386675549483,1.0,0.0,1.0,2.0,2.0,0,1,0,0,0,0,0
1.0,0.148454507980515,4.007333185232471,12.65273472969608,0.0,27,0.6267293071075222,0.7208858928013435,1.0,0.0,1.0,2.0,1.0,0,1,0,0,1,0,0
1.0,0.21542911172817064,4.382026634673881,11.873761587286232,0.20253164556962025,27,0.2834232153287711,0.6860336398358907,0.0,0.0,2.0,2.0,1.0,0,0,0,0,0,0,0
1.0,0.4105528188459174,3.367295829986474,12.978176229663234,0.42857142857142855,27,0.1296790291973798,0.3289182824081454,0.0,0.0,1.0,2.0,1.0,0,0,0,0,0,0,0
1.0,0.221295553360369,3.1354942159291497,13.442154197691671,0.4090909090909091,27,0.5489383148799375,0.7274615777986645,0.0,0.0,2.0,2.0,1.0,0,1,0,0,0,0,0
1.0,-0.11318287847247427,3.7376696182833684,12.403490851168726,0.5609756097560976,27,0.21720980921136557,0.4567855668829608,0.0,0.0,1.0,2.0,1.0,0,1,0,0,0,0,0
1.0,-0.19573828647267347,4.276666119016055,12.050208244600242,0.7323943661971831,27,0.6871621714371394,0.5074080386867489,0.0,0.035144908708673685,1.0,2.0,1.0,0,1,0,0,0,0,0
1.0,-0.22219046872967857,4.276666119016055,12.349612195741946,0.056338028169014086,27,0.6812070560379934,0.509247709851807,0.0,0.0,1.0,2.0,1.0,0,1,0,0,0,0,0
1.0,-0.14637739572750144,5.407171771460119,11.295313713378329,0.18468468468468469,27,0.5454486777650753,0.46940164220604486,0.99,0.04239512735922353,1.0,2.0,1.0,0,0,0,1,1,0,0
1.0,0.2365078715017081,3.4965075614664802,12.878435556202968,0.5625,27,0.644297129838148,0.10415768136288131,0.0,0.013088204695244276,1.0,2.0,1.0,0,1,0,0,0,0,0
1.0,-0.22605106503194738,4.248495242049359,11.800915750788954,0.14492753623188406,27,0.37703383092342513,0.8746654131306377,0.0,1.077486302981782,1.0,2.0,1.0,0,1,0,0,0,0,0
1.0,0.17040122133881017,4.836281906951478,12.180930165764737,1.0,27,0.2664178666861556,0.5750001363870413,1.0,0.039455258464923794,1.0,2.0,1.0,0,1,0,0,0,0,0
1.0,0.4321023041490143,4.795790545596741,12.761977723957528,0.2,27,0.12311746556947373,0.9183384965591147,0.0,0.0,1.0,1.0,1.0,0,0,0,0,0,0,0
1.0,1.981097494635296,5.342334251964811,13.312172791629566,0.8461538461538461,27,0.5211510408972683,0.5060905797417267,1.0,2.979333819573803,1.0,2.0,1.0,0,0,0,1,0,0,0
1.0,-0.3073938595256087,2.995732273553991,12.495318888765603,0.3157894736842105,26,0.6053060536695074,0.9216033487704103,0.0,0.0,1.0,2.0,1.0,0,1,0,0,0,0,0
1.0,1.1371421306895133,2.995732273553991,12.756225606319575,0.7368421052631579,27,0.20289475207668284,0.20001062642792625,0.0,0.16041500532001146,1.0,2.0,2.0,0,0,0,0,0,0,0
1.0,-0.24294300399443036,4.919980925828125,11.532342276788057,0.022058823529411766,26,0.7879992732201653,0.48032162087180824,0.58,0.006747750283463484,1.0,1.0,1.0,0,1,0,0,0,0,0
1.0,0.020374791393066846,4.976733742420574,11.429576011311292,0.1736111111111111,26,0.6814006604487375,0.6573914262996515,0.06,0.0,1.0,2.0,1.0,1,0,0,0,0,0,0
1.0,-0.26297881989891897,5.68697535633982,11.40149166894032,0.16326530612244897,26,0.34109212793684734,0.3728899879214406,0.06,0.0028823086348136414,1.0,2.0,1.0,0,0,0,0,0,0,0
1.0,0.20279833898711658,4.532599493153256,12.181887640498328,0.391304347826087,26,0.5645564274306597,0.7781799933430741,0.0,0.06919710331594096,1.0,2.0,1.0,0,1,0,0,0,0,0
1.0,-0.276344323628553,3.8066624897703196,11.66065518487453,0.18181818181818182,26,0.6254459849768063,0.6120043902146366,0.0,0.0013852522736130283,1.0,2.0,2.0,0,1,0,0,0,0,0
1.0,1.190397222365277,4.634728988229636,13.591265775517579,0.7450980392156863,26,0.7663194871463102,0.23095918177587027,0.9,0.04923522473484219,1.0,2.0,1.0,0,1,0,0,0,0,0
1.0,2.511713995836986,1.0986122886681098,14.514457139442934,1.0,26,0.2674439620505313,0.32101654801090557,1.0,0.0,1.0,2.0,2.0,0,1,0,0,1,0,0
1.0,-0.4797291576811674,5.579729825986222,10.22598241855353,0.06060606060606061,26,0.8014939221022401,0.6639130245101819,0.0,0.040075186930939664,1.0,2.0,2.0,0,1,0,0,0,0,0
1.0,-0.12140272401260056,4.727387818712341,12.801503333793864,0.4375,26,0.7480769914887325,0.6197202972556045,0.0,0.0,1.0,2.0,1.0,0,1,0,0,1,0,0
1.0,3.067877083001979,5.204006687076795,14.503388218738944,0.9281767955801105,26,0.5923443342973983,0.14226919854182732,1.0,196.36339390798267,1.0,2.0,1.0,1,0,0,0,0,0,0
1.0,0.056634264010437654,2.4849066497880004,13.181897008584922,0.5454545454545454,26,0.5715187747281459,0.09511068945981982,1.0,0.0,1.0,2.0,1.0,0,1,0,0,0,0,0
1.0,-0.37587495103960705,4.442651256490317,11.691164393612189,0.40476190476190477,26,0.13350182199925303,0.5923337610384938,0.0,0.9599465722200552,1.0,2.0,2.0,0,1,0,0,0,0,0
1.0,0.9733063659750717,3.6109179126442243,13.300111808194163,0.25,26,0.22527529008820127,0.8445683794690674,1.0,0.008423175166097684,1.0,2.0,1.0,0,1,0,0,0,0,0
1.0,-0.372518478145903,4.465908118654584,11.92472219143706,0.19767441860465115,26,0.5722395583126849,0.6590357569194101,0.0,0.00297565443033758,1.0,2.0,1.0,0,1,0,0,0,0,0
1.0,0.7393925254305108,5.0689042022202315,13.965374778322179,0.6392405063291139,29,0.8027496277953183,0.6665155772465686,1.0,0.005484479938682578,1.0,2.0,2.0,0,1,0,0,0,0,0
1.0,-0.4028778780833606,4.912654885736052,10.498477634290431,0.48148148148148145,26,0.5816832863718914,0.23094545454545454,0.0,0.0018498665765524314,1.0,2.0,1.0,0,1,0,0,0,0,0
1.0,0.7425730383592457,2.302585092994046,14.419795983974796,1.0,25,0.23672853830055238,0.7933768190000806,0.0,0.0,1.0,2.0,1.0,0,1,0,0,0,0,0
1.0,-0.5320522373798942,5.981414211254481,10.331864538724272,0.3291139240506329,26,0.29877583610534614,0.5560156529334404,0.0,0.0,1.0,1.0,1.0,0,0,0,0,0,0,0
1.0,-0.4333234147828065,4.30406509320417,11.712107393989795,0.0136986301369863,26,0.6444402251999316,0.6493315206093339,0.0,0.4615982955356166,1.0,2.0,2.0,0,1,0,0,0,0,0
1.0,-0.2663854046509774,8.377011160816375,10.935767753502825,0.06306098964326813,25,0.6150759511470276,0.71243576289363,1.0,0.0,1.0,2.0,1.0,0,1,0,0,0,0,0
1.0,-0.44909794919430424,3.367295829986474,11.002364092001207,0.21428571428571427,25,0.28523376728421973,1.0108883752594595,0.0,0.0,1.0,2.0,2.0,0,1,0,0,0,0,0
1.0,1.1561705661137645,5.10594547390058,12.253974552365783,0.40853658536585363,25,0.4713256493319792,0.8273462043267542,1.0,0.04538566472721124,2.0,2.0,1.0,0,0,0,0,0,0,0
1.0,-0.3847074833876112,7.431299675155903,11.979288487393491,0.03141671606401897,25,0.36535879215749634,0.8686585523107574,0.0,0.001023285709930017,1.0,2.0,1.0,0,1,0,0,0,0,0
1.0,-0.4754455157834959,8.537583881063972,10.829989220694952,0.051940415523324186,25,0.32998124149053487,0.8588884275834039,1.0,448.0670559800939,1.0,1.0,1.0,0,0,0,1,0,0,0
1.0,-0.10912859967742755,5.153291594497779,12.733175606605693,0.7848837209302325,25,0.39255346075816305,0.28580428414495157,0.0,0.031487950639404974,1.0,2.0,1.0,0,1,0,0,0,0,0
1.0,-0.35332757537519377,3.7376696182833684,11.831035722474308,0.024390243902439025,24,0.7048173021639937,0.6303599506203772,0.0,0.0,2.0,2.0,1.0,0,1,0,0,0,0,0
1.0,-0.5450620072793311,7.311218384419629,11.23564220294175,0.0,24,0.38633099672894056,1.2265510441448613,0.0,0.008048339433219942,1.0,2.0,2.0,0,1,0,0,0,0,0
1.0,-0.49431659698594577,3.7376696182833684,11.891676418548302,0.0975609756097561,9,0.670798103188622,0.6320160084384324,0.0,0.0,2.0,2.0,2.0,0,1,0,0,0,0,0
1.0,-0.08286867872228768,4.787491742782046,13.454895207750457,0.7142857142857143,24,0.6038898156231342,0.7241263712966537,0.0,0.0,1.0,2.0,2.0,0,1,0,0,0,0,0
1.0,-0.40913708241089697,4.762173934797756,10.833323035263998,0.4827586206896552,24,0.8000850127357219,0.403432195187667,0.0,128.85113448803867,1.0,2.0,1.0,0,0,0,1,0,0,0
1.0,-0.26154678415522914,3.332204510175204,12.412594974619251,0.037037037037037035,25,0.44521868443373064,0.3889944231610161,0.0,0.05736733188322658,1.0,2.0,2.0,0,1,0,0,0,0,0
1.0,-0.4907701332686579,5.541263545158426,10.687358534649196,0.15354330708661418,24,0.6921875063882986,0.4941737262425294,0.0,0.45780055658075347,1.0,1.0,1.0,0,0,0,0,0,0,0
1.0,-0.5445617793860033,4.955827057601261,9.088491635740263,0.06382978723404255,24,0.2702442101906369,2.283909152019819,0.0,0.0,1.0,2.0,1.0,0,0,0,0,0,0,0
1.0,-0.6839577653133708,7.081708586105575,10.957169231558025,0.32548359966358287,24,0.1354111633083032,0.6727431706609445,0.0,0.01184525425395625,1.0,1.0,1.0,0,0,0,0,0,0,0
1.0,-0.5022913772372105,3.7612001156935624,9.9873635630481,0.16666666666666666,24,0.6547278447906925,0.8475214378845983,0.0,0.00013019395001258704,1.0,2.0,2.0,0,1,0,0,0,0,0
1.0,-0.5359872522785121,2.70805020110221,12.386640582297586,0.35714285714285715,24,0.5892582387426022,0.5834580315011573,0.0,0.0,2.0,2.0,2.0,0,1,0,0,0,0,0
1.0,-0.04585106694925725,3.4339872044851463,12.601383147477945,0.7,24,0.674372874657794,0.5609741834165989,0.0,0.05176869565817995,1.0,2.0,2.0,0,1,0,0,0,0,0
1.0,-0.39146795052457856,6.493753839851686,12.189711852865324,0.36666666666666664,24,0.7374434580880386,0.5073762129912371,0.45,0.06793352200929476,1.0,2.0,1.0,0,1,0,0,0,0,0
1.0,-0.23968922981189933,4.343805421853684,12.216753949386755,0.39473684210526316,23,0.7019967357253797,0.7539080852559533,0.0,0.05226407145433184,1.0,2.0,1.0,0,1,0,0,0,0,0
1.0,0.012788392109772326,5.455321115357702,11.034167404090985,0.351931330472103,23,0.3997226016847578,0.6059111055044991,0.0,5.48517198269726,1.0,2.0,1.0,0,0,0,1,0,0,0
1.0,0.5735739913012163,4.465908118654584,13.014134255101858,0.1511627906976744,23,0.14852771879050716,0.6941051528130072,0.0,0.10776993169634617,1.0,1.0,1.0,0,0,0,0,0,0,0
1.0,-0.12463761122244756,3.367295829986474,12.373347488791401,0.42857142857142855,23,0.5594813783548176,0.5482498604526094,0.0,0.04420501942219665,1.0,2.0,1.0,0,1,0,0,0,0,0
1.0,-0.6209029799873558,5.676753802268282,7.437465380758313,0.13402061855670103,23,0.47873354191570866,0.2877833000981871,0.0,0.5473829725910462,1.0,2.0,1.0,0,0,0,0,0,0,0
1.0,0.8235736728530422,4.564348191467836,12.17857313412462,0.24210526315789474,23,0.46662913982238813,0.5888120624957093,0.0,0.0,1.0,2.0,1.0,0,1,0,0,0,0,0
1.0,-0.1635081302461288,2.995732273553991,11.681204588440538,0.3684210526315789,23,0.4643991122343871,0.6908599280843061,0.0,0.00027090807844265725,1.0,2.0,1.0,0,1,0,0,0,0,0
1.0,-0.5311640807877502,6.040254711277414,11.024698834243424,0.3532219570405728,23,0.5895078651905681,0.759745631477844,0.0,0.0,1.0,2.0,1.0,0,1,0,0,0,0,0
1.0,-0.09035399711849466,1.6094379124341003,11.783034659885166,0.0,23,0.2031289677098252,0.9528966355557507,0.5,0.0,1.0,2.0,1.0,0,1,0,0,0,0,0
1.0,-0.2553784578502582,5.262690188904886,10.581312608029533,0.921875,23,0.4760189516942163,0.9347937354745737,0.0,11.59829251604575,1.0,2.0,1.0,0,0,0,1,0,0,0
1.0,-0.3354749650399541,3.8066624897703196,12.360415417296204,0.4318181818181818,23,0.636164432429974,0.7782677182224053,0.0,0.06301595613227884,1.0,2.0,1.0,0,1,0,0,0,0,0
1.0,0.34773433853295066,4.0943445622221,11.688889709918838,0.6779661016949152,23,0.42318600612891893,0.6282266540479887,0.0,6.998322214752703,1.0,2.0,1.0,0,0,0,1,0,0,0
1.0,0.8907970049537133,3.1780538303479458,12.479496926587426,0.5652173913043478,23,0.5362101332699821,0.5427470812371423,0.0,0.0,1.0,2.0,1.0,0,1,0,0,0,0,0
1.0,-0.3829625816564646,5.081404364984463,11.148598011556404,0.2,23,0.4816688080937583,0.6207261190130802,0.0,0.0,1.0,2.0,1.0,0,0,0,0,0,0,0
1.0,-0.2097237426245478,3.784189633918261,12.683300841378184,0.27906976744186046,23,0.4337638757317399,0.7165416028757277,0.0,0.7826283881554841,1.0,2.0,1.0,0,1,0,0,0,0,0
1.0,2.035294969587828,6.315358001522335,12.80851919663612,0.32065217391304346,23,0.08025747434126153,0.9444998939000101,1.0,17.21688002935337,1.0,2.0,1.0,0,0,0,1,0,0,0
1.0,-0.43024011220496294,5.572154032177765,11.148671600805772,0.1946564885496183,23,0.5866557809200482,0.8921873346612264,1.0,0.007103561456912409,1.0,1.0,1.0,0,1,0,0,0,0,0
1.0,-0.24397192512386812,5.198497031265826,11.715798778342107,0.7722222222222223,23,0.7357176113437163,0.8383313911606279,0.0,0.0009577393156467611,1.0,1.0,1.0,0,1,0,0,0,0,0
1.0,-0.4346311043941503,6.747586526829315,11.664041870026855,0.0846063454759107,23,0.6775329263410987,0.2989524546995492,0.0,0.006056289872270333,1.0,2.0,1.0,0,1,0,0,0,0,0
1.0,5.6568550887352025,1.3862943611198906,16.166489165043934,0.3333333333333333,23,0.331348071374008,0.5530290824884347,0.0,0.03258164230499063,2.0,2.0,1.0,0,1,0,0,0,0,0
1.0,-0.21795006950700907,5.241747015059643,10.496742689588721,0.9308510638297872,22,0.6104287899298535,0.8523552944896959,0.0,25.281568069691986,1.0,2.0,1.0,0,0,0,1,0,0,0
1.0,-0.5230458545391323,2.9444389791664403,13.176575640787068,0.1111111111111111,22,0.4466644861176708,0.966156950162924,0.0,0.0,1.0,2.0,1.0,0,1,0,0,0,0,0
1.0,-0.46681532057730135,3.4965075614664802,11.673436411068023,0.125,23,0.6945237582801254,0.19690843150688214,0.0,0.0019084840825339463,1.0,2.0,2.0,0,1,0,0,0,0,0
1.0,0.2721328011697194,3.4011973816621555,12.414797154085507,0.4482758620689655,22,0.7475813300666022,0.22328801263555664,0.0,0.0007130513491212056,1.0,2.0,1.0,0,1,0,0,0,0,0
1.0,0.5611131978463701,4.30406509320417,13.762658861723184,0.4383561643835616,22,0.7929640186986835,0.8470204241545182,1.0,0.027169516435472125,1.0,2.0,1.0,0,1,0,0,0,0,0
1.0,-0.3502817216229984,4.812184355372417,11.841713452288806,0.09016393442622951,22,0.47774023430549983,0.9429970876388138,0.0,0.0,1.0,2.0,1.0,0,1,0,0,0,0,0
1.0,0.003078070810996675,5.003946305945459,11.761592555807246,0.918918918918919,22,0.6627821390000685,0.6968350650209465,1.0,0.43984024919601794,1.0,1.0,2.0,0,0,0,1,1,0,0
1.0,-0.1790615101296436,2.4849066497880004,12.525284106028206,0.45454545454545453,22,0.499307312443816,0.434890109345611,0.0,0.0,1.0,2.0,1.0,0,1,0,0,1,0,0
1.0,-0.2694801934430898,4.02535169073515,11.606160269531923,0.05454545454545454,22,0.5178576463045373,0.5320669387262932,0.0,0.0,1.0,2.0,2.0,0,1,0,0,0,0,0
1.0,-0.16792558404551572,5.545177444479562,9.916678211233872,0.30196078431372547,22,0.36925975675029665,0.9408386668661198,1.0,332.1854,1.0,1.0,2.0,0,0,0,1,0,0,0
1.0,-0.3469804916880155,6.244166900663736,10.629656187807536,0.4785992217898833,22,0.4115991683960652,0.6522747736078289,0.48,69.26453348182103,1.0,2.0,1.0,0,0,0,0,0,0,0
1.0,-0.47053109833078255,4.663439094112067,11.48886479075997,0.009523809523809525,22,0.5551120726833227,0.5200647826648129,0.0,0.06333269630481998,1.0,2.0,2.0,0,1,0,0,0,0,0
1.0,2.538450374888068,4.174387269895637,12.668885836989888,0.984375,22,0.6194451401233833,0.7784626072703544,1.0,4.042350565836084,1.0,2.0,1.0,0,0,0,1,0,0,0
1.0,-0.30449494759772416,4.941642422609304,11.020357098607661,0.2589928057553957,22,0.1529444504668633,0.6766904200552774,0.0,0.0,1.0,2.0,1.0,0,0,0,0,0,0,0
1.0,-0.18147698109111232,2.6390573296152584,13.174331782315017,0.46153846153846156,21,0.5421828077515569,0.9127749330226052,0.0,0.0006920735705612231,2.0,2.0,2.0,0,1,0,0,0,0,0
1.0,-0.3173448063391716,4.110873864173311,10.98602042415075,0.4166666666666667,21,0.41562149034626444,0.8311773803767208,0.0,0.0,1.0,2.0,2.0,0,0,0,0,0,0,0
1.0,-0.32132814568605,5.0689042022202315,10.90929171851619,0.13291139240506328,21,0.14429187703001956,0.45011559544211116,0.0,0.0,1.0,2.0,2.0,0,0,0,0,0,0,0
1.0,0.4401098073788928,2.4849066497880004,12.329339205009958,0.18181818181818182,21,0.5947185059218348,0.7343898050227478,1.0,0.0,1.0,2.0,2.0,0,1,0,0,0,0,0
1.0,-0.2479690463794607,6.948897222313312,11.509896540427333,0.11143131604226705,21,0.2590604891091981,0.3312119363149229,0.0,0.0,1.0,2.0,1.0,0,0,0,0,0,0,0
1.0,-0.24814716754783148,4.04305126783455,11.230214823973162,0.14285714285714285,21,0.25633056975413987,0.45313603147782594,0.0,0.008008023062689938,1.0,1.0,1.0,0,0,0,0,0,0,0
1.0,-0.3614020720099197,3.5263605246161616,11.391824886895936,0.15151515151515152,21,0.5392568150389528,0.7529570715405914,0.0,0.0,1.0,2.0,1.0,0,1,0,0,0,0,0
1.0,-0.2684372862885157,5.303304908059076,11.078204883361705,0.22,21,0.38881332468110313,0.7779174313180671,1.0,1.6843375594901393,1.0,2.0,2.0,0,0,0,1,0,0,0
1.0,-0.1435514233219386,3.6888794541139363,12.043931623500237,0.38461538461538464,21,0.6066453891730476,0.7676077393223366,0.0,0.007171346153982056,1.0,2.0,2.0,0,1,0,0,0,0,0
1.0,-0.494664118497166,4.499809670330265,10.76046497940831,0.11235955056179775,21,0.4674874178602125,0.7938193102797044,0.0,0.0,1.0,2.0,1.0,0,1,0,0,0,0,0
1.0,-0.2985936468288638,3.295836866004329,12.519599574551735,0.6153846153846154,21,0.3140892115888156,0.9097085047943494,0.0,0.05136056511748134,1.0,2.0,2.0,0,1,0,0,0,0,0
1.0,-0.298619827505782,6.003887067106539,10.688008620501021,0.18564356435643564,21,0.2758636736425115,0.577563789686092,1.0,0.0,1.0,2.0,2.0,0,0,0,0,1,0,0
1.0,1.1584913982488823,4.5217885770490405,11.823930947201417,0.8241758241758241,21,0.5161096638298326,0.4117944928640381,1.0,34.79644048018316,1.0,1.0,1.0,0,0,0,1,0,0,0
1.0,1.756547944004104,3.6888794541139363,13.595798164770896,0.2564102564102564,21,0.4958377963538169,0.4976632369866903,1.0,0.0,1.0,2.0,1.0,0,1,0,0,0,0,0
1.0,-0.0471306573180017,4.0943445622221,11.864131242960914,0.864406779661017,21,0.6107202022462639,0.6446629965782452,0.0,0.03989265914983393,1.0,2.0,1.0,0,1,0,0,0,0,0
1.0,-0.4710042750315293,4.127134385045092,10.966746982510815,0.8360655737704918,21,0.531922047734,0.4619670811433851,0.0,0.05680954356549936,1.0,2.0,1.0,0,1,0,0,0,0,0
1.0,0.825858451404636,4.07753744390572,13.060339026423936,0.27586206896551724,21,0.663099153389125,0.25767726026991167,0.0,0.0,1.0,2.0,2.0,0,1,0,0,0,0,0
1.0,-0.3110926414574259,3.9318256327243257,11.817643399574525,0.3,21,0.24143886049556196,0.7798623598728359,1.0,0.0,1.0,2.0,1.0,0,1,0,0,0,0,0
1.0,-0.5366839302977928,6.238324625039508,10.875306705606551,0.1643835616438356,20,0.5429525634447164,0.8353762185574324,0.0,0.0,1.0,2.0,1.0,0,1,0,0,0,0,0
1.0,-0.1514011185419373,4.442651256490317,11.139388748852197,0.07142857142857142,20,0.3611104587096159,0.28366732392417326,0.0,0.0,1.0,1.0,1.0,0,0,0,0,0,0,0
1.0,0.23198540855040897,2.995732273553991,13.299779324857028,0.3157894736842105,20,0.6597710532370563,0.9283359399530721,0.0,0.0032646163552963363,1.0,2.0,2.0,0,1,0,0,0,0,0
1.0,-0.46274234922193824,6.60934924316738,10.833496470893209,0.058029689608636977,20,0.33967247727806327,0.6105766563314841,0.01,0.0,1.0,1.0,1.0,0,0,0,0,0,0,0
1.0,-0.22784573375142775,3.6635616461296463,12.07368150482691,0.5526315789473685,20,0.42172489058794266,0.38343390337795485,0.0,0.0,1.0,1.0,1.0,0,1,0,0,0,0,0
1.0,-0.33415646481116185,4.762173934797756,12.042484940226803,0.06896551724137931,20,0.31814548174640567,0.11222449427044331,0.0,0.0,1.0,2.0,1.0,0,0,0,0,0,0,0
1.0,0.07987677759728726,4.007333185232471,12.350913616246457,0.25925925925925924,20,0.43867924792451246,0.8129019606209568,0.0,0.005496782568886571,1.0,2.0,2.0,0,1,0,0,0,0,0
1.0,-0.6975040574114169,6.142037405587356,10.199400101159473,0.040948275862068964,20,0.5976620728914307,0.882351106938542,1.0,0.0,1.0,2.0,1.0,0,1,0,0,0,0,0
1.0,0.2510921934296815,2.833213344056216,12.925607799524292,0.625,20,0.7273488335036717,0.26001371152384334,0.0,0.0,1.0,2.0,1.0,0,1,0,0,0,0,0
1.0,-0.368007421255959,4.59511985013459,10.819084574461412,0.5918367346938775,20,0.41081338722089566,0.3582212942131774,1.0,1219.968637454982,2.0,2.0,2.0,0,0,0,1,0,0,0
1.0,-0.5351494576946141,3.8501476017100584,11.8388239839265,0.2608695652173913,20,0.5950853342428836,0.7656359214326942,0.0,0.0,1.0,2.0,1.0,0,1,0,0,0,0,0
1.0,-0.5264042372565844,4.204692619390966,10.981240610444623,0.21212121212121213,20,0.5337140429057392,0.5387169313908793,0.0,0.017681000224737006,1.0,2.0,1.0,0,1,0,0,0,0,0
1.0,1.071147543875678,4.219507705176107,12.470837585197069,0.47761194029850745,20,0.29463723422152,0.7519116439465042,0.0,1.6315209854386752e-05,1.0,2.0,1.0,0,0,0,0,0,0,0
1.0,-0.5725180407771083,4.204692619390966,11.163154125400224,0.015151515151515152,19,0.6492740560603033,0.7729894996473513,0.0,0.10925650574651793,1.0,2.0,2.0,0,1,0,0,0,0,0
1.0,0.7312510722390021,3.5553480614894135,13.136500621049638,0.5882352941176471,20,0.5977543182029602,0.538448136487135,0.0,0.01313294945399539,1.0,2.0,2.0,0,1,0,0,0,0,0
1.0,-0.2781121845567671,3.8501476017100584,11.894100553349682,0.34782608695652173,19,0.6990663102593832,0.7839507529432589,0.0,0.06717176132111352,1.0,2.0,1.0,0,1,0,0,0,0,0
1.0,-0.49721924054202427,8.557182839632397,10.703588510358559,0.045742840668844896,19,0.6705479384191755,0.845449557244939,0.0,0.03969827762581113,1.0,2.0,1.0,0,1,0,0,0,0,0
1.0,-0.5425018951081575,3.828641396489095,11.667322209759115,0.0,19,0.5144174036521416,0.7983452311422411,0.0,0.0,1.0,2.0,1.0,0,1,0,0,0,0,0
1.0,-0.15180628328652843,4.700480365792417,11.323935004793913,0.8165137614678899,19,0.48920722052646654,0.8441298481078595,0.0,0.4755161932639167,1.0,2.0,2.0,0,0,0,1,0,0,0
1.0,-0.01981683091566279,4.30406509320417,11.624110587363646,0.3835616438356164,19,0.5347966608786282,0.7721810105388053,0.0,0.004183321674573536,2.0,2.0,2.0,0,1,0,0,0,0,0
1.0,-0.3935891683484889,4.356708826689592,11.54724269214564,0.1038961038961039,19,0.257670309946204,0.6271288151519836,0.0,0.0,1.0,2.0,1.0,0,0,0,0,0,0,0
1.0,-0.19160957211143598,3.6888794541139363,11.692246799098061,0.3076923076923077,19,0.34297806051583496,0.6579043755589709,0.0,0.0,1.0,2.0,1.0,0,1,0,0,0,0,0
1.0,-0.4270091271137634,3.332204510175204,11.879660268050449,0.2222222222222222,19,0.7029371602744131,0.8735090913664231,0.0,0.022985843666444836,1.0,2.0,1.0,0,1,0,0,0,0,0
1.0,-0.28201102234086817,4.564348191467836,12.44735957424949,0.23157894736842105,19,0.42035009423104236,0.5163691423142268,0.0,0.06460673763256151,1.0,2.0,1.0,0,1,0,0,0,0,0
1.0,2.747189226235065,1.9459101490553132,13.476618462511587,0.6666666666666666,19,0.5646718709164514,0.2792087197539383,1.0,0.0,1.0,2.0,1.0,0,1,0,0,0,0,0
1.0,0.031301413190309366,3.4965075614664802,11.387222634744575,0.875,19,0.3582797782037843,0.8449872323416162,0.0,0.00022329447904400563,1.0,2.0,1.0,0,1,0,0,0,0,0
1.0,0.7772774783293407,3.295836866004329,13.830476810490568,0.19230769230769232,19,0.44330747733775405,0.6659595590682836,0.0,0.060648627587691864,2.0,2.0,2.0,0,0,1,0,0,0,0
1.0,-0.2590036579978904,3.4011973816621555,11.301563104164272,0.13793103448275862,19,0.8217374811339283,0.9303180239108997,0.0,0.00503445568614247,1.0,2.0,1.0,0,1,0,0,0,0,0
1.0,-0.11226355309175426,3.1780538303479458,11.522494750354895,0.0,19,0.1341149616829399,0.5525259119793703,0.0,0.0,1.0,2.0,1.0,0,0,0,0,0,0,0
1.0,-0.3778246706696051,5.497168225293202,11.316687472841677,0.24279835390946503,18,0.5132469771830034,0.21483701897170146,0.0,0.0,1.0,2.0,1.0,0,1,0,0,0,0,0
1.0,-0.2689914528933585,3.6375861597263857,11.384069150284912,0.24324324324324326,18,0.4096570082759595,0.7096107339467029,0.0,0.009155113784985614,1.0,2.0,1.0,0,1,0,0,0,0,0
1.0,-0.591952813229361,4.477336814478207,10.572643778022115,0.12643678160919541,18,0.40539001680466685,0.8291841039283362,0.0,0.0,1.0,2.0,2.0,0,1,0,0,0,0,0
1.0,0.19233727178350352,3.912023005428146,14.257083428080367,0.20408163265306123,18,0.3551882697838178,0.04791298674488681,0.0,40.648608223133884,2.0,2.0,1.0,0,0,0,1,0,0,0
1.0,-0.20625593535086847,3.6109179126442243,11.897533834846886,0.25,18,0.6239447136340444,0.3744107974580335,0.0,0.0034347575912771493,2.0,2.0,2.0,0,1,0,0,0,0,0
1.0,-0.15349849509986876,4.605170185988092,11.281899540326233,0.1717171717171717,18,0.15624436797685656,0.3336976460595812,0.0,0.0,1.0,2.0,2.0,0,0,0,0,0,0,0
1.0,-0.29739947866287775,7.322510433997394,9.92989735578173,0.6582947785855915,18,0.5913822762241695,0.694637111390796,0.0,3.1847409263220867,1.0,2.0,1.0,0,0,0,1,0,0,0
1.0,-0.5843054012631951,7.410347097821024,10.358081212536653,0.06598062953995157,18,0.38071773471145814,0.8007198491718978,0.0,186649.70652173914,1.0,2.0,1.0,0,0,0,1,0,0,0
1.0,-0.27573990946618365,4.23410650459726,12.366334968305129,0.35294117647058826,18,0.6435890956025896,0.7891053589960377,0.0,0.0,1.0,2.0,1.0,0,1,0,0,0,0,0
1.0,-0.40987103372799827,2.995732273553991,10.657676605312751,0.21052631578947367,18,0.6498597241568735,0.5402392618139235,0.0,0.0014128086091992522,1.0,2.0,2.0,0,1,0,0,0,0,0
1.0,-0.29397512020166316,5.700443573390687,12.525832417853312,0.09395973154362416,18,0.3560018986186802,0.941695887685216,0.01,0.0,1.0,2.0,1.0,0,1,0,0,0,0,0
1.0,0.8593173887412471,3.5553480614894135,11.763126234147284,0.9705882352941176,18,0.5449370608991201,0.6441613006577994,1.0,0.04611359585976307,1.0,2.0,1.0,0,1,0,0,0,0,0
1.0,-0.48692749090368076,7.323830566202317,11.039713367357583,0.07392739273927393,18,0.35018958049801885,0.4480233924299874,0.0,0.02255682776917833,1.0,2.0,2.0,0,1,0,0,0,0,0
1.0,0.2476595704345443,3.828641396489095,12.059920356088856,0.6444444444444445,18,0.6288760828892649,0.6056595839350634,1.0,0.12871804072438897,1.0,2.0,2.0,0,1,0,0,0,0,0
1.0,1.3092292066391416,1.791759469228055,14.901937506004575,1.0,18,-0.6140088944064883,0.95095369759765,1.0,0.0,1.0,2.0,1.0,0,1,0,0,0,0,0
1.0,-0.25246686446670136,4.859812404361672,10.664524809227695,0.09375,18,0.24045697304627942,0.5718963635633648,0.0,0.01033860659706487,1.0,2.0,2.0,0,0,0,0,0,0,0
1.0,-0.14886280477153038,2.8903717578961645,12.759695553998553,0.29411764705882354,17,0.6360985430712525,0.9163755708071375,0.0,0.0,2.0,2.0,2.0,0,1,0,0,0,0,0
1.0,3.299617311796727,2.5649493574615367,13.457296453935657,0.08333333333333333,17,0.4511354376279657,0.33282079830272054,1.0,0.015988712824031345,1.0,2.0,2.0,0,1,0,0,1,0,0
1.0,-0.575832940078215,7.432483807917119,10.157990533840266,0.08052101835405566,17,0.3815226146297901,0.8819251382950467,0.0,2978.434595132468,1.0,2.0,1.0,0,0,0,1,0,0,0
1.0,0.7504991753461984,4.624972813284271,13.552566071735342,0.6435643564356436,17,0.6025852139045936,0.6910549353001935,0.33,0.0,1.0,2.0,1.0,0,1,0,0,0,0,0
1.0,0.07431581991132845,3.1354942159291497,12.581476936014216,0.18181818181818182,17,0.7858222400587467,0.5079789630119561,0.0,0.0,1.0,2.0,1.0,0,1,0,0,0,0,0
1.0,0.3501253093405585,3.091042453358316,12.699298585166478,0.3333333333333333,17,0.642504255106203,0.42228315526677707,1.0,0.0,1.0,2.0,1.0,0,1,0,0,1,0,0
1.0,-0.5517876382242426,4.276666119016055,11.067463286083147,0.08450704225352113,17,0.6995406020161046,0.9809241153564269,0.0,0.0,1.0,2.0,2.0,0,1,0,0,1,0,0
1.0,-0.2671439532644596,5.575949103146316,12.125044707746511,0.20912547528517111,17,0.26494218589028806,0.7031810854667393,0.0,0.04652670293263122,1.0,2.0,2.0,0,0,0,0,0,0,0
1.0,0.8373499862403471,4.672828834461906,10.327596335692252,0.9622641509433962,17,0.963398038741476,0.6205858685442677,1.0,1.008505887483646,2.0,1.0,2.0,0,0,0,1,0,0,0
1.0,-0.2828105021605686,5.308267697401205,11.115125605131757,0.263681592039801,17,0.17612066667223136,0.723781795743554,0.0,0.09549745476411144,1.0,1.0,1.0,0,0,0,0,0,0,0
1.0,-0.5049705856760228,3.713572066704308,11.913694731518786,0.05,17,0.46433776557411893,0.7287973192901163,0.0,0.0,1.0,2.0,1.0,0,1,0,0,0,0,0
1.0,0.6259127332220349,3.5263605246161616,12.744703195472654,0.2727272727272727,17,0.8277106392178747,0.19239073915530286,0.7,0.002183906019185075,1.0,2.0,1.0,0,1,0,0,0,0,0
1.0,-0.5333382153049359,7.149916836132109,11.253997563593714,0.2655145326001571,17,0.5672477736533671,0.7716533045837016,0.0,0.0,1.0,1.0,1.0,0,1,0,0,0,0,0
1.0,-0.336700623674125,3.295836866004329,11.91679545540051,0.7307692307692307,17,0.2880506710122959,0.8815814953060771,0.0,0.2522655059064317,1.0,2.0,1.0,0,1,0,0,0,0,0
1.0,-0.30638164733725093,3.970291913552122,11.887069905560779,0.23076923076923078,17,0.5869636241412092,0.7498898396215695,0.0,0.0,1.0,2.0,1.0,0,1,0,0,0,0,0
1.0,0.4784096290435412,3.4657359027997265,12.26796462330446,0.7419354838709677,17,0.6689442296349696,0.2818068344162662,1.0,0.011493296546271901,1.0,1.0,1.0,0,1,0,0,0,0,0
1.0,0.4094716033675625,4.07753744390572,11.582124338225864,0.22413793103448276,16,0.4995165667957835,0.5734503117042082,1.0,0.0,1.0,2.0,1.0,0,1,0,0,0,0,0
1.0,-0.4390511028259577,3.295836866004329,12.051965971144918,0.2692307692307692,16,0.6267169168193059,0.4149735502083879,0.0,0.0028682984639069983,1.0,2.0,1.0,0,1,0,0,0,0,0
1.0,0.8398783523757543,1.9459101490553132,12.979483663158902,0.8333333333333334,16,-0.013757362616964927,0.8721183710180349,0.0,0.0,1.0,2.0,1.0,0,1,0,0,0,0,0
1.0,-0.3133153076682833,5.247024072160486,10.662371940284284,0.15873015873015872,16,0.3200533990972621,0.6583868449342124,0.0,0.0,1.0,2.0,1.0,0,0,0,0,0,0,0
1.0,-0.09150732735840436,4.248495242049359,11.503300598539074,0.17391304347826086,16,0.5277870262735496,0.7521986912771418,0.0,0.0,1.0,2.0,2.0,0,0,0,0,0,0,0
1.0,-0.20133738360972536,4.844187086458591,10.765711892063827,0.5952380952380952,16,0.5235732632276456,0.6049064222642964,0.95,0.0,1.0,2.0,2.0,0,1,0,0,0,0,0
1.0,0.013116689372212081,3.828641396489095,12.345271434194961,0.28888888888888886,16,0.040987382503706433,1.0141727751242058,0.0,0.16751559544379174,1.0,2.0,1.0,0,0,0,0,1,0,0
1.0,0.39544775143528543,2.9444389791664403,13.118270791967273,0.1111111111111111,16,0.7239920183008468,0.3079572707320491,0.0,0.0,2.0,2.0,1.0,0,1,0,0,0,0,0
1.0,-0.06717012791428456,3.58351893845611,11.620727169927875,0.02857142857142857,16,0.2011402721437794,0.8742247699608989,0.0,0.18848025620970352,1.0,2.0,2.0,0,0,0,0,0,0,0
1.0,0.14806188510165152,3.784189633918261,10.742902765198446,0.20930232558139536,16,0.16312985714565767,0.9801538826280798,1.0,0.0,1.0,2.0,1.0,0,1,0,0,0,0,0
1.0,-0.5252903226909171,4.499809670330265,11.59310178515196,0.15730337078651685,16,0.5785987097720109,0.8475974881326775,0.0,0.0009241294583505528,1.0,2.0,1.0,0,1,0,0,0,0,0
1.0,-0.5845852406988363,6.342121418721152,10.099280715587533,0.10758377425044091,16,0.3814460732639116,0.8846153148982435,0.0,259.4925302955823,1.0,2.0,1.0,0,0,0,1,0,0,0
1.0,-0.33714331937351866,4.574710978503383,10.885496383010235,0.22916666666666666,16,0.16616078299777787,0.5417067324340263,0.0,0.0,1.0,2.0,2.0,0,1,0,0,0,0,0
1.0,2.438103551469199,3.2188758248682006,13.83382114134377,0.625,16,0.5960486092343984,0.5432701107428329,0.5,0.0009037502155903752,1.0,2.0,1.0,0,1,0,0,0,0,0
1.0,-0.16381405927664927,3.5263605246161616,11.76665982480632,0.9696969696969697,16,0.23893179759472485,0.7666238587158931,0.0,2.3353807302278127,1.0,2.0,2.0,0,0,0,1,0,0,0
1.0,1.2865065478726352,4.060443010546419,12.513704393289576,0.3157894736842105,16,0.44108378386434643,0.3466234169339626,1.0,0.022551825620977916,1.0,2.0,1.0,0,1,0,0,0,0,0
1.0,1.887007862185775,2.772588722239781,13.78810229299226,1.0,16,0.2466414076660695,0.5497786691976755,0.0,0.0,1.0,2.0,2.0,0,1,0,0,1,0,0
1.0,-0.4552891854240867,3.912023005428146,11.875509771325817,0.10204081632653061,15,0.5155228440439685,0.548972447251194,0.0,0.0,1.0,2.0,2.0,0,1,0,0,0,0,0
1.0,-0.5213941149870697,5.616771097666572,12.096511897877367,0.3029197080291971,15,0.6512472918275807,0.9264505602945696,0.0,0.0059924535569535935,1.0,2.0,1.0,0,1,0,0,0,0,0
1.0,-0.6435637267108083,4.852030263919617,11.095597116461134,0.11811023622047244,15,0.5098421743766406,0.7399251388631419,0.0,0.0025144227212613814,1.0,2.0,1.0,0,1,0,0,0,0,0
1.0,0.20032748052176602,1.791759469228055,13.587311499079386,0.2,15,0.774877634809897,0.8871859660125674,0.0,0.0,2.0,2.0,1.0,0,0,0,0,0,0,0
1.0,-0.35895740747512095,5.905361848054571,11.634773451551176,0.24863387978142076,15,0.5362687421578985,0.7620410731862381,0.0,0.0,1.0,2.0,1.0,0,1,0,0,0,0,0
1.0,0.36660366229920077,4.143134726391533,10.744135586780567,0.8387096774193549,15,0.2187537490398234,0.8882448214133493,0.0,186.05446650514457,2.0,2.0,1.0,0,0,0,1,0,0,0
1.0,-0.4072183344587089,3.1780538303479458,11.49253773610072,0.5652173913043478,15,0.586380508160658,0.7429751149292675,0.0,0.009401148267061564,1.0,2.0,1.0,0,1,0,0,0,0,0
1.0,-0.47920415709084874,3.713572066704308,10.86407025160582,0.15,15,0.5845575260699125,0.8584319324957487,0.0,0.0037876371358604075,1.0,1.0,1.0,0,1,0,0,0,0,0
1.0,-0.36641104870925373,2.995732273553991,12.276146721778229,0.2631578947368421,15,0.6589910687007051,0.5154994805945512,0.0,0.015854784353301645,1.0,2.0,2.0,0,1,0,0,0,0,0
1.0,0.14620932376954865,4.127134385045092,11.587684934455343,0.8524590163934426,15,0.7999113633064293,0.25838847813728283,1.0,0.012131814937583816,1.0,2.0,2.0,0,1,0,0,0,0,0
1.0,-0.36677958154640355,4.51085950651685,11.297561711287406,0.14444444444444443,14,0.23800801850195502,0.6059332072149074,0.0,0.0,1.0,2.0,1.0,0,0,0,0,0,0,0
1.0,-0.5832478281753621,1.9459101490553132,11.335575529162572,0.5,14,0.8133682539889883,0.38762671994841646,0.0,0.0,2.0,2.0,1.0,0,1,0,0,0,0,0
1.0,-0.5224258063937345,4.709530201312334,10.895288947657392,0.02727272727272727,14,0.488025746357066,0.9591826790873674,0.0,0.0,2.0,2.0,1.0,0,1,0,0,0,0,0
1.0,-0.0603343571322949,3.044522437723423,13.054382565041301,1.0,14,0.6441923040145442,0.5962176717725076,0.0,0.0,1.0,2.0,1.0,0,1,0,0,0,0,0
1.0,-0.46614094432453523,3.4339872044851463,11.787696801390398,0.23333333333333334,14,0.6574397893681694,0.9960075053328231,0.0,0.0,1.0,2.0,1.0,0,1,0,0,0,0,0
1.0,-0.4484550640203645,4.442651256490317,11.736420763937788,0.05952380952380952,14,0.4665257633936626,0.7130345662110456,0.0,0.0005015171597802472,1.0,2.0,1.0,0,1,0,0,0,0,0
1.0,-0.5645351136623501,4.574710978503383,10.690876397164974,0.1875,40,0.7206910791897599,0.6069365901683015,0.0,0.0,1.0,2.0,2.0,0,1,0,0,0,0,0
1.0,-0.6237683979841401,3.4657359027997265,9.290435683725157,0.1935483870967742,49,0.6445003186977519,0.6052796140789709,0.0,0.0,2.0,2.0,2.0,0,1,0,0,0,0,0
1.0,-0.3760150721263605,3.58351893845611,9.76567435298479,0.02857142857142857,27,0.7652989384202273,0.31528184072096654,0.0,0.0,1.0,2.0,2.0,0,1,0,0,0,0,0
1.0,0.10772078636798757,3.2188758248682006,12.97366400660043,0.2916666666666667,23,0.24317346712681903,0.4568685254973112,0.0,0.012248186358942165,2.0,2.0,2.0,0,0,0,0,0,0,0
1.0,0.046884749623744004,2.995732273553991,11.582499150208353,0.10526315789473684,19,0.1412432671487072,0.35395492513542787,0.0,0.0,1.0,2.0,1.0,0,0,0,0,0,0,0
1.0,-0.5394515639755474,2.4849066497880004,12.41001558466437,0.18181818181818182,15,0.37344724580787514,0.87161947013205,0.0,0.020408209845846417,1.0,2.0,1.0,0,1,0,0,0,0,0
1.0,-0.33976593277543055,5.877735781779639,11.952053483297696,0.45224719101123595,64,0.30965803311156676,0.4922029544446078,0.02,0.1003250456906594,1.0,2.0,2.0,0,1,0,0,0,0,0
1.0,-0.49441350329384604,2.4849066497880004,11.815414417959584,0.18181818181818182,63,0.39304987038808326,0.24920357882319114,0.0,0.0,1.0,2.0,2.0,0,1,0,0,0,0,0
1.0,-0.040931775203846325,4.430816798843313,12.127117448711925,0.25301204819277107,43,0.3053592585962551,0.5666836835506273,0.0,0.0,2.0,2.0,2.0,0,0,0,0,0,0,0
1.0,-0.3417645938581319,5.41610040220442,11.502026961082333,0.22767857142857142,38,0.6077632643693699,0.7356395446580591,0.0,0.01928851482933868,1.0,2.0,2.0,0,1,0,0,1,0,0
1.0,-0.3718288128322614,7.288927694521257,10.741104320600071,0.28298017771701983,43,0.35336912536088205,0.6918615006612748,0.0,0.0,1.0,1.0,1.0,0,0,0,0,0,0,0
1.0,-0.194770134344395,6.280395838960195,11.838156031287712,0.2701688555347092,52,0.5836132783020879,0.763303159351053,0.0,0.13621938033949102,1.0,1.0,2.0,0,1,0,0,0,0,0
1.0,-0.6261963337991024,4.634728988229636,11.754767381666422,0.3333333333333333,48,0.09916379731735404,0.8899262502073624,0.0,0.12809156000100755,1.0,2.0,2.0,0,0,1,0,0,0,0
1.0,-0.36120558001641995,5.60947179518496,11.517148505223085,0.08455882352941177,45,0.2810900545433668,0.6313927347907006,0.0,0.010093999133758014,1.0,2.0,1.0,0,0,0,0,0,0,0
1.0,-0.4759870361953753,5.6131281063880705,11.372704072741804,0.10256410256410256,44,0.34340348506720114,0.3932828929659461,0.0,0.009446486790039363,1.0,2.0,2.0,0,0,0,0,0,0,0
1.0,-0.3481965723239563,4.543294782270004,11.269510079525332,0.17204301075268819,44,0.2555951998900411,0.6811723255264345,0.0,0.0031353419597024553,1.0,2.0,1.0,0,0,0,0,0,0,0
1.0,-0.5431313727271376,3.828641396489095,9.083713343249235,0.1111111111111111,39,0.7373096765023119,4.321416229224106,0.0,0.0,1.0,2.0,1.0,0,1,0,0,0,0,0
1.0,-0.014770206269579686,4.007333185232471,12.06490987986746,0.3333333333333333,39,0.5729520513129523,0.3246290508188009,0.0,0.0,1.0,2.0,2.0,0,1,0,0,0,0,0
1.0,-0.522980627103078,4.23410650459726,10.861991123023024,0.07352941176470588,38,0.6067464759574202,0.38521985446047513,0.0,0.0,1.0,2.0,2.0,0,1,0,0,0,0,0
1.0,-0.26020777134975825,5.181783550292085,12.014552025441404,0.1977401129943503,38,0.7132959656248954,0.3997472433427718,0.0,0.018449571470927847,1.0,2.0,1.0,0,1,0,0,0,0,0
1.0,0.029902134724601348,3.332204510175204,13.180350205216296,0.037037037037037035,37,0.1375179461539192,0.41977005770401477,0.0,0.0021945852551518586,1.0,2.0,2.0,0,1,0,0,0,0,0
1.0,-0.2548020926736725,4.406719247264253,11.539644929064362,0.16049382716049382,36,0.30099476925236324,0.617259892221235,0.0,0.00027769541438240166,1.0,2.0,2.0,0,0,0,0,0,0,0
1.0,-0.20228633412385405,4.2626798770413155,11.907294187660261,0.12857142857142856,35,0.5270123543022495,0.6869348430315613,0.0,0.016894790269436282,1.0,2.0,2.0,0,1,0,0,1,0,0
1.0,-0.44776090727121076,4.859812404361672,11.555766494866099,0.1875,32,0.3499124127351264,0.4281381358432048,0.0,0.016964893001289998,1.0,2.0,2.0,0,0,0,0,0,0,0
1.0,-0.3791375748660997,4.543294782270004,11.888255519531294,0.20430107526881722,24,0.20108553027660028,0.4444372454249821,0.0,0.002409798744002123,1.0,2.0,2.0,0,0,0,0,0,0,0
1.0,-0.646074023409946,4.7535901911063645,10.747592557204866,0.21739130434782608,23,0.5628444785787187,0.7815644018331624,0.0,0.0,1.0,2.0,2.0,0,1,0,0,0,0,0
1.0,-0.4704256135912481,4.07753744390572,12.346165642545975,0.27586206896551724,23,0.5411615565999425,0.5698492524069534,0.0,0.0019877043191770475,1.0,2.0,1.0,0,1,0,0,0,0,0
1.0,-0.21421370310909663,5.948034989180646,11.76865374460967,0.34293193717277487,22,0.1825101694007531,0.6831806894651548,0.0,0.0011892461034359492,1.0,2.0,1.0,0,0,0,0,0,0,0
1.0,-0.5576908618475123,3.044522437723423,10.918564234900956,0.1,21,0.7102405229061926,0.22787979815366774,0.0,0.01598002467144803,2.0,2.0,1.0,0,1,0,0,0,0,0
1.0,-0.32922585864034454,3.4965075614664802,12.913648742422536,0.09375,21,0.7144807961102724,0.34620599404111985,0.0,0.0037070363257937283,1.0,2.0,1.0,0,1,0,0,0,0,0
1.0,0.09297390187296414,3.6635616461296463,12.57999095910507,0.23684210526315788,19,0.5414723561382006,0.8354526938490171,0.0,0.0032465687809969984,1.0,2.0,1.0,0,1,0,0,0,0,0
1.0,-0.4873466721523146,3.7612001156935624,11.237271086396088,0.5,17,0.679677719442122,0.8882381651116003,0.0,0.0,1.0,2.0,2.0,0,1,0,0,0,0,0
1.0,-0.5060483738963806,5.220355825078324,10.086313737418692,0.2826086956521739,17,0.21316445607026538,0.8266339523477013,0.0,0.0013788913392173362,1.0,2.0,2.0,0,0,0,0,0,0,0
1.0,-0.44529821794200836,5.768320995793772,11.842872495385267,0.16300940438871472,17,0.5435886791234987,0.8087275560031332,0.0,0.007782998069133316,1.0,2.0,1.0,0,1,0,0,0,0,0
1.0,-0.09650368695530771,5.723585101952381,12.491495684679977,0.09508196721311475,17,0.6725581071854031,0.5866785674997558,0.0,0.01764552897942125,1.0,2.0,1.0,0,1,0,0,0,0,0
1.0,-0.44939945960213423,4.143134726391533,11.950099478934597,0.1935483870967742,16,0.6473755248442261,0.4008460391293097,0.0,0.0,1.0,2.0,1.0,0,1,0,0,0,0,0
1.0,-0.40859778104651556,2.8903717578961645,11.434247609775383,0.17647058823529413,33,0.6465426681307471,0.7122347117809639,0.0,0.12739057639725157,1.0,2.0,1.0,0,1,0,0,1,0,0
1.0,-0.5196993487292878,4.709530201312334,11.824792327078836,0.22727272727272727,23,0.7615971442519646,0.7083320715970507,0.0,0.0,1.0,2.0,1.0,0,1,0,0,0,1,0
1.0,-0.4909700195269291,4.406719247264253,10.587338259419358,0.09876543209876543,19,0.6347560464067618,0.7161973221912697,0.0,0.0,1.0,2.0,2.0,0,1,0,0,0,1,0
1.0,-0.5985169568681112,3.58351893845611,11.746372552080128,0.08571428571428572,15,0.5854724871485479,0.7737795106006955,0.0,0.0,1.0,2.0,1.0,0,1,0,0,0,0,0
1.0,-0.5977392303891589,3.9318256327243257,11.78755998713271,0.14,14,0.6336984406269727,0.8101399076441165,0.0,0.0,1.0,2.0,1.0,0,1,0,0,0,0,0
1.0,-0.3177128122022504,3.8918202981106265,10.964860829848902,0.4375,16,0.5142905833461974,0.9286799611918652,0.0,0.1921233622791601,1.0,2.0,1.0,0,0,0,1,0,0,0
1.0,0.10294655188840054,4.6913478822291435,12.408819366377795,0.28703703703703703,15,0.6890438538382102,0.31426776342219903,0.0,0.0,1.0,2.0,1.0,0,1,0,0,1,0,0
1.0,-0.4844609525107586,4.219507705176107,10.778695994822176,0.16417910447761194,13,0.44961586495447203,1.3417182566243746,1.0,0.001557761147529518,1.0,2.0,2.0,0,1,0,0,0,0,0
1.0,-0.16427186538134364,3.091042453358316,12.716353263664715,0.23809523809523808,32,0.6438219495283513,0.6368966426606577,0.0,0.0,2.0,2.0,2.0,0,1,0,0,1,0,0
1.0,-0.5660752116501357,2.70805020110221,11.011941726762057,0.0,25,0.6385317779166543,0.7084501363913926,0.0,0.0,2.0,2.0,2.0,0,1,0,0,1,0,0
1.0,-0.44905436849306885,5.209486152841421,11.108345761478983,0.07692307692307693,15,0.3653685713599682,0.7056594426551143,0.0,0.002057991758146698,1.0,2.0,1.0,0,0,0,0,0,0,0
1.0,-0.2596510595941388,3.5553480614894135,12.032437487791853,0.17647058823529413,15,0.6810157057876896,0.3295500230053166,0.0,0.0,1.0,2.0,1.0,0,1,0,0,0,0,0
1.0,2.358537241407598,7.568379267836522,13.519573077541471,0.4785529715762274,22,0.909964269182329,0.5943670378578197,1.0,0.002276349814452027,1.0,2.0,2.0,1,0,0,0,0,0,0
1.0,-0.1432044167467284,4.77912349311153,11.1778212751969,0.2966101694915254,41,0.3847307710579926,0.5552210239061838,0.85,16.777015391311124,1.0,2.0,1.0,0,0,0,1,0,0,0
1.0,-0.16137316548207367,4.709530201312334,10.80583110953413,0.8818181818181818,41,0.7801177496457369,0.5097572456359694,0.0,0.29368511746601483,1.0,1.0,1.0,0,0,0,1,0,0,0
1.0,-0.2873587195322216,5.123963979403259,10.548397118338903,0.31137724550898205,29,0.32872512848563334,0.8653723794839923,0.0,0.0,2.0,2.0,1.0,0,0,0,0,0,0,0
1.0,-0.2627771900721969,2.6390573296152584,12.812377176124025,0.0,38,0.2810234630023999,0.5133286963409012,0.0,0.0,1.0,2.0,2.0,0,1,0,0,1,0,0
1.0,-0.3344934928562009,2.3978952727983707,12.047975689387062,0.8,21,0.3240960502011589,0.9685468549783195,0.0,0.0,1.0,2.0,1.0,0,1,0,0,1,0,0
1.0,-0.40004730856694837,4.955827057601261,11.436158609234214,0.1276595744680851,16,0.6224836270157355,0.69278087295479,0.0,0.0,1.0,2.0,2.0,0,1,0,0,1,0,0
1.0,-0.5771732264709275,5.429345628954441,10.786291928315405,0.00881057268722467,15,0.3685370061347046,0.6506507473217009,0.0,0.0,1.0,2.0,2.0,0,0,0,0,1,0,0
1.0,-0.3456179732133179,3.367295829986474,10.089812987861897,0.03571428571428571,14,0.8172269406966438,3.283539459408183,0.0,0.0,1.0,2.0,2.0,0,1,0,0,0,0,0
1.0,-0.32423302701964196,4.04305126783455,10.587399360884769,0.26785714285714285,25,0.16262951042068444,0.5801490705395088,0.0,0.0,2.0,2.0,1.0,0,0,0,0,0,0,0
1.0,0.38999017697709,3.9318256327243257,12.671640074373425,0.02,18,0.21696308550448998,0.6532020459625913,0.0,0.00471296728703113,1.0,2.0,1.0,0,0,0,0,1,0,0
1.0,0.23230679096166393,5.981414211254481,12.631212491562348,0.3670886075949367,35,0.332820169273555,0.6448964829903894,1.0,0.027623034178446824,1.0,2.0,2.0,0,0,0,0,1,0,0
1.0,-0.3787869978583936,3.5553480614894135,11.724797257435625,0.029411764705882353,24,0.7013804117432735,0.348220154057392,0.0,0.0,2.0,2.0,2.0,0,1,0,0,1,0,0
1.0,-0.422498235653339,4.07753744390572,11.598127519340814,0.06896551724137931,15,0.6910143908855584,0.7086727412953308,0.0,0.0,1.0,2.0,1.0,0,1,0,0,1,0,0
1.0,-0.5398528540510785,4.663439094112067,10.702711420812888,0.05714285714285714,23,0.481427061127458,0.8939299621726781,0.0,0.01913096568760978,2.0,2.0,1.0,0,1,0,0,1,0,0
1.0,-0.10407470555396423,4.406719247264253,11.514805548357195,0.19753086419753085,35,0.5151148509187117,0.20251327083796972,0.0,0.0,1.0,2.0,2.0,1,0,0,0,0,0,0
1.0,-0.4846417599149058,2.5649493574615367,12.114665256586848,0.16666666666666666,21,0.599037911795438,0.45195490376371134,0.0,0.0,2.0,2.0,2.0,0,1,0,0,1,0,0
1.0,-0.001839582926097736,4.418840607796598,11.343198554281692,0.15853658536585366,42,0.3055418709058067,0.5855989262208955,0.0,1.1783292586453813,2.0,2.0,1.0,0,0,0,1,1,0,0
1.0,-0.5048689515621998,2.5649493574615367,10.39357716353722,0.08333333333333333,28,0.47947301454363894,0.894524719293275,0.0,0.0017298464176663522,1.0,2.0,2.0,0,1,0,0,0,0,0
1.0,2.538511168130527,8.781094735202615,0.0,0.3568904593639576,14,0.8858713002942981,0.0,0.0,0.0,0.0,0.0,0.0,1,0,0,0,0,0,0
1.0,-0.4345500335368293,3.5263605246161616,12.15127337186313,0.09090909090909091,15,0.6845468427671851,0.7552481801043306,0.0,0.0,1.0,2.0,2.0,0,1,0,0,1,0,0
1.0,-0.4522312197019144,7.01301578963963,10.759468225726291,0.16306306306306306,24,0.13609820873219475,0.7666517552002926,0.0,0.0,1.0,1.0,2.0,0,0,0,0,1,0,0
1.0,-0.3600270560056994,5.1298987149230735,11.050205719905424,0.09523809523809523,20,0.20076480323717846,0.5839920836503857,0.0,19.849299068305342,1.0,2.0,2.0,0,0,0,0,1,0,0
1.0,-0.20128790545210962,3.784189633918261,11.660054741707096,0.9069767441860465,18,0.3985617027928515,0.5841155405686173,0.0,1.139921761150711,1.0,2.0,1.0,0,1,0,0,1,0,0
1.0,-0.4240767133805389,5.170483995038151,10.919494638858103,0.26285714285714284,13,0.7730342447750135,0.6269629001933109,0.0,0.0,1.0,2.0,2.0,1,0,0,0,1,0,0
1.0,-0.1641517668473224,3.8501476017100584,11.183381606394489,0.2826086956521739,20,0.38033111872696646,0.38039517462835254,0.0,0.001854643426991245,1.0,1.0,1.0,0,0,0,0,0,0,0
1.0,-0.2790341289997957,5.176149732573829,12.705932948856205,0.2727272727272727,16,0.392909931225781,0.6018386085882593,1.0,0.005019656582775072,1.0,2.0,1.0,0,1,0,0,1,0,0
1.0,-0.5321184292074901,4.343805421853684,9.503972798013296,0.02631578947368421,24,0.486487544658151,0.9799392723473347,0.0,0.0,1.0,2.0,2.0,0,1,0,0,0,0,0
1.0,-0.4002401198204293,4.969813299576001,10.538416708292905,0.23776223776223776,15,0.4651055842175425,0.6580582681875443,0.0,0.0029391985628494707,1.0,2.0,2.0,0,0,0,0,0,0,0
1.0,-0.38954292136105767,3.7612001156935624,12.191398118451838,0.16666666666666666,41,0.1688265056363094,0.7194447370684615,0.0,0.0,1.0,2.0,1.0,0,1,0,0,1,0,0
1.0,-0.22291570614092598,3.871201010907891,12.125671673332956,0.1702127659574468,14,0.6258397633815717,0.5229504639736733,0.0,2.6274044990563205e-05,1.0,2.0,2.0,0,1,0,0,1,0,0
1.0,0.31008985031086445,4.3694478524670215,12.250719807069586,0.1282051282051282,31,0.6337538398677026,0.8618106693149913,0.0,1.4029250863571057,2.0,2.0,2.0,0,0,0,1,1,0,0
1.0,0.14159799800552797,2.9444389791664403,12.425965140103926,0.7222222222222222,28,0.44359541891546306,0.835987885965413,0.0,0.021902830997497943,1.0,2.0,1.0,0,1,0,0,1,0,0
1.0,-0.39561225803329914,4.430816798843313,11.652728894174686,0.20481927710843373,14,0.44866913252041374,0.8539687488508758,0.0,0.011901314737395198,2.0,2.0,2.0,0,1,0,0,1,0,0
1.0,-0.08458063443475695,3.5553480614894135,14.213234446668107,0.0,15,0.496347334899742,0.08884254587061695,0.0,0.0004899900349014588,1.0,2.0,1.0,0,1,0,0,1,0,0
1.0,4.286069417164125,1.3862943611198906,15.270315852235267,0.3333333333333333,14,0.09237839591844366,1.032002627044159,0.0,0.0547889525086078,1.0,2.0,1.0,0,0,0,1,0,0,0
1.0,0.1521027807484311,3.8501476017100584,13.229809460232522,0.30434782608695654,31,0.7739168734023772,0.1697471691734225,0.0,0.02630584020545563,1.0,2.0,1.0,0,1,0,0,0,0,0
1.0,0.1036627894276063,1.0986122886681098,13.410441871270757,0.5,22,0.6765577668479854,0.7391757755686503,0.0,0.001903812111273063,1.0,2.0,2.0,0,1,0,0,1,0,0
1.0,-0.448903204692405,4.204692619390966,11.688037891244633,0.3939393939393939,21,0.6504466014566078,0.6966708690261518,0.0,0.0023781130098916676,1.0,2.0,2.0,0,1,0,0,0,0,0
1.0,-0.06996640439715604,4.07753744390572,12.181645157273998,0.15517241379310345,18,0.41596519850336805,0.2546867424922368,0.41,1.13667983839224,1.0,2.0,1.0,0,0,0,1,0,0,1
1.0,-0.2555616740180309,4.454347296253507,12.573962769451516,0.0,16,0.26808535755003576,0.693927746421542,0.0,0.0,1.0,2.0,2.0,0,1,0,0,1,0,0
1.0,-0.312640436924116,4.110873864173311,11.777453028842965,0.36666666666666664,21,0.8020416790026901,0.515183644729732,0.0,0.0,1.0,2.0,1.0,0,1,0,0,0,0,0
1.0,-0.4450526247849539,4.02535169073515,11.690605965674683,0.09090909090909091,20,0.46111993483258074,0.47247527736614614,0.0,0.0,1.0,2.0,1.0,0,0,0,0,1,0,0
1.0,-0.5619794141429946,2.9444389791664403,10.155969817149169,0.0,16,0.6259843547418706,0.2556390003884501,0.0,0.0015980654435686474,1.0,2.0,2.0,0,1,0,0,0,0,0
1.0,-0.13673273139263978,4.330733340286331,12.622378908711875,0.013333333333333334,15,0.5374325933431792,0.868325893075007,0.0,0.009439445724375545,1.0,2.0,2.0,0,1,0,0,1,0,0
1.0,-0.30635598240138817,3.4965075614664802,11.879813236247506,0.0625,23,0.6685712211758378,0.7244174995988804,0.0,0.0,1.0,2.0,1.0,0,1,0,0,0,0,0
1.0,-0.2295075888243221,4.0943445622221,11.910929247165615,0.05084745762711865,16,0.5290164689289875,0.3145499270618434,0.0,0.0,1.0,2.0,1.0,0,1,0,0,0,0,0
1.0,0.8428577517566884,3.091042453358316,13.124413369971087,0.14285714285714285,15,0.11289065137874793,0.6555820895181934,0.0,0.0009713796068968639,1.0,2.0,2.0,0,0,0,0,1,0,0
1.0,0.3909109171937138,5.225746673713202,11.304551626790214,0.9567567567567568,39,0.20585314307176483,0.7672197570324265,1.0,205.57911266123892,1.0,2.0,1.0,0,0,0,1,0,0,0
1.0,-0.6434127164497476,3.2188758248682006,11.150706610490193,0.0,14,0.5165640411245159,0.9047440335957402,0.0,0.014226155932289335,1.0,2.0,2.0,0,1,0,0,1,0,0
1.0,0.014740063366649056,3.1780538303479458,12.478468697184157,0.5217391304347826,28,0.5126075778018362,0.7908000454946625,0.0,0.0,1.0,2.0,2.0,0,1,0,0,1,0,0
1.0,-0.7051283242933366,7.302496423727326,10.240515530090539,0.10182063385030343,29,0.7185052125831752,0.3501180871139182,0.3,1044.2465738485587,1.0,2.0,2.0,0,0,0,1,0,0,0
1.0,-0.6355078536173128,3.5553480614894135,9.300901324116458,0.20588235294117646,24,0.7383610407420029,0.8752236736755563,0.0,0.0,2.0,2.0,2.0,0,1,0,0,1,0,0
1.0,-0.16934601553798329,3.58351893845611,11.898203220356304,0.05714285714285714,15,0.14655256627308463,0.2504812398105828,0.0,0.0,1.0,2.0,1.0,0,0,0,0,1,0,0
1.0,-0.5671984941271908,3.4339872044851463,9.681008363817542,0.3,41,0.4602595313449278,1.4392376256795387,0.0,0.018886637316359763,1.0,2.0,1.0,0,1,0,0,1,0,0
1.0,-0.40957035567835753,4.442651256490317,11.073527339174092,0.9285714285714286,25,0.37114316788632834,0.5515685250483136,0.0,2.4926846754816845,1.0,2.0,1.0,0,0,0,1,0,0,0
1.0,-0.30477816919316003,4.477336814478207,12.42836654863923,0.27586206896551724,15,0.5945435720796547,0.8621811135303913,0.0,0.0,1.0,2.0,2.0,0,1,0,0,1,0,0
1.0,-0.5388168003777737,4.343805421853684,11.872610125165702,0.18421052631578946,15,0.303443057926127,0.6862747528809776,0.0,0.0,1.0,2.0,1.0,0,1,0,0,1,0,0
1.0,-0.46185176288335017,3.9512437185814275,12.084148473663642,0.1568627450980392,24,0.5577112799380642,0.41460693906079943,0.0,0.0,1.0,2.0,2.0,0,1,0,0,0,0,0
1.0,-0.3712412840851472,4.0943445622221,12.013900938288556,0.1016949152542373,19,0.23491922080304004,0.6656364609233544,0.0,0.0038496109898641514,1.0,2.0,1.0,0,1,0,0,0,0,0
1.0,-0.397370802139262,6.210600077024653,10.534161790126655,0.24346076458752516,29,0.34067282952967587,0.3594578255836244,0.6,137.14768634205737,1.0,2.0,2.0,0,0,0,1,1,0,0
1.0,-0.13867306378977357,3.828641396489095,11.585672288959728,0.3111111111111111,21,0.4867761895271004,0.3140218331705416,0.0,0.0029920182906301093,1.0,2.0,1.0,0,0,0,0,0,0,0
1.0,2.2013692449815325,1.0986122886681098,14.772070875809172,0.5,24,0.34632384386372406,0.7562205417201763,0.0,0.0,1.0,2.0,2.0,0,1,0,0,0,0,0
1.0,-0.17091006263462566,4.553876891600541,12.373920322744098,0.3723404255319149,13,0.38591219736445737,0.5214345364107051,0.51,0.09314267208316479,1.0,2.0,1.0,0,0,0,0,1,0,0
1.0,-0.1835862637614201,5.484796933490655,11.077359139414986,0.8458333333333333,26,0.4641371324208471,0.567041175391137,0.0,73.20019953056182,1.0,2.0,1.0,0,0,0,1,1,0,0
1.0,-0.12873758673063268,4.382026634673881,11.779708288169632,0.4177215189873418,22,0.4137074955001858,0.36708368071039416,1.0,0.0,1.0,2.0,2.0,0,1,0,0,1,0,0
1.0,-0.38899966445990186,6.5638555265321274,10.155300420605414,0.17937853107344634,22,0.6629050900449635,0.4446653723934386,0.0,0.022511761350116517,2.0,2.0,2.0,1,0,0,0,1,0,0
1.0,3.1317870496284943,1.9459101490553132,14.274705462000133,0.6666666666666666,18,0.09912712209359659,0.8048453008695886,0.0,0.0,1.0,2.0,2.0,0,0,0,0,1,0,0
1.0,0.14922727004326233,5.0689042022202315,12.558449689499199,0.21518987341772153,17,0.5289685961047932,0.449601144370067,0.0,0.004670827196011113,1.0,2.0,2.0,1,0,0,0,1,0,0
1.0,-0.4960296530161687,3.044522437723423,11.616908382174884,0.0,16,0.5817158355578104,0.7029569523009558,0.0,0.0,1.0,2.0,2.0,0,1,0,0,0,0,0
1.0,0.17104145127886827,3.9889840465642745,12.391437914585405,0.3584905660377358,15,0.5675500010218095,0.8451847293169331,0.0,0.029208006831134142,1.0,2.0,1.0,1,0,0,0,1,0,0
1.0,-0.4268858417862707,5.170483995038151,10.275216415501777,0.045714285714285714,37,0.4579074750568323,0.5921977892941692,0.0,0.0008009417755397068,1.0,2.0,1.0,0,0,0,0,0,0,0
1.0,-0.5111252103902597,2.9444389791664403,12.939812060884297,0.2222222222222222,32,0.6924364918493666,0.28903522804427,0.0,0.0,1.0,2.0,2.0,0,1,0,0,1,0,0
1.0,-0.46143514665220353,2.3978952727983707,9.757420776401345,0.4,27,0.49406000423617946,0.7077310340836757,0.0,0.0,2.0,2.0,2.0,0,1,0,0,0,0,0
1.0,-0.3845417444893505,3.58351893845611,12.888684018879111,0.45714285714285713,21,0.4435360291967519,0.8815860956117263,0.0,0.0,1.0,2.0,2.0,0,1,0,0,1,0,0
1.0,-0.3984166924001068,3.9512437185814275,11.407415264907636,0.11764705882352941,18,0.4035448499836471,0.8099014612807026,0.0,0.15943074873978513,2.0,2.0,2.0,0,1,0,0,1,0,0
1.0,-0.5645120894353455,5.075173815233827,11.34612628206499,0.031446540880503145,16,0.3240333077609589,1.0248319160783101,0.0,0.0,1.0,2.0,2.0,0,1,0,0,1,0,0
1.0,-0.29160648703676795,2.5649493574615367,12.573608561667966,0.25,41,0.6693911833593192,0.8387844777841893,0.0,0.0,2.0,2.0,2.0,0,1,0,0,0,0,0
1.0,-0.2712539684161552,4.0943445622221,10.75287765365318,0.7457627118644068,14,0.5423150546960772,0.4215207385464732,0.0,0.0,1.0,2.0,1.0,0,1,0,0,1,0,0
1.0,-0.44989159932145606,3.9889840465642745,10.690690696167582,0.09433962264150944,21,0.660543764598045,0.779304979253112,0.0,0.0,1.0,2.0,2.0,0,1,0,0,1,0,0
1.0,-0.3903918775636859,4.276666119016055,11.700769654713257,0.23943661971830985,16,0.22723091965822315,1.0020419950153563,0.0,0.00624440618879955,1.0,2.0,1.0,0,1,0,0,0,0,0
1.0,-0.5813303881532069,4.406719247264253,11.653391721791275,0.18518518518518517,13,0.22714139333084815,0.8737030227596856,0.0,0.0,1.0,2.0,1.0,0,1,0,0,1,0,0
1.0,-0.5940009958730122,3.367295829986474,10.48092020392572,0.25,31,0.4204236241803819,0.4314161443239651,0.0,0.0,1.0,2.0,2.0,0,1,0,0,1,0,0
1.0,0.07133930081848489,3.4339872044851463,12.470583834474358,0.03333333333333333,19,0.08712941807026377,0.26336459702991044,0.0,0.0,1.0,2.0,2.0,0,0,0,0,1,0,0
1.0,0.2752059752150391,4.795790545596741,12.185859138834614,0.3416666666666667,33,0.22483749598036798,0.7419946218532557,0.0,0.0,1.0,2.0,1.0,0,0,0,0,0,0,0
1.0,0.1850589383493576,3.2188758248682006,11.052116105257761,0.375,29,0.3324295429955175,1.2566376299600153,1.0,0.0,1.0,2.0,1.0,0,1,0,0,0,0,0
1.0,-0.3995727113431593,3.6635616461296463,12.370718174054595,0.2631578947368421,21,0.5222257991620993,0.8612642858569807,0.0,0.0,1.0,2.0,2.0,0,1,0,0,1,0,0
1.0,0.38053601801406367,4.430816798843313,12.757410409551484,0.08433734939759036,24,0.07331818888054967,0.6001533541686097,0.0,0.0,1.0,2.0,2.0,0,0,0,0,1,0,0
1.0,-0.4092522217780624,2.9444389791664403,11.270155145895645,0.16666666666666666,13,0.6290718707062944,0.697975559403539,0.0,0.0,1.0,2.0,2.0,0,1,0,0,0,0,0
1.0,-0.5018367746189956,4.204692619390966,12.379629006042684,0.10606060606060606,14,0.3625569182276934,0.7545429475789246,0.0,0.0,1.0,2.0,2.0,0,1,0,0,1,0,0
1.0,0.1707043089868357,4.204692619390966,12.698719347621715,0.36363636363636365,16,0.24124907347695668,0.5106274131671784,0.0,0.003574003715211489,2.0,2.0,2.0,0,0,0,0,0,0,0
1.0,-0.5014424240537049,3.7376696182833684,12.413783478791071,0.17073170731707318,13,0.05458627070499567,0.9100534945647414,0.0,0.0,1.0,2.0,2.0,0,1,0,0,1,0,0
1.0,1.674676461822177,5.746203190540153,13.483090580608245,0.16666666666666666,13,0.06629776113266928,0.6583534893709129,0.0,0.0,1.0,2.0,2.0,0,0,0,0,1,0,0
1.0,-0.47606104622370854,2.4849066497880004,11.251598480523576,0.2727272727272727,36,0.4157699649344416,0.2720239521806425,0.0,0.02100167450477412,2.0,2.0,1.0,0,0,0,1,0,0,0
1.0,-0.20569617314579944,2.302585092994046,13.406614403877175,0.1111111111111111,19,0.23049827041400706,0.9894995183495444,0.0,0.000553360268555457,1.0,2.0,2.0,0,1,0,0,1,0,0
1.0,0.14459012080142278,4.709530201312334,12.142417176811268,0.3181818181818182,28,0.534548901057824,0.1209081809423008,0.0,0.17184354119911993,1.0,1.0,1.0,0,0,0,0,0,0,0
1.0,-0.1693443416242628,4.04305126783455,11.949828676288307,0.17857142857142858,21,0.1351042298645435,0.7003799742484587,0.0,0.0,1.0,2.0,2.0,0,0,0,0,1,0,0
1.0,-0.6162845223048817,3.5553480614894135,10.592592013482573,0.2647058823529412,44,0.4574710202897393,0.5758479828775492,0.0,0.03888717686450383,1.0,2.0,2.0,0,0,0,1,0,0,0
1.0,-0.25319289747064305,3.6109179126442243,11.394429988087854,0.16666666666666666,41,0.7698499657326447,0.8796807690563642,0.0,0.0,2.0,2.0,1.0,0,1,0,0,0,0,0
1.0,0.8889087905831526,3.295836866004329,12.438516202039459,0.3076923076923077,16,0.09273986537088673,0.7864781625636021,0.0,0.0,1.0,2.0,1.0,0,0,0,0,1,0,0
1.0,-0.6355635898525666,2.9444389791664403,10.861917810604375,0.0,21,0.5031815658878056,0.23828774988867796,0.0,0.0,2.0,2.0,2.0,0,1,0,0,1,0,0
1.0,-0.5597757614238054,5.313205979041787,10.675779055621243,0.19306930693069307,43,0.26208379983909624,0.3664641152915673,0.0,0.0,1.0,2.0,1.0,0,0,0,0,0,0,0
1.0,-0.3912543314101763,2.772588722239781,12.685410698175234,0.4,22,0.4034133347819086,0.8151417956656347,0.0,0.0,1.0,2.0,2.0,0,1,0,0,0,0,0
1.0,-0.24020423615156591,2.833213344056216,12.004367561105505,0.4375,16,0.1633772969027317,0.989791849155349,0.0,0.0,1.0,2.0,2.0,0,1,0,0,0,0,0
1.0,0.21675353210928822,3.044522437723423,12.566433861810768,0.35,18,0.6614859139777627,0.5753118936200966,1.0,0.0,2.0,2.0,1.0,0,1,0,0,1,0,0
1.0,-0.2703780634340769,2.1972245773362196,12.7290826127848,0.375,23,0.4593083571160421,0.781679212284147,0.0,0.0,1.0,2.0,1.0,0,1,0,0,1,0,0
1.0,-0.43460161900659944,4.204692619390966,11.847134753444202,0.9848484848484849,15,0.3765525238181287,0.6269902271904865,0.0,0.48046870432065447,1.0,2.0,2.0,0,0,1,0,0,0,0
1.0,0.09284708808907344,4.812184355372417,11.811370879681757,0.040983606557377046,14,0.06865912984793063,0.6693719000443604,0.0,0.0,1.0,2.0,1.0,0,1,0,0,1,0,0
1.0,-0.45436542332209184,2.833213344056216,12.32067228622396,0.125,28,0.5056492795194595,0.7716724508170728,0.0,0.10144533646788159,1.0,2.0,2.0,0,1,0,0,0,0,0
1.0,-0.24853886741333436,1.3862943611198906,13.474773640505282,0.6666666666666666,23,-0.12186796322590823,0.8137552226494855,0.0,0.0,2.0,2.0,2.0,0,1,0,0,0,0,0
1.0,-0.565929332001794,2.1972245773362196,12.216752907938277,0.25,17,0.27367637556627317,0.6930128644324784,0.0,0.0,1.0,2.0,2.0,0,1,0,0,0,1,0
1.0,-0.24065011975598097,4.532599493153256,9.886089249924787,0.05434782608695652,29,0.5735633084143624,1.8984864271761757,0.0,1.3702674430153219,1.0,2.0,2.0,0,0,0,0,0,1,0
1.0,-0.26984691336076494,5.176149732573829,11.100789376862116,0.10227272727272728,20,0.3086487269650135,0.17591141079754907,1.0,0.013611887254649006,1.0,1.0,2.0,0,0,0,0,1,0,0
1.0,-0.4223122678646246,1.791759469228055,10.735178542544132,0.4,18,0.4463074664923878,0.15854428313344796,0.0,0.0,1.0,2.0,2.0,0,1,0,0,0,1,0
1.0,-0.21067127802952468,3.8501476017100584,12.44303668716037,0.15217391304347827,15,0.5679033455619192,0.5915799434871016,0.0,0.0,1.0,2.0,1.0,0,1,0,0,1,0,0
1.0,0.037284928746665724,3.9512437185814275,12.138969688709581,0.09803921568627451,15,0.25685731318654825,0.5058535590112685,0.0,0.003177191938602196,1.0,2.0,1.0,0,0,0,0,0,0,0
1.0,-0.3847313343180828,4.31748811353631,11.657650043693357,0.24324324324324326,25,0.6427480614482959,0.7626322997784329,0.0,0.01490583414348376,2.0,2.0,2.0,0,1,0,0,0,0,0
1.0,-0.22716345424114753,4.584967478670572,12.202711280818894,0.4948453608247423,18,0.5134292188999728,0.7022546183819208,0.0,0.01313029383909518,1.0,2.0,1.0,0,1,0,0,0,0,0
1.0,-0.5830239755625767,2.8903717578961645,11.348478435667557,0.0,14,0.5741202395574735,0.9999995978365213,0.0,0.0,1.0,2.0,2.0,0,1,0,0,0,0,0
1.0,0.05337870546095165,3.332204510175204,12.483135617719034,0.4444444444444444,37,0.5147361201223468,0.600551943312109,0.0,0.0,1.0,2.0,1.0,0,1,0,0,1,0,0
1.0,-0.3047251596219591,2.6390573296152584,11.485536084753186,0.07692307692307693,5,0.4557000409915004,0.7529418182508159,0.0,0.0,2.0,2.0,2.0,0,1,0,0,0,0,0
1.0,-0.6407168683585402,3.912023005428146,11.01569006751133,0.2857142857142857,14,0.602343928406775,0.8468243014932996,0.0,0.0,1.0,2.0,1.0,0,1,0,0,0,0,0
1.0,-0.36264988273227894,3.258096538021482,12.442773638008306,0.04,35,0.5707788284131807,0.7724775171949617,1.0,0.016930304305277106,1.0,2.0,2.0,0,1,0,0,1,0,0
1.0,-0.49659965232583636,3.4965075614664802,11.473485652816514,0.21875,24,0.6622670098603815,0.7370608120298405,0.0,0.0,1.0,2.0,2.0,0,1,0,0,0,0,0
1.0,0.059766409776705755,6.610696044717759,12.596221382530551,0.2668463611859838,43,0.24738732735778862,0.666067964413388,1.0,0.005139912736342571,1.0,1.0,2.0,0,0,0,0,1,0,0
1.0,0.31524421431750194,5.934894195619588,11.450381092127657,0.11671087533156499,29,0.07651321436653766,0.48237114305661244,0.0,0.0010656480834781187,1.0,2.0,1.0,0,0,0,0,0,0,0
1.0,-0.0223744745092124,4.61512051684126,11.765197900881915,0.52,29,0.571222092286491,0.8927040384118379,0.0,0.5837112037224591,1.0,2.0,1.0,0,1,0,0,0,0,0
1.0,-0.5406566190454075,5.71042701737487,10.780835060992366,0.08637873754152824,22,0.6813046199477903,0.6063715671623695,0.0,0.004056730276448053,1.0,2.0,2.0,0,1,0,0,1,0,0
1.0,-0.3792528242971185,4.465908118654584,11.139435519357278,0.10465116279069768,28,0.37157049978355633,0.15924142001718378,0.0,3.913536341541543,1.0,2.0,1.0,0,0,0,1,1,0,0
1.0,-0.34181497953739404,7.198931240688173,10.94093128564372,0.6424831712789828,29,0.5923087532419489,0.7652165156175392,0.99,1435.1592631259894,1.0,1.0,1.0,0,0,0,1,0,0,0
1.0,0.5933217066758878,2.995732273553991,13.635965207099872,0.21052631578947367,24,0.6639234296399769,0.651501965191633,0.0,0.0,1.0,2.0,2.0,0,1,0,0,1,0,0
1.0,2.4341860324003664,3.4965075614664802,13.598592199243495,0.8125,22,0.3220902527292478,0.11155799553025,1.0,0.7892941408855226,1.0,2.0,1.0,1,0,0,0,0,0,0
1.0,-0.739362718052786,2.8903717578961645,10.553579855389698,0.17647058823529413,17,0.5112457853097384,0.3831055675566958,0.0,0.0,1.0,2.0,2.0,0,1,0,0,0,0,0
1.0,-0.42087022496961257,1.3862943611198906,13.484954850779987,0.6666666666666666,14,0.31762543090640727,0.7391464902554776,0.0,0.0,2.0,2.0,2.0,0,1,0,0,0,0,0
1.0,-0.2557350711946642,3.4339872044851463,13.071373756201655,0.3,13,0.45400928975792093,0.9481626524154328,0.0,0.40094411862742446,1.0,2.0,2.0,0,1,0,0,0,0,0
1.0,-0.005354240805140728,5.356586274672012,10.380169807517202,0.8341232227488151,32,0.24698646627721335,0.6417406474647618,1.0,281.2317361164013,2.0,2.0,2.0,0,0,0,1,0,0,0
1.0,0.4081682881691389,2.3978952727983707,14.36924456782115,0.1,25,0.7215576346501391,0.9396938420717946,0.0,0.0,2.0,2.0,2.0,0,1,0,0,1,0,0
1.0,-0.6642141972427819,3.258096538021482,12.146679053185938,0.08,21,0.649043915189504,0.8558678120252463,0.0,0.0,1.0,2.0,2.0,0,1,0,0,1,0,0
1.0,-0.16715801507781497,4.204692619390966,11.868068524051049,0.13636363636363635,15,0.5458426666032635,0.6898289401409995,1.0,0.0,1.0,2.0,2.0,0,1,0,0,1,0,0
1.0,-0.6108257475566994,5.214935757608986,10.23983507412079,0.04371584699453552,14,0.5972379105558157,0.9098823035233209,0.0,0.0,1.0,2.0,1.0,0,1,0,0,0,0,0
1.0,-0.42335483167211063,4.330733340286331,11.771344933309468,0.29333333333333333,13,0.3102496307267661,0.9060406388729942,0.0,0.01985049332769116,1.0,2.0,2.0,0,1,0,0,1,0,0
1.0,3.082916873079893,1.0986122886681098,14.884978410196137,0.0,21,0.35297898302897196,0.6795282150367515,0.0,0.0,1.0,2.0,2.0,0,1,0,0,1,0,0
1.0,-0.08760493583200953,4.204692619390966,10.97734312933733,0.2878787878787879,18,0.1935757910417874,0.5570768147143965,0.0,0.3129684472853374,1.0,2.0,2.0,0,0,0,0,1,0,0
1.0,-0.6404403252980826,1.791759469228055,10.708913760562126,0.4,21,0.349888351321176,0.38647658205219876,0.0,0.0,2.0,2.0,2.0,0,1,0,0,0,0,0
1.0,0.048050433237585594,3.367295829986474,12.174610910645944,0.14285714285714285,16,0.3105981906560492,0.7217593419292516,0.0,0.0,1.0,2.0,2.0,0,1,0,0,1,0,0
1.0,-0.739362718052786,7.364547014255642,9.95788235672721,0.008871989860583017,15,0.7025395906237005,0.9121646314656059,0.0,0.0,1.0,2.0,2.0,0,1,0,0,1,0,0
1.0,-0.25137861156454727,2.3978952727983707,11.145664688289772,0.0,29,0.791693774434993,0.7376320892149941,0.0,0.0,2.0,2.0,2.0,0,1,0,0,0,1,0
1.0,-0.3102362683104434,4.30406509320417,12.03045672003619,0.1643835616438356,19,0.6866484265525656,0.49557515549106484,0.0,0.0,1.0,2.0,1.0,0,1,0,0,0,0,0
1.0,-0.3215368345519515,5.056245805348308,11.474631322417796,0.05128205128205128,14,0.5482664623025881,0.6279799269323072,0.0,0.013231227679530085,1.0,2.0,1.0,0,1,0,0,0,0,0
1.0,0.3940844860910301,5.673323267171493,12.512713962347345,0.07586206896551724,43,0.17300456634867406,0.5246357044806143,0.0,0.0,1.0,2.0,2.0,0,0,0,0,1,0,0
1.0,-0.27211844556803333,5.0689042022202315,11.705618317180603,0.18354430379746836,35,0.6365135565471807,0.3660678673971376,0.0,0.0,1.0,2.0,1.0,0,1,0,0,0,0,0
1.0,-0.5838931137315418,4.634728988229636,11.193694041821741,0.0196078431372549,23,0.47265962443791604,0.8759863486606677,0.0,0.001282250043264772,1.0,2.0,1.0,0,1,0,0,1,0,0
1.0,-0.33716510960556434,3.8918202981106265,11.749281347756574,0.125,20,0.5582075826915696,0.7468827675865726,0.0,0.004909820947046696,1.0,2.0,1.0,0,1,0,0,0,0,0
1.0,-0.5147737536037006,4.51085950651685,11.54048496681363,0.2,18,0.5631016708100198,0.3004186936132335,0.0,0.012890387589794355,1.0,1.0,1.0,0,1,0,0,1,0,0
1.0,0.8651168936341944,3.6635616461296463,12.861475259737967,0.34210526315789475,25,0.47815415745766254,0.7050033077275663,1.0,0.0,1.0,2.0,1.0,0,1,0,0,1,0,0
1.0,-0.5093997628181606,4.04305126783455,11.057413465842144,0.39285714285714285,18,0.5264162609347781,0.9060639802378687,0.0,0.10613447754501475,1.0,2.0,1.0,0,1,0,0,0,0,0
1.0,0.9041320202572377,2.70805020110221,12.109849227422089,0.5714285714285714,15,0.13959455760138623,0.8466315155771441,0.0,0.0033763289396145355,2.0,2.0,1.0,0,1,0,0,1,0,0
1.0,0.3482622701390051,4.189654742026425,12.8063127258067,0.7384615384615385,18,0.28049979508694445,0.7333313440115456,0.0,74.51367956336055,1.0,2.0,1.0,1,0,0,0,0,0,0
1.0,0.47481638765363793,3.4011973816621555,12.245912364672444,0.5172413793103449,29,0.15802585532634797,0.7740975123705496,0.0,0.0,1.0,2.0,2.0,0,0,1,0,1,0,0
1.0,-0.3835103590849607,4.919980925828125,10.91795267395492,0.40441176470588236,35,0.40100447038395926,0.4990552994746657,0.0,0.009738928234606956,1.0,1.0,1.0,0,0,0,0,0,0,0
1.0,-0.42113685406243134,5.420534999272286,11.200383751164734,0.2222222222222222,13,0.35839532223959614,0.3445185547895439,0.0,0.03746926310779725,1.0,2.0,1.0,0,0,0,0,0,0,0
1.0,-0.5548157060581269,4.919980925828125,10.307200882077744,0.04411764705882353,13,0.7842627710748946,0.8733321662190137,0.0,0.0,1.0,2.0,2.0,0,1,0,0,1,0,0
1.0,-0.5064734392103729,3.1780538303479458,11.72625194263909,0.13043478260869565,40,0.12226312775656725,0.6900387124059193,0.0,0.27307079218199515,1.0,2.0,2.0,0,0,0,1,0,0,0
1.0,-0.5841359673829625,3.58351893845611,10.442954775794915,0.08571428571428572,32,0.5860495046996529,0.3654252705055267,0.0,0.0,2.0,2.0,2.0,0,1,0,0,0,0,0
1.0,-0.4476325779488959,4.890349128221754,11.221802935473029,0.23484848484848486,27,0.31054141303616595,0.19341170861230023,0.0,19.461629691944772,1.0,1.0,1.0,0,0,0,1,0,0,0
1.0,-0.4607886029825145,2.70805020110221,11.307853351431229,0.21428571428571427,20,0.1794842618215419,0.3669276839031576,0.0,0.0,1.0,2.0,2.0,0,1,0,0,0,0,0
1.0,-0.6198536899485718,4.477336814478207,10.593175019550925,0.11494252873563218,15,0.4893031111319621,0.81913576366521,0.0,0.0,1.0,1.0,2.0,0,1,0,0,0,0,0
1.0,0.6423147692867722,4.442651256490317,12.192303764236724,0.20238095238095238,21,0.09660450216943389,0.2334581800660753,0.0,0.0,1.0,2.0,1.0,0,0,0,0,1,0,0
1.0,-0.5392227655649855,6.306275286948016,10.838767590406189,0.04021937842778794,21,0.45048493978551457,0.8642367145631845,0.0,0.0,1.0,2.0,2.0,0,1,0,0,1,0,0
1.0,-0.11255961021352781,5.8805329864007,11.948320033549237,0.4257703081232493,29,0.061072526741591485,0.7253345354373197,1.0,69.50595464782243,1.0,1.0,1.0,0,0,0,1,0,0,0
1.0,-0.21534041513000504,4.276666119016055,12.469001701718726,0.11267605633802817,25,0.43318282669207503,0.9259842716638194,0.0,0.0,1.0,2.0,2.0,0,0,0,0,1,0,0
1.0,-0.2660825694691286,5.5053315359323625,10.39912411867925,0.2938775510204082,20,0.4306033866094047,0.6696709006174693,0.0,4.794961170524062,1.0,1.0,1.0,0,0,0,1,0,0,0
1.0,-0.21027989664723612,3.8066624897703196,12.728092830274347,0.22727272727272727,14,0.37830117004717856,0.8305025333521399,0.0,0.018729505707383076,2.0,2.0,1.0,0,0,1,0,1,0,0
1.0,-0.3308011374352533,6.274762021241939,11.095590642528862,0.09056603773584905,32,0.31348677854411966,0.2566903500601417,0.0,0.0,1.0,1.0,1.0,0,0,0,0,0,0,0
1.0,-0.17011703395797864,4.787491742782046,12.474001232335446,0.008403361344537815,21,0.5873381386879991,0.6076683724857912,0.0,2.0836730839483195,2.0,2.0,1.0,0,0,0,1,1,0,0
1.0,0.5434267307272963,3.912023005428146,11.981172705729582,0.30612244897959184,13,0.1940587507261329,0.9432064862187785,0.49,12.200970080492342,2.0,2.0,1.0,0,0,0,1,0,0,0
1.0,-0.4406680405953658,4.394449154672439,10.382956788120628,0.225,30,0.34186466430966683,9.923065612028479,0.0,0.0,1.0,1.0,1.0,0,0,0,0,1,0,0
1.0,0.43489635443324604,2.6390573296152584,11.299741764646658,1.0,14,0.025321044250349853,0.9399084346204339,0.0,0.0,1.0,2.0,1.0,0,1,0,0,1,0,0
1.0,-0.5051827044535242,3.6888794541139363,11.952495329177882,0.358974358974359,27,0.4962734921456604,0.6158994467954696,0.0,0.00559512119354464,1.0,2.0,1.0,0,1,0,0,1,0,0
1.0,0.5530153028341042,3.091042453358316,12.562984728016005,0.3333333333333333,23,0.13544778704311589,0.8183686078686281,0.0,0.015426511732088602,1.0,2.0,2.0,0,1,0,0,1,0,0
1.0,-0.4403278322476871,5.58724865840025,9.546635095528167,0.17293233082706766,18,0.3149666070403591,0.713853045588953,0.0,0.0,1.0,1.0,2.0,0,0,0,0,1,0,0
1.0,-0.5175267117355709,5.497168225293202,11.377953788132709,0.0,13,0.6380436780718022,0.6902031424304889,0.0,0.0,1.0,2.0,1.0,0,1,0,0,1,0,0
1.0,-0.5743596483568907,5.298317366548036,11.670818094045766,0.04020100502512563,15,0.4471708613496221,0.8058824281633845,0.0,0.010319474573430094,1.0,2.0,2.0,0,1,0,0,1,0,0
1.0,-0.32442646516826146,5.332718793265369,10.149251573402427,0.8349514563106796,35,0.5179201269425546,0.6059891977719717,0.2,7.536627429491876,1.0,2.0,2.0,0,0,0,1,0,0,0
1.0,-0.2552642126679142,4.543294782270004,12.013824629211031,0.22580645161290322,26,0.19496782790555944,0.7148451977766321,0.0,0.003155800959899496,1.0,2.0,2.0,0,0,0,0,1,0,0
1.0,2.690718541314638,3.4965075614664802,12.088907836700947,0.125,24,0.786934358828634,0.4334519422912229,0.0,1.0,1.0,2.0,1.0,0,0,0,1,1,0,0
1.0,-0.09942307701428238,1.9459101490553132,14.112089188423809,0.5,24,-0.19910483262501438,0.7841861546154338,0.0,0.03569091163786587,1.0,2.0,2.0,0,1,0,0,1,0,0
1.0,0.5167473910556672,4.189654742026425,11.765760565502614,0.46153846153846156,35,0.13677901283551383,0.5137965130810834,0.0,9.001520120216174,1.0,2.0,1.0,0,0,0,1,0,0,0
1.0,-0.515941530495104,6.970730078143525,11.367354561964895,0.03665413533834586,24,0.4174623326812786,0.7435611683489631,0.0,0.027977739781802353,1.0,2.0,2.0,0,0,0,0,1,0,0
1.0,-0.5838774691809965,2.302585092994046,11.082004077752629,0.0,19,0.31155566050819566,0.59811936879178,0.0,0.03891806466825028,2.0,2.0,2.0,0,1,0,0,0,0,0
1.0,0.8534530934639758,3.828641396489095,12.796244057254485,0.7777777777777778,32,0.3700998196480448,0.5454038190650765,0.0,0.40662344293705444,1.0,2.0,1.0,0,1,0,0,0,0,0
1.0,-0.43115477897868704,5.303304908059076,12.011166666007123,0.28,28,0.3123258611200403,0.10021004499262842,0.0,1.6414457333942838,1.0,2.0,1.0,0,0,0,1,0,0,0
1.0,-0.3491165914908724,4.718498871295094,10.45968747442823,0.21621621621621623,21,0.3399863583063939,0.5661942829926638,0.0,0.14333013070124945,2.0,2.0,2.0,0,0,0,0,1,0,0
1.0,-0.32641735577669545,4.477336814478207,10.934457043179517,0.1839080459770115,20,0.30404810703372925,0.3300960644625033,0.8,0.0,1.0,2.0,1.0,0,0,0,0,1,0,0
1.0,-0.4483813298228204,3.6375861597263857,11.213174093913652,0.13513513513513514,20,0.6790025081277848,0.7187756230504597,0.0,0.0,1.0,2.0,1.0,0,1,0,0,1,0,0
1.0,-0.25024414933817357,3.912023005428146,11.951917582966725,0.061224489795918366,23,0.6217125023138427,0.684526729111254,0.0,0.0,1.0,2.0,1.0,0,1,0,0,1,0,0
1.0,0.020780752004967276,4.23410650459726,11.03129164292829,0.6470588235294118,20,0.1326096807975903,0.5773790168039821,0.0,189.49916010498688,1.0,2.0,1.0,0,0,0,1,0,0,0
1.0,-0.19649843186020777,3.970291913552122,12.210409190650193,0.3269230769230769,15,0.14324011884638765,0.8750023216525648,0.0,0.00959260092077831,1.0,2.0,1.0,0,0,0,0,0,0,0
1.0,-0.23356733366325108,4.867534450455582,11.746018610319467,0.09302325581395349,43,0.6721624282733331,0.5089914355847673,0.0,0.526555840549245,1.0,2.0,1.0,0,1,0,0,1,0,0
1.0,0.28241575262024143,2.3978952727983707,12.540785478164642,0.1,43,0.877690761370299,0.4106805272716084,0.0,0.0,1.0,2.0,2.0,0,1,0,0,1,0,0
1.0,0.21280905427658062,4.007333185232471,12.076307801341416,0.2222222222222222,20,0.3460057819250849,0.4234995187972683,0.99,0.000917362116262483,1.0,1.0,1.0,0,1,0,0,0,0,0
1.0,0.264809257775922,4.30406509320417,14.30261258387699,0.9315068493150684,16,0.38940529726162665,0.9802396836586633,0.0,0.0,1.0,2.0,1.0,0,1,0,0,1,0,0
1.0,-0.5068222617167091,5.017279836814924,11.873477025113216,0.04666666666666667,15,0.7135258458097283,0.6620407088195407,0.0,0.0,1.0,2.0,1.0,0,1,0,0,1,0,0
1.0,-0.4281043397122818,4.356708826689592,11.820516728940708,0.16883116883116883,23,0.5813284229507821,0.708134477490249,0.0,0.0,1.0,2.0,2.0,0,1,0,0,1,0,0
1.0,-0.19649153346668147,6.464588303689961,10.907314687356214,0.41497659906396256,16,0.735585225220214,0.3695148818840847,0.0,0.05241064526198688,2.0,2.0,2.0,1,0,0,0,0,0,0
1.0,-0.3633687893687253,2.3978952727983707,10.26965381110511,0.4,17,0.5547488887484463,0.6511862538094297,0.0,0.0,1.0,2.0,2.0,0,1,0,0,0,0,0
1.0,1.0787423829180551,3.8066624897703196,13.320607867546398,0.6590909090909091,13,0.7216893173674173,0.827336257962459,0.0,7.0475570620788766,2.0,2.0,2.0,0,0,0,1,1,0,0
1.0,2.7065232282978515,3.8918202981106265,13.484960649685314,1.0,34,0.5419493978522552,0.6258251829841818,1.0,0.0,1.0,2.0,2.0,0,1,0,0,0,0,0
1.0,-0.193244625350813,3.58351893845611,12.59536471996208,0.6571428571428571,25,0.6858074154052649,0.21381454838080846,0.0,0.0,1.0,2.0,1.0,0,1,0,0,0,0,0
1.0,-0.18933310392413644,4.477336814478207,11.554714384970783,0.21839080459770116,14,0.2418003500738953,0.6805917201510718,0.0,0.0,2.0,2.0,1.0,0,0,0,0,0,0,0
1.0,-0.35672837699897936,4.23410650459726,12.667284384344255,0.5588235294117647,14,0.532205552027573,0.6491754846517013,0.0,0.0,1.0,2.0,1.0,0,1,0,0,1,0,0
1.0,0.48722467435090544,3.1780538303479458,12.570235269305204,0.0,14,0.45927718918894106,0.7921918742386677,0.0,0.0,1.0,2.0,2.0,0,1,0,0,1,0,0
1.0,2.5547832438772162,3.258096538021482,14.245915090478691,0.2,29,0.2475675972277077,0.6708477858186094,0.0,0.0036027273879199045,1.0,2.0,2.0,0,0,0,0,0,0,0
1.0,0.06203195178671092,2.772588722239781,12.7187180125586,0.9333333333333333,21,0.4418022353609519,0.7736567825066898,1.0,0.004824967414237927,1.0,2.0,1.0,0,1,0,0,0,0,0
1.0,-0.42513361449038056,2.9444389791664403,12.104134046210534,0.3888888888888889,19,0.6536339739205689,0.5122011462009026,0.0,0.004240920609261039,1.0,2.0,2.0,0,1,0,0,0,0,0
1.0,-0.353254733042259,4.787491742782046,10.415347850925704,0.2689075630252101,38,0.2836565384580147,0.43998142371508575,0.0,0.0,1.0,2.0,1.0,0,0,0,0,1,0,0
1.0,0.364184020649461,3.9889840465642745,11.906995072684422,0.49056603773584906,35,0.6722881871726293,0.4989990288639744,0.0,0.0008333952370828221,1.0,2.0,2.0,0,1,0,0,0,0,0
1.0,-0.23370210687071197,6.855408798609928,10.485766402598664,0.11286919831223628,35,0.2658128223410678,0.6208596813668801,0.04,0.0,1.0,1.0,1.0,0,0,0,0,0,0,0
1.0,0.1155761492043164,3.8066624897703196,12.138212492664804,0.4772727272727273,35,0.8135226080892766,0.4289950694415561,0.0,0.0,1.0,2.0,2.0,0,1,0,0,0,0,0
1.0,1.4346963571749036,4.343805421853684,15.459991369436652,0.9736842105263158,24,0.6816410626840576,0.5962485707363272,0.0,0.018981673890507204,1.0,2.0,1.0,0,1,0,0,0,0,0
1.0,-0.38334528285038744,3.828641396489095,11.472595247655887,0.044444444444444446,25,0.0744073527062406,0.7814869229630178,0.0,0.0,1.0,2.0,1.0,0,1,0,0,0,0,0
1.0,2.466839458154724,4.0943445622221,13.420043212039504,0.2542372881355932,40,0.6243019525879097,0.2729337423630376,1.0,0.0,1.0,2.0,2.0,0,1,0,0,0,0,0
1.0,-0.46575556547326236,4.406719247264253,10.516201336973825,0.06172839506172839,27,0.25596737194701663,0.73006703417271,0.0,0.008102707392936542,1.0,2.0,1.0,0,0,0,0,0,0,0
1.0,0.16405150518488615,5.973809611869261,12.816640184475538,0.6785714285714286,19,0.18470548220427407,0.7892123923790055,0.0,0.006228071065997942,1.0,2.0,2.0,0,0,1,0,1,0,0
1.0,0.7322028667475639,4.0943445622221,12.432988665348976,0.0,39,-0.09635706184691224,1.0851867761651095,1.0,0.0,1.0,2.0,2.0,0,1,0,0,1,0,0
1.0,0.5285231446385771,5.545177444479562,12.690523335632207,0.08627450980392157,32,0.44412914747888177,0.7661280583267105,0.0,0.0,1.0,2.0,2.0,0,1,0,0,1,0,0
1.0,2.7970133246312803,1.6094379124341003,14.242974735631421,0.75,17,0.02733118452028136,0.9275921736092214,0.0,0.0,2.0,2.0,2.0,0,0,1,0,1,0,0
1.0,3.2961512305796155,3.6375861597263857,13.478363125882332,0.8378378378378378,42,0.5222330093139298,0.27409807753646476,1.0,0.0,1.0,2.0,2.0,0,1,0,0,1,0,0
1.0,-0.6678144345399621,5.916202062607435,10.421091529648917,0.05405405405405406,19,0.34930664834048103,0.7866683869101391,0.0,0.0,1.0,2.0,2.0,0,1,0,0,1,0,0
1.0,-0.4554014615044495,5.75890177387728,11.355766938043809,0.060126582278481014,14,0.36421017983662396,0.7721214865132643,0.0,0.00421948648046369,1.0,2.0,1.0,0,1,0,0,0,0,0
1.0,-0.5794281941978692,3.2188758248682006,11.678838835163397,0.375,14,0.5499338492487812,1.0236591924199094,0.0,0.0022968934142688115,1.0,2.0,2.0,0,1,0,0,0,0,0
1.0,-0.15662039931291877,4.948759890378168,11.440281343940377,0.007142857142857143,23,0.1858123172033043,0.6440241052549431,0.0,0.002934645483489311,1.0,2.0,1.0,0,0,0,0,1,0,0
1.0,-0.18614377319334668,4.477336814478207,11.647980896806212,0.06896551724137931,21,0.273025665463086,0.7506665789644138,0.0,0.0,1.0,2.0,2.0,0,0,0,0,1,0,0
1.0,-0.43241615524182603,3.6109179126442243,10.378108111507094,0.05555555555555555,13,0.7360214591692261,0.9784756695570274,0.0,0.0,1.0,2.0,1.0,0,1,0,0,1,0,0
1.0,-0.48307604208032484,4.356708826689592,11.177072127700386,0.07792207792207792,33,0.34269151069186143,0.9253684316108363,0.0,0.0,1.0,2.0,1.0,0,1,0,0,0,0,0
1.0,-0.32092467750488185,3.5263605246161616,11.639700409877578,0.2727272727272727,30,0.3184311835374703,0.4643486385477843,0.0,0.0034524557808010706,1.0,2.0,1.0,0,1,0,0,0,0,0
1.0,-0.2208745545768514,4.875197323201151,11.763589895723719,0.5846153846153846,29,0.6264843864594237,0.7411787315017785,0.0,0.3340022468932717,1.0,2.0,1.0,0,0,0,0,0,0,0
1.0,2.0519367406195745,3.5263605246161616,13.75152638819609,0.5151515151515151,18,0.7865494305004775,0.43805548651183657,1.0,0.037601425902359965,1.0,2.0,1.0,0,1,0,0,1,0,0
1.0,-0.13601522404654603,3.6888794541139363,13.03747684622516,0.07692307692307693,20,0.9192576619523886,0.9670997287274822,0.0,0.0,2.0,2.0,1.0,0,1,0,0,1,0,0
1.0,-0.6008594809051439,5.342334251964811,11.497356286087932,0.07211538461538461,19,0.17750380636207047,0.692584369499251,0.0,0.0,2.0,2.0,2.0,0,0,1,0,1,0,0
1.0,0.14640103231037363,3.6375861597263857,12.811554156473665,0.13513513513513514,15,0.17591108930846558,0.7702256184578038,0.0,0.0,1.0,2.0,1.0,0,0,0,0,1,0,0
1.0,0.12695654191731387,3.5263605246161616,12.646918254899775,0.8787878787878788,13,0.6345987119288504,0.9176404552662388,0.0,0.13622999301685693,1.0,2.0,1.0,0,1,0,0,0,0,0
1.0,-0.43701052118390515,7.894318063841624,9.775202585396247,0.05296531145095114,13,0.3628479715818428,0.25761157670279106,0.0,1.6828175083936248,1.0,2.0,2.0,0,0,0,0,1,0,0
1.0,0.13536970167850196,4.852030263919617,12.20905869465568,0.29133858267716534,21,0.18868805315307527,0.45696858889633124,0.0,0.009087350111256047,2.0,2.0,2.0,0,0,0,0,0,0,0
1.0,-0.4112600470092671,3.4965075614664802,11.398582715674092,0.09375,15,0.5724433629755017,0.6837620851968055,0.0,0.01924557234212419,1.0,2.0,1.0,0,1,0,0,0,0,0
1.0,-0.514729979783135,3.7612001156935624,11.574887455415768,0.23809523809523808,22,0.4933541919956618,0.5836795026441054,0.0,0.0,1.0,2.0,2.0,1,0,0,0,1,0,0
1.0,-0.12591775153511042,6.246106765481563,11.140829535784555,0.4854368932038835,25,0.8313300252905649,0.08408510009191268,1.0,2.1988370682325438,2.0,2.0,1.0,0,0,0,1,0,0,0
1.0,-0.5843026640037973,3.912023005428146,10.613623782140968,0.14285714285714285,15,0.6495516411145609,0.5853990952750242,0.0,0.0,1.0,2.0,2.0,0,1,0,0,1,0,0
1.0,-0.7057699795080119,2.4849066497880004,13.362282090160669,0.2727272727272727,19,0.4885446570391851,0.42704644964713956,0.0,0.0,1.0,2.0,2.0,0,1,0,0,1,0,0
1.0,3.01679711433124,4.663439094112067,14.437221941645848,0.6,44,0.4181286172512511,0.5928773029174168,1.0,0.0005397890922209572,1.0,2.0,1.0,0,1,0,0,0,0,0
1.0,1.159097829817823,4.709530201312334,13.213367804879434,0.19090909090909092,26,0.18287885389264627,0.15652461011257113,0.0,0.0034026276349196994,1.0,2.0,2.0,0,0,0,0,1,0,0
1.0,-0.12573356989970083,3.7376696182833684,11.492215660459543,0.0975609756097561,42,0.2224070594953524,0.3530678633698563,0.0,0.0,1.0,2.0,1.0,0,0,0,0,0,0,0
1.0,-0.4996847101846602,5.356586274672012,10.355839110641885,0.14691943127962084,31,0.5253664862723114,0.3012981695742674,0.0,29.523256763821724,1.0,2.0,1.0,0,0,0,1,1,0,0
1.0,-0.5234833708985104,4.02535169073515,11.573257937163246,0.32727272727272727,14,0.42572446374264317,0.8622253246668771,0.0,0.0,1.0,2.0,1.0,0,1,0,0,0,0,0
1.0,-0.5925603846707637,3.58351893845611,10.99463922272917,0.08571428571428572,30,0.48549648739516393,0.23442924337301305,0.0,0.03711529741388997,0.0,0.0,0.0,0,1,0,0,0,0,0
1.0,0.0805153961307678,4.736198448394496,12.174564443558088,0.49557522123893805,28,0.5574453095165728,0.8131626958665463,0.0,0.4837463797586426,1.0,2.0,2.0,0,0,0,1,1,0,0
1.0,-0.22563512748198683,1.791759469228055,11.512405329723341,0.4,17,0.16324339818293715,0.9404964631254565,0.0,0.0,2.0,2.0,2.0,0,1,0,0,1,0,0
1.0,0.5017728014761028,4.1588830833596715,12.228694435617257,1.0,29,0.12067519604218738,0.8115123733145462,0.0,8.21382643663502,1.0,2.0,1.0,0,0,0,1,0,0,0
1.0,-0.03537040165789175,4.770684624465665,12.584177156364976,0.05982905982905983,28,0.3527490162505177,0.9617125751536233,0.0,2.5964793305368694,1.0,2.0,2.0,0,0,0,1,1,0,0
1.0,-0.3419679098909622,2.9444389791664403,12.297739327162114,0.2777777777777778,16,0.7255510926827685,0.34912712452922,0.0,0.0,1.0,2.0,1.0,0,1,0,0,0,0,0
1.0,-0.5592549620734018,2.5649493574615367,11.822900321506564,0.0,35,0.36595094279622986,0.7031704885587727,0.0,0.0,2.0,2.0,2.0,0,1,0,0,0,1,0
1.0,-0.5614400184386255,3.5263605246161616,11.580684929659,0.09090909090909091,31,0.7837291701267785,0.26165037862580115,0.0,0.0,2.0,2.0,2.0,0,1,0,0,0,0,0
1.0,-0.6363519592979145,3.6635616461296463,11.525444406570886,0.2631578947368421,6,0.5996806744364866,0.9212374861383017,0.0,0.0,1.0,2.0,1.0,0,1,0,0,0,0,0
1.0,-0.015859879286385437,3.2188758248682006,12.94892346180624,0.9583333333333334,13,0.13806073530820248,0.6776535435755583,0.0,1.1424460848370266,1.0,2.0,2.0,0,1,0,0,0,0,0
1.0,-0.08382409435272818,3.8918202981106265,12.119925099876255,0.2916666666666667,28,0.7052822472291158,0.7748887688152345,0.99,0.0,1.0,2.0,1.0,0,1,0,0,0,0,0
1.0,-0.42146698382262776,2.0794415416798357,11.421909195978882,0.14285714285714285,22,0.39770925649327676,0.8001564712601413,0.0,0.0,1.0,2.0,2.0,0,1,0,0,1,0,0
1.0,-0.5974226175136528,3.58351893845611,11.83886652452875,0.08571428571428572,16,0.7015258593949117,0.8648074622269823,0.0,0.0,1.0,2.0,2.0,0,1,0,0,0,0,0
1.0,0.841540910972523,4.77912349311153,12.454835407707346,0.5169491525423728,32,0.6213086589089589,0.24569540815451618,1.0,0.002458243254278135,1.0,2.0,1.0,0,1,0,0,0,0,0
1.0,-0.017999536091808835,2.833213344056216,12.929536684381162,0.0625,15,0.5063736961609061,0.7767232384864414,0.0,0.0,1.0,2.0,2.0,0,1,0,0,1,0,0
1.0,-0.48686821103594985,3.1354942159291497,11.081138548534566,0.045454545454545456,16,0.5765992770769688,0.8636148859362301,0.0,0.0,1.0,2.0,2.0,0,1,0,0,0,0,0
1.0,1.209896794646536,0.6931471805599453,13.87464701418785,1.0,15,0.04292354283957715,0.8634155859212626,0.99,0.0,1.0,2.0,2.0,0,1,0,0,1,0,0
1.0,-0.2040056182771487,3.1780538303479458,11.871862413863067,0.43478260869565216,27,0.25892616972958254,0.42575062281135406,0.0,0.0,1.0,2.0,2.0,0,1,0,0,1,0,0
1.0,-0.49580663454659735,4.454347296253507,10.312939994769028,0.23529411764705882,20,0.6737867694413041,0.5617188058449211,0.0,0.0,1.0,2.0,2.0,0,1,0,0,1,0,0
1.0,-0.2592494498451099,3.6375861597263857,12.385955758762682,0.2972972972972973,27,0.2890528627193774,0.2904101853892198,1.0,0.013557845117899677,1.0,2.0,2.0,0,0,0,0,0,0,0
1.0,-0.19488847112621588,4.276666119016055,11.521052352181837,0.28169014084507044,39,0.1929357933453653,0.39631635969664136,0.0,4.581926940582585,1.0,2.0,1.0,0,0,0,0,1,0,0
1.0,-0.5525037482948453,2.9444389791664403,10.38064952735982,0.05555555555555555,17,0.6281482821385368,0.694366682755292,0.0,0.001683751489973896,1.0,2.0,2.0,0,1,0,0,1,0,0
1.0,0.07657833707397331,4.189654742026425,12.528873780113974,0.3230769230769231,30,0.23586432613993502,0.355717493647514,0.0,0.0009429365244311003,1.0,2.0,1.0,0,1,0,0,0,0,0
1.0,-0.2566551644887578,3.7612001156935624,11.01404997843461,0.4523809523809524,27,0.27090534652258713,0.6999423194483058,0.0,1.8713028661990165,1.0,2.0,2.0,0,1,0,0,1,0,0
1.0,-0.5188542394555892,4.007333185232471,11.158640519850499,0.25925925925925924,23,0.5485017349436127,0.8999240167105174,0.0,0.0,1.0,2.0,1.0,0,1,0,0,0,0,0
1.0,0.11694643979693509,4.890349128221754,12.18774711769435,0.12121212121212122,21,0.5838031682581882,0.08937018141639352,0.0,196.09798602657068,1.0,2.0,1.0,0,0,0,1,0,0,0
1.0,-0.32324159615256676,4.248495242049359,12.559876021184953,0.18840579710144928,27,0.48139895610553474,0.6518422538724927,0.0,0.00043434040520467197,1.0,2.0,1.0,0,1,0,0,0,0,0
1.0,-0.49366037078996894,6.326149473155099,9.957975058988643,0.043010752688172046,23,0.5788267743503851,0.5710164646565619,0.0,0.0005266037223253927,1.0,2.0,1.0,0,0,0,0,1,0,0
1.0,-0.6572205192165188,3.713572066704308,11.057396963730536,0.35,20,0.47928193470141284,0.6416416740031485,0.0,0.0,1.0,2.0,1.0,0,1,0,0,0,0,0
1.0,-0.4852504611336288,4.174387269895637,11.47111160501613,0.109375,16,0.5062118570655351,0.4512178134182274,0.0,0.0,1.0,1.0,1.0,0,1,0,0,0,0,0
1.0,-0.39183739988513966,3.367295829986474,10.779337169727045,0.21428571428571427,33,0.8044048157437583,0.2931384828677768,0.0,0.0,1.0,2.0,1.0,0,1,0,0,0,1,0
1.0,-0.4659973106353047,4.442651256490317,11.72800573811259,0.09523809523809523,22,0.26913323415857643,0.7743363027276798,0.0,0.0,1.0,2.0,2.0,0,1,0,0,1,0,0
1.0,-0.24479645197615063,3.1354942159291497,12.27064497291449,0.5909090909090909,25,0.505428369880287,0.7440676088267316,0.0,0.034153152719329345,1.0,2.0,1.0,0,1,0,0,1,0,0
1.0,-0.09966418181815503,3.332204510175204,12.842262372448474,0.2222222222222222,25,0.5949587772942148,0.20784387567054102,0.0,0.0,1.0,2.0,2.0,0,1,0,0,1,0,0
1.0,-0.48296254921393567,3.5263605246161616,11.514244594536127,0.21212121212121213,24,0.7564659028331239,0.8044004777983266,0.0,0.0,1.0,2.0,1.0,0,1,0,0,0,0,0
1.0,-0.2289967115348327,2.0794415416798357,13.586428156538451,0.0,22,0.43008375771820845,0.6579637546224658,0.0,0.0,2.0,2.0,2.0,0,1,0,0,1,0,0
1.0,-0.3624195043499225,3.6375861597263857,11.465491003042713,0.10810810810810811,17,0.563775972370671,0.9166247467446288,0.0,0.0,1.0,2.0,2.0,0,1,0,0,0,0,0
1.0,-0.5179480322078504,3.1780538303479458,11.059956441207184,0.17391304347826086,14,0.5131468166026342,0.43564582600976354,0.0,0.013075919526091094,2.0,2.0,2.0,0,1,0,0,0,0,0
1.0,1.0450796660260449,4.04305126783455,13.014696314822277,0.5535714285714286,29,0.11814588127502694,1.0870668970498076,0.0,0.0,1.0,2.0,1.0,0,1,0,0,0,0,0
1.0,-0.06612959094109269,6.1463292576688975,11.510731923577369,0.27467811158798283,27,0.2430536165706293,0.3291833976103667,1.0,0.0,1.0,1.0,2.0,0,0,0,0,0,0,0
1.0,-0.524756558933043,3.4339872044851463,11.458758572066234,0.06666666666666667,18,0.359275504102124,0.9251408970114632,0.0,0.0,1.0,2.0,1.0,0,1,0,0,0,0,0
1.0,-0.347187394270134,4.290459441148391,11.79281842674082,0.027777777777777776,16,0.32248636762605903,0.7112994114814397,0.0,0.0,1.0,2.0,1.0,0,0,0,0,1,0,0
1.0,-0.48356673252087423,2.995732273553991,11.215333397693875,0.05263157894736842,37,0.7432854972507619,0.7445016723024334,0.0,0.0,1.0,2.0,2.0,0,1,0,0,1,0,0
1.0,-0.48563762876707195,3.970291913552122,11.355151144346348,0.09615384615384616,34,0.690932504761364,0.6850270740462273,0.0,0.0,1.0,2.0,2.0,0,1,0,0,0,0,0
1.0,1.6248882328049237,4.77912349311153,12.438503109160889,0.17796610169491525,14,0.018341194068414238,0.9094214290708867,0.0,0.0018894607219636717,1.0,2.0,1.0,0,0,0,0,1,0,0
1.0,1.168104561241674,2.4849066497880004,11.756086950168761,0.0,22,0.04943864356018018,0.21029504751598777,0.0,0.0,1.0,2.0,2.0,0,1,0,0,1,0,0
1.0,0.4612267915554881,3.6635616461296463,13.156831926201495,0.4473684210526316,15,0.7914834783581302,0.2649545552128257,0.0,0.0,1.0,2.0,1.0,0,1,0,0,0,0,0
1.0,-0.3967415564687752,3.4965075614664802,11.406063823186136,0.21875,34,0.604583082181489,0.7660676828318348,0.0,0.0,1.0,2.0,1.0,0,1,0,0,0,0,0
1.0,-0.3926151911668431,4.477336814478207,10.979264066840646,0.5517241379310345,34,0.42000129479019277,0.5492731270755092,0.0,2.3021695989217643,1.0,2.0,1.0,0,0,0,1,0,0,0
1.0,0.09393674272211278,4.07753744390572,11.365131463870547,0.3103448275862069,32,0.5108815125670783,0.6890569056258024,0.0,0.0,1.0,2.0,1.0,0,1,0,0,0,0,0
1.0,0.5834989276430528,4.343805421853684,11.436304702774759,0.2631578947368421,28,0.1687710708466847,0.7048156109735039,0.0,7.115116471985215,1.0,2.0,1.0,0,0,0,1,0,0,0
1.0,-0.247479938497041,1.6094379124341003,12.661082395023005,0.0,21,0.5895675014536924,0.6614488951557838,0.0,0.0,1.0,2.0,2.0,0,1,0,0,1,0,0
1.0,1.3155087177514304,4.04305126783455,12.748885759968116,0.35714285714285715,18,0.5189320802595211,0.5722265491497255,0.0,2.8396180067057784,2.0,2.0,2.0,0,0,0,1,1,0,0
1.0,-0.5277453946203737,3.2188758248682006,11.720931351112977,0.3333333333333333,20,0.3593019457794783,0.6211201375340324,0.0,0.0,1.0,2.0,1.0,0,1,0,0,1,0,0
1.0,-0.4895346713667884,5.805134968916488,10.43156492536285,0.17220543806646527,18,0.5639887453435263,0.28669385954456295,0.0,0.07127272828394335,1.0,2.0,2.0,1,0,0,0,1,0,0
1.0,-0.23505318650761667,3.871201010907891,11.488735008193414,0.10638297872340426,43,0.3206771258227575,0.3667403286495705,0.0,0.0,1.0,2.0,1.0,0,0,0,0,0,0,0
1.0,-0.5174630759744757,2.772588722239781,11.25854405258381,0.13333333333333333,38,0.5044744545729848,0.2711346348786282,0.0,0.005450256963921982,1.0,2.0,1.0,0,1,0,0,0,0,0
1.0,1.2810004374638657,2.3978952727983707,13.592830274325022,0.8,16,0.5149476532129909,0.557886311788165,1.0,0.0,1.0,2.0,1.0,0,1,0,0,0,0,0
1.0,-0.40904380416653935,2.5649493574615367,12.513011240307602,0.3333333333333333,13,0.5963845677260255,0.5312938545266608,0.0,0.0,1.0,2.0,2.0,0,1,0,0,0,0,0
1.0,-0.5266927791960596,4.787491742782046,11.558988905802472,0.10084033613445378,27,0.2401388068189919,0.43738323937109624,0.0,0.014518107106295204,1.0,2.0,2.0,0,0,0,1,0,0,0
1.0,-0.374693104995868,6.338594078203183,11.35350243577714,0.12743362831858407,17,0.15786241444251237,0.5377818472480612,1.0,0.007023982855794449,1.0,2.0,2.0,0,0,0,0,1,0,0
1.0,-0.5505291924710347,2.70805020110221,10.623627833422743,0.14285714285714285,36,0.6343419505299793,1.2697494211796116,0.0,0.0,2.0,2.0,2.0,0,1,0,0,0,0,0
1.0,-0.37418910075227946,4.574710978503383,10.84301679152104,0.10416666666666667,35,0.14334417711815794,0.773400668260477,0.0,0.0052238648021503764,1.0,2.0,1.0,0,0,0,0,0,0,0
1.0,-0.46701926500340146,4.859812404361672,10.389414751518245,0.0703125,38,0.3106058132924413,0.6913055670428105,0.0,0.08802244989773182,2.0,2.0,1.0,0,0,1,0,1,0,0
1.0,-0.5732421415821838,3.295836866004329,11.880742223113959,0.23076923076923078,16,0.5819383071340608,0.78347389090425,0.0,0.01551766903591538,1.0,2.0,2.0,0,1,0,0,1,0,0
1.0,-0.5020768652181387,3.7376696182833684,11.007130661316017,0.024390243902439025,27,0.7144700918795436,0.5687612594575399,0.0,0.0,2.0,2.0,2.0,0,1,0,0,1,0,0
1.0,-0.20352134606994798,4.290459441148391,11.133020073084197,0.1527777777777778,37,0.6086063994994909,0.16898393159005043,0.0,0.0,1.0,2.0,2.0,0,1,0,0,0,0,0
1.0,-0.21901046806950125,5.3230099791384085,9.674655671937066,0.9019607843137255,31,0.4053112381418349,0.771878376054839,0.0,243.23579394583112,2.0,2.0,1.0,0,0,0,1,1,0,0
1.0,-0.18739308312095898,5.298317366548036,12.008305349769799,0.21105527638190955,27,0.263206194997873,0.8558083870106423,0.0,0.0,1.0,2.0,1.0,0,0,0,0,1,0,0
1.0,-0.5182331969536756,3.58351893845611,11.80939403711379,0.7714285714285715,14,0.2600703504664134,0.8454793050535535,0.0,0.0,1.0,2.0,2.0,0,1,0,0,1,0,0
1.0,0.3073104962515244,3.4965075614664802,12.093528577330646,0.6875,37,0.6448378513322206,0.3035830101705988,1.0,0.07951422402658513,1.0,2.0,1.0,0,1,0,0,0,0,0
1.0,0.3099046784011379,3.091042453358316,12.131464291796211,0.3333333333333333,34,0.5920276056285636,0.4403477861113363,0.0,0.002774807268825057,1.0,2.0,1.0,0,1,0,0,0,0,0
1.0,-0.521359541966978,5.337538079701318,11.926118158361719,0.0,16,0.6620312242226261,0.9072274720664285,1.0,0.0,1.0,2.0,2.0,0,1,0,0,0,0,0
1.0,-0.18678201929119215,7.1308988302963465,12.792070454912043,0.41633306645316254,14,0.7407386801213858,1.0,0.0,654.3188642994378,1.0,2.0,2.0,0,0,0,1,0,0,0
1.0,-0.6108043865055334,2.995732273553991,12.135756624630899,0.0,18,0.4483472342282484,0.48513025846156277,0.0,0.024872014638511873,1.0,2.0,2.0,0,1,0,0,0,0,0
1.0,-0.20648328691413104,4.532599493153256,11.617677491188074,0.16304347826086957,17,0.2531305649586354,0.2611878410855536,0.0,0.08244915879892319,1.0,2.0,2.0,0,0,0,0,0,0,0
1.0,0.2839961441972843,4.0943445622221,13.064377335032775,0.1694915254237288,53,0.7344460593035556,0.5732115195188391,0.86,14.77982263393872,1.0,2.0,1.0,0,0,0,1,1,0,0
1.0,-0.15182025009595485,5.204006687076795,12.513701204770616,0.04419889502762431,32,0.19312677638282563,0.5714548833765627,0.97,0.8014617903564792,1.0,2.0,2.0,0,0,0,0,1,0,0
1.0,0.18462007369609093,2.9444389791664403,12.632145067980284,0.0,27,0.10971023467179815,0.4845514199218637,0.0,0.004326001483872442,1.0,2.0,2.0,0,0,0,0,1,0,0
1.0,-0.2655741183019116,5.605802066295998,11.612956319789063,0.6199261992619927,24,0.7909289756729498,0.1898490807503042,0.0,177.0847905722975,1.0,1.0,1.0,0,0,0,1,0,0,0
1.0,5.404662151105783,1.6094379124341003,15.105249620691312,0.25,19,0.09714029654965052,0.902954984704369,0.0,0.000618717005300909,1.0,2.0,1.0,0,0,0,0,0,0,0
1.0,-0.18348671587362506,3.4339872044851463,12.164752610341585,0.23333333333333334,36,0.34361397764371554,0.8710675961620968,0.0,0.0,1.0,2.0,1.0,0,1,0,0,0,0,0
1.0,2.137628419983424,3.828641396489095,13.201329115610793,0.8,33,0.22352674573217132,0.747033293498245,1.0,0.015454415403319394,2.0,2.0,1.0,0,0,0,1,1,0,0
1.0,0.4862385072442843,3.9512437185814275,13.281602601208911,0.13725490196078433,29,0.6525841593892928,0.608912350490619,0.0,0.005655739557059453,1.0,2.0,1.0,0,1,0,0,1,0,0
1.0,-0.5264302612927234,2.833213344056216,10.963420731357404,0.0625,19,0.3278221775551552,0.8271862930548172,0.0,0.0,2.0,2.0,2.0,0,1,0,0,0,1,0
1.0,-0.2131340963179984,5.993961427306569,11.377941732496284,0.0075,14,0.11071338622978195,0.9105788595632955,0.98,0.0004255705879944678,1.0,2.0,2.0,0,0,0,0,1,0,0
1.0,-0.573776776683241,3.4339872044851463,11.927562383141096,0.03333333333333333,32,0.8707756104647324,0.6972061461657587,0.0,0.0,1.0,2.0,1.0,0,1,0,0,0,0,0
1.0,1.2706833793423489,4.0943445622221,10.995216885886753,0.5254237288135594,35,0.39053809040029125,0.7760863610492371,0.99,1.2194911568592177,1.0,2.0,2.0,0,0,0,1,1,0,0
1.0,0.1575036530599716,3.713572066704308,11.860155874369267,0.225,18,0.5006811277464271,0.7935485204479933,0.0,0.06593556148619452,1.0,2.0,1.0,0,1,0,0,1,0,0
1.0,-0.44128897615115525,3.871201010907891,11.70233989288228,0.0851063829787234,42,0.466828355562723,0.8034354682902534,1.0,0.0,1.0,2.0,2.0,0,1,0,0,0,0,0
1.0,-0.15424557834513017,2.9444389791664403,12.428981502639186,0.3888888888888889,21,0.7519257664057754,0.5189720835594984,0.0,0.02133837988505454,1.0,2.0,2.0,0,1,0,0,1,0,0
1.0,-0.49396045584892767,2.8903717578961645,12.143306356981878,0.23529411764705882,18,0.6388746607545583,0.22768581492118878,0.0,0.006895764178225569,1.0,2.0,2.0,0,1,0,0,1,0,0
1.0,-0.09774582218007011,4.976733742420574,12.266445405566733,0.1736111111111111,14,0.2034957044832719,0.7946991630205789,0.0,0.06701903323331698,2.0,2.0,1.0,0,0,0,0,0,0,0
1.0,-0.19105995992407734,4.736198448394496,12.245253832715113,0.1504424778761062,14,0.24526624714365386,0.9397506901046243,0.41,0.018282219035233676,1.0,2.0,2.0,0,1,0,0,1,0,0
1.0,0.11118471820973819,3.258096538021482,12.426657405929367,0.32,34,0.7040474589652544,0.46511655512517397,0.0,0.0,1.0,2.0,1.0,0,1,0,0,0,0,0
1.0,-0.6349967175210524,3.8501476017100584,10.557294882411416,0.043478260869565216,16,0.5797418874656621,0.8510068548209301,0.0,0.0,1.0,2.0,2.0,0,1,0,0,1,0,0
1.0,-0.6870705578560115,5.0689042022202315,11.14698247906614,0.0,14,0.5305331444460065,0.9248039594769429,0.0,0.0,1.0,2.0,2.0,0,0,0,1,1,0,0
1.0,0.31607340634714326,4.48863636973214,11.783594831718212,0.045454545454545456,13,0.21494256728238237,0.463374134982668,0.0,0.007650122643123867,2.0,2.0,2.0,0,0,0,0,1,0,0
1.0,-0.2832342874617758,4.700480365792417,13.088654461396553,0.1926605504587156,44,0.15000178341075449,0.3554715816831164,0.0,0.0,1.0,2.0,2.0,0,0,0,0,0,0,0
1.0,-0.3283776356814213,5.099866427824199,11.109253533435608,0.36809815950920244,35,0.3467296954389449,0.3556152407397864,0.0,11.045483974576555,1.0,2.0,2.0,0,0,0,1,0,0,0
1.0,0.6611956751402142,3.1780538303479458,11.70130184268987,0.17391304347826086,29,0.1391243423930923,0.905724664795647,1.0,0.0,1.0,2.0,1.0,0,1,0,0,1,0,0
1.0,1.2323174398210193,2.772588722239781,12.049377119215075,0.9333333333333333,16,0.08517536396341123,0.5765420421556113,0.0,359.0969696969697,2.0,2.0,2.0,0,0,0,1,0,0,0
1.0,-0.22350466169058966,4.060443010546419,12.211531141848598,0.03508771929824561,15,0.8577786307280482,0.6034752938754216,0.0,0.0,1.0,2.0,1.0,0,1,0,0,1,0,0
1.0,0.35086289007079896,4.6913478822291435,9.005387992308583,0.9166666666666666,14,0.9224420248471628,0.8425296645763072,0.99,1.0584615646895013,2.0,2.0,1.0,0,0,0,1,0,0,0
1.0,-0.040078073426574004,5.043425116919247,11.87685570728191,0.44155844155844154,22,0.4867523163434792,0.2530629566016636,0.0,0.0,1.0,2.0,2.0,0,0,0,0,0,0,0
1.0,0.04943392293079568,5.407171771460119,12.513299379442891,0.02252252252252252,16,0.18312129224250384,0.7313806905930262,0.0,0.004411415007106205,1.0,2.0,1.0,0,0,0,0,1,0,0
1.0,-0.5274637932531474,4.2626798770413155,11.099451658391606,0.2714285714285714,14,0.6310106347084347,0.4309351246778181,0.0,0.02436458390979421,1.0,2.0,1.0,0,1,0,0,0,0,0
1.0,-0.5051278619697304,3.4339872044851463,11.577343353832019,0.0,14,0.5609224076806224,0.7196057362457119,0.0,0.0,2.0,2.0,2.0,0,1,0,0,0,0,0
1.0,-0.055825251448572165,4.51085950651685,11.382870815115934,0.4444444444444444,27,0.29754943205429407,0.5259520063495141,1.0,0.7620139616518783,1.0,2.0,1.0,0,0,0,0,0,0,0
1.0,0.48460677748917524,3.2188758248682006,12.470909651532898,0.9166666666666666,23,0.6684183630851477,0.44504617991583306,0.0,0.0,1.0,2.0,2.0,0,1,0,0,0,0,0
1.0,-0.5141880331932298,6.220590170099739,10.3761797952949,0.17928286852589642,16,0.6823830427507439,0.5216101998504229,0.0,0.005283653185228595,1.0,2.0,1.0,1,0,0,0,1,0,0
1.0,1.0340047851889171,2.3978952727983707,14.65068211965363,0.1,17,0.32201135057750957,0.851487186516968,0.0,0.4451862640676407,2.0,2.0,1.0,0,1,0,0,0,0,0
1.0,-0.5223408058894811,2.772588722239781,10.880599906428747,0.13333333333333333,32,0.7567403799869751,10.650275966510124,0.0,0.0,1.0,2.0,2.0,0,1,0,0,1,0,0
1.0,-0.3790501671057851,3.871201010907891,12.493825539942106,0.1702127659574468,18,0.7362712835592836,0.5173997105832423,1.0,0.0,1.0,2.0,1.0,0,1,0,0,0,0,0
1.0,0.10225392260767341,5.0238805208462765,11.954533366995996,0.19205298013245034,15,0.36264488953126406,0.3943077460869582,1.0,0.0,1.0,1.0,1.0,0,0,0,0,0,0,0
1.0,-0.3473243738492644,4.653960350157523,11.471663169204682,0.4230769230769231,13,0.4706588236641867,0.12790479203318883,0.0,12.333253878872037,2.0,2.0,2.0,0,0,0,0,0,0,0
1.0,-0.16093695213765508,5.616771097666572,10.893329015828487,0.0948905109489051,27,0.2820111152533676,0.4396005304179561,1.0,1.5211490299803387,1.0,2.0,1.0,0,0,0,0,1,0,0
1.0,-0.5276101945762719,3.1354942159291497,10.961556374810614,0.18181818181818182,27,0.834516425259576,0.594173239155492,0.0,0.004563488969857014,1.0,2.0,2.0,0,1,0,0,0,0,0
1.0,0.1776248331295864,3.6375861597263857,12.507659222382035,0.24324324324324326,15,0.19960050385772593,0.4831611972638276,0.0,0.00023730227111190698,2.0,2.0,2.0,0,0,0,0,1,0,0
1.0,-0.40767226822179903,4.727387818712341,11.09859060090607,0.13392857142857142,24,0.295624788763059,0.6342605079033918,0.0,0.0,1.0,2.0,1.0,0,0,0,0,0,0,0
1.0,-0.05582850787785502,5.598421958998375,11.773806731569394,0.40148698884758366,17,0.24747650095688664,0.5305548508073608,1.0,0.0,1.0,2.0,2.0,0,0,0,0,1,0,0
1.0,1.652339457946956,2.70805020110221,13.065849260162423,0.21428571428571427,21,0.517266862566639,0.4677244980543759,0.0,0.0,1.0,2.0,2.0,0,1,0,0,1,0,0
1.0,-0.5973456537920452,2.5649493574615367,10.809163816400181,0.25,14,0.6547476016924302,0.25304512905687326,0.0,0.002082009829861503,1.0,2.0,2.0,0,1,0,0,0,0,0
1.0,-0.33068399162747075,5.8888779583328805,11.075547860187028,0.17222222222222222,13,0.42476674318022056,0.32420517364145107,0.0,0.0,1.0,2.0,2.0,0,0,0,0,0,0,0
1.0,5.914200771865216,0.6931471805599453,17.289174265015173,1.0,40,0.29595568881984957,0.833739315548368,0.0,0.005872212824073412,1.0,2.0,1.0,0,1,0,0,1,0,0
1.0,-0.347388537313013,4.990432586778736,11.262265343132112,0.2191780821917808,34,0.318270082948181,0.518756399147326,0.0,0.0,1.0,2.0,1.0,0,0,0,0,0,0,0
1.0,0.48788028417303075,2.995732273553991,12.924495965443125,0.8947368421052632,27,0.7167492809780548,0.11933666798040882,0.0,0.004324292554466502,1.0,2.0,2.0,0,1,0,0,1,0,0
1.0,-0.2684949697766275,5.517452896464707,11.254288648156047,0.12903225806451613,17,0.37266074054737225,0.32035595936393285,0.0,0.0,1.0,2.0,2.0,0,0,0,0,1,0,0
1.0,-0.6733346192060998,4.564348191467836,11.449994184861872,0.021052631578947368,17,0.7493232566265862,0.8106977639434465,0.0,0.0,1.0,2.0,1.0,0,1,0,0,1,0,0
1.0,-0.44253116260102787,5.966146739123692,11.787197509432342,0.14910025706940874,19,0.4478776253036957,0.8091876471789066,0.99,0.0,1.0,2.0,1.0,0,0,0,0,1,0,0
1.0,-0.4049617958661824,3.258096538021482,12.820903627142284,0.36,18,0.49566608595234446,0.803961090962771,0.0,0.0,1.0,2.0,1.0,0,1,0,0,0,0,0
1.0,-0.43884014230860346,3.2188758248682006,12.581325365633921,0.2916666666666667,13,0.48593456287168785,0.5555718109852985,0.0,0.0,1.0,2.0,1.0,0,1,0,0,1,0,0
1.0,-0.18734652477830158,3.4965075614664802,10.796638231600008,0.125,34,0.12315167911057955,0.22815023196698925,0.0,0.0,1.0,2.0,2.0,0,0,0,0,0,0,0
1.0,-0.6061789428931688,3.258096538021482,11.78313579150997,0.36,25,0.5946976411801854,0.5389771261534234,0.0,0.012353685134640767,1.0,2.0,1.0,0,1,0,0,0,0,0
1.0,-0.3135730198926072,4.867534450455582,9.96967333537891,0.49612403100775193,17,0.4389566146579381,0.4649242782635952,0.0,473.60944055944054,2.0,2.0,1.0,0,0,0,1,1,0,0
1.0,0.20568516387495578,2.833213344056216,12.34217081927674,0.3125,22,0.6935764538862649,0.16118663825103108,0.0,0.0,1.0,2.0,1.0,0,1,0,0,1,0,0
1.0,-0.5246655519744831,4.330733340286331,12.03608258236978,0.4533333333333333,17,-0.7332709405708938,1.167865992815659,0.01,0.07757042833794717,1.0,2.0,1.0,0,1,0,0,0,0,0
1.0,-0.48843393019536,3.2188758248682006,10.819903276598435,0.0,25,0.5806885355746378,0.7916668749781273,0.0,0.1686579463859442,2.0,2.0,2.0,0,1,0,0,0,0,0
1.0,-0.3607411075768088,5.37989735354046,10.697750418864288,0.3287037037037037,14,0.2958207268416536,0.5650713664019282,0.0,19.808691742714732,1.0,2.0,2.0,0,0,1,0,0,0,0
1.0,0.19867079764041404,5.517452896464707,13.51890305706308,0.020161290322580645,13,0.14244054753176266,0.8502044587010359,0.52,0.0,1.0,2.0,1.0,0,0,0,0,1,0,0
1.0,-0.596445657914165,3.1354942159291497,7.6055054857073525,0.09090909090909091,26,0.3369769493745607,26.388175912722662,0.0,0.0,2.0,2.0,2.0,0,1,0,0,0,0,0
1.0,-0.46044774338783545,3.258096538021482,11.54704472627878,0.0,14,0.3808749641993785,0.9184353308888197,0.0,0.0,1.0,2.0,1.0,0,1,0,0,1,0,0
1.0,-0.14328238047285996,3.258096538021482,13.172771279948174,0.32,32,0.7817684718129335,0.6779777464633383,0.0,0.029169812493375188,1.0,2.0,2.0,0,1,0,0,0,0,0
1.0,-0.1758352424301334,4.477336814478207,11.910579301464903,0.19540229885057472,31,0.5447670014493059,0.25656327632823056,0.0,0.0,1.0,2.0,1.0,0,1,0,0,0,0,0
1.0,1.6543629227436547,3.2188758248682006,13.516515512239245,0.7083333333333334,22,0.1652903607561062,0.5776529724135258,1.0,0.002513700505655994,1.0,2.0,1.0,0,0,0,0,0,0,0
1.0,0.47301645860207453,3.2188758248682006,12.177383562889535,0.5416666666666666,13,0.31083454665910537,0.5124838531588849,1.0,0.0,1.0,1.0,1.0,0,0,0,0,0,0,0
1.0,0.36866427903454,3.332204510175204,12.153379541456674,0.18518518518518517,20,-0.006319423750757817,1.2483986775193316,1.0,0.0,1.0,2.0,2.0,0,1,0,0,0,0,0
1.0,0.0043457288712534375,4.356708826689592,13.263185333711949,0.07792207792207792,19,0.49715186296261477,0.6043546889256503,0.0,0.0,2.0,2.0,2.0,0,1,0,0,1,0,0
1.0,-0.14641722772382731,5.049856007249537,11.384868314758068,0.05806451612903226,55,0.2918957773169405,0.3788285852839447,0.0,0.007566766978038843,1.0,2.0,2.0,0,0,0,0,1,0,0
1.0,0.1818397619436441,3.8501476017100584,13.132829631969042,0.3695652173913043,27,0.7287220581278577,0.36502728558568814,0.0,0.0,1.0,2.0,1.0,0,1,0,0,0,0,0
1.0,0.5394313267128894,5.3981627015177525,12.004127026587243,0.22727272727272727,38,0.40010081090423893,0.4454286365277859,1.0,0.0,1.0,1.0,2.0,0,0,0,0,1,0,0
1.0,-0.4861455412508035,3.044522437723423,10.646663415699106,0.2,19,0.7353716541921856,0.3091349680923544,0.0,0.0006004200939257167,1.0,2.0,2.0,0,1,0,0,0,0,0
1.0,-0.017424154876057432,2.9444389791664403,12.72338568046502,0.3333333333333333,17,0.3994478360535614,0.797426508515519,0.0,0.0,1.0,2.0,1.0,0,1,0,0,1,0,0
1.0,0.12227622312336886,4.02535169073515,10.934119768351868,0.2,32,0.11607649223864609,0.5907061347373037,1.0,3.968583453182447,1.0,1.0,1.0,0,0,0,1,0,0,0
1.0,-0.027783634720275636,5.075173815233827,11.687407621182405,0.16352201257861634,24,0.32329038621457423,0.7750134304587486,0.0,0.02103681584444667,1.0,2.0,1.0,0,0,0,0,1,0,0
1.0,-0.5216476257674787,5.820082930352362,11.947071794334324,0.11904761904761904,43,-0.12429118610383626,0.7771728743115907,0.0,0.0,1.0,2.0,2.0,0,0,0,0,1,0,0
1.0,-0.5015113572179626,5.942799375126701,9.937430699837927,0.05,39,0.48409094096671923,0.6917850332535573,0.0,0.1553141576463423,1.0,2.0,2.0,1,0,0,0,1,0,0
1.0,-0.566699048968583,3.4965075614664802,11.433536892262092,0.125,17,0.667019117982244,0.6758322007939109,0.0,0.0,1.0,2.0,1.0,0,1,0,0,1,0,0
1.0,-0.4987827199412015,3.6109179126442243,10.542469628949005,0.1388888888888889,16,0.7617502319783878,0.9258856588621603,0.0,0.0,1.0,2.0,2.0,0,1,0,0,1,0,0
1.0,0.7812857884136258,4.204692619390966,10.999852621125848,0.6666666666666666,16,0.7701888719071093,0.532700083142561,0.0,0.399624852233111,1.0,2.0,2.0,0,0,0,1,1,0,0
1.0,-0.4529418482570219,4.02535169073515,11.046766073528413,0.4,15,0.8926593526303563,0.7532081311391796,0.0,0.448811093334052,1.0,2.0,2.0,0,0,0,1,0,0,0
1.0,-0.36552750830320124,3.912023005428146,11.825420401617109,0.32653061224489793,28,0.6351480231813293,0.4263268125665648,0.0,0.0,2.0,2.0,1.0,0,1,0,0,1,0,0
1.0,-0.4431266011550914,2.70805020110221,12.591091819464653,0.0,17,0.7769547021203181,0.8617936638894188,0.0,0.008853237472561256,1.0,2.0,2.0,0,1,0,0,1,0,0
1.0,-0.6793150735977014,4.653960350157523,10.764796820561267,0.0,14,0.5586849347059438,0.9311877375952667,0.8,0.15226849785586954,1.0,2.0,2.0,0,0,0,1,1,0,0
1.0,1.107929594208627,2.302585092994046,12.9268187802809,0.2222222222222222,32,0.485331518056501,0.5573117851581214,0.0,0.0,1.0,1.0,1.0,0,1,0,0,0,0,0
1.0,5.62222006334551,1.3862943611198906,14.811977773178986,1.0,18,0.33399968222835413,0.289341951178452,1.0,0.12013784028324546,1.0,2.0,2.0,0,0,1,0,1,0,0
1.0,-0.3785805732190862,4.8283137373023015,11.714044769469716,0.18548387096774194,38,0.42466430994465276,0.8479299090002053,0.0,0.0,1.0,2.0,1.0,0,0,0,0,1,0,0
1.0,-0.015856158808484233,5.10594547390058,12.08825656054718,0.012195121951219513,32,0.13569896287681463,0.6465065958419763,0.5,0.01962935026786195,1.0,2.0,2.0,0,0,0,0,1,0,0
1.0,-0.3292536619980091,5.459585514144159,11.065324331646458,0.09401709401709402,29,0.2697789448819403,0.6210434538415763,0.0,0.0,1.0,2.0,2.0,0,0,0,0,1,0,0
1.0,-0.14136979885183876,2.9444389791664403,11.994059971074709,0.3333333333333333,21,0.6853173126596317,0.5115568271331336,0.0,0.0,1.0,2.0,1.0,0,1,0,0,0,0,0
1.0,-0.5668059276708025,3.1780538303479458,10.59802181413249,0.08695652173913043,14,0.6404247610118297,0.8289451117715635,0.0,0.0028586802496585605,2.0,2.0,2.0,0,1,0,0,0,0,0
1.0,-0.1918757783705882,4.736198448394496,10.850091162605313,1.0,23,0.7721995813421144,0.359122954055418,1.0,0.0,1.0,2.0,1.0,0,1,0,0,1,0,0
1.0,-0.509942593548712,4.330733340286331,11.409825207817352,0.7733333333333333,21,0.5983561184265705,0.7212364336954463,0.0,0.6052402503571241,1.0,2.0,2.0,0,0,0,0,1,0,0
1.0,-0.44698065221279704,4.718498871295094,11.399778961265348,0.15315315315315314,38,0.5356042917667718,0.6083246766754681,0.0,0.0,1.0,2.0,1.0,0,1,0,0,0,0,0
1.0,0.2146825442159068,3.713572066704308,11.4072387850155,0.35,32,0.2698566940234359,0.7971677115560636,0.0,2.796431665538227,1.0,2.0,1.0,0,0,0,1,0,0,0
1.0,0.8944743370852914,2.833213344056216,12.996670752632895,0.625,27,0.7669459824281967,0.24231109793225328,1.0,0.0,1.0,2.0,2.0,0,1,0,0,1,0,0
1.0,0.4250014403336643,4.709530201312334,12.568812275662571,0.34545454545454546,25,0.6141061004027333,0.6796211658922799,0.0,0.005901678999172858,1.0,2.0,1.0,0,1,0,0,0,0,0
1.0,0.4126421435045856,2.9444389791664403,12.750093171353805,0.05555555555555555,20,0.09077662740568211,0.3736077777745533,0.0,0.0,1.0,2.0,2.0,0,0,0,0,1,0,0
1.0,-0.5840741744495921,5.627621113690637,11.714523656004035,0.04332129963898917,20,0.6181497179633426,0.8777081647445455,0.0,0.0,1.0,2.0,1.0,0,1,0,0,0,0,0
1.0,0.40746544475865204,4.04305126783455,12.472638510459765,0.25,17,0.29534774314233286,0.170602400014007,1.0,0.0,1.0,1.0,1.0,0,0,0,0,1,0,0
1.0,-0.5546776790760759,3.258096538021482,10.333894998148363,0.24,46,0.48010111530317345,0.6143810060123525,0.0,0.03773259599636374,1.0,2.0,2.0,0,1,0,0,0,0,0
1.0,-0.23926155306751995,1.3862943611198906,12.869703472947599,0.0,22,0.7641331321155024,0.6291074976718637,0.0,0.0,1.0,2.0,2.0,0,1,0,0,1,0,0
1.0,-0.18935385290507586,3.713572066704308,11.96105407099,0.125,19,0.7293504024595551,0.4600602413486907,0.0,0.0,1.0,2.0,1.0,0,1,0,0,0,0,0
1.0,-0.2280661574231581,4.465908118654584,10.984578829971635,0.45348837209302323,14,0.44540110185172954,0.1724710978241297,0.0,0.0,1.0,2.0,1.0,0,0,0,0,0,0,0
1.0,-0.5839683288744878,2.6390573296152584,11.358398047519596,0.3076923076923077,15,0.48981383737160983,0.542514137861998,0.0,0.002800018836239585,1.0,2.0,2.0,0,1,0,0,0,0,0
1.0,-0.5715376504000905,4.7535901911063645,10.235260566326923,0.13043478260869565,15,0.5774848704425855,0.4420490709372754,0.0,0.0,1.0,2.0,2.0,0,1,0,0,1,0,0
1.0,-0.5202490386233798,4.605170185988092,11.88228464300507,0.09090909090909091,32,0.632165318726114,0.640365147900357,0.0,0.012656843499047783,1.0,2.0,1.0,0,0,0,0,0,0,0
1.0,-0.49812478615414446,5.135798437050262,11.457314235106415,0.5502958579881657,24,0.532491915466906,0.6118813015868726,0.0,0.0,1.0,2.0,1.0,0,1,0,0,0,0,0
1.0,0.1779699543874726,6.154858094016418,11.220625483961326,0.23404255319148937,23,0.3189631078052637,0.6041124943725795,0.01,2.009968374098236,1.0,2.0,2.0,0,0,0,1,1,0,0
1.0,3.865436187386721,1.9459101490553132,15.391739265202444,0.16666666666666666,13,0.5929054310888786,0.6191485212703935,0.0,0.0,1.0,2.0,1.0,0,1,0,0,1,0,0
1.0,-0.3342235853322291,4.634728988229636,11.173340349148269,0.9019607843137255,13,0.7071782719476717,0.4150603444762527,1.0,0.7325518236783655,1.0,2.0,1.0,0,1,0,0,0,0,0
1.0,0.13148050625498997,5.680172609017068,10.893382989045953,0.8082191780821918,43,0.33815771396835,0.7020200098327228,0.0,19.39221716821142,1.0,1.0,1.0,0,0,0,1,0,0,0
1.0,-0.7191368663023294,6.455198563340122,10.320056505928733,0.007874015748031496,33,0.16534116692365564,0.927639664102595,0.0,0.021348314752238765,1.0,2.0,1.0,0,1,0,0,1,0,0
1.0,3.560910833229685,2.6390573296152584,13.565063500661127,0.15384615384615385,31,0.8732541855117703,0.4517985010087084,0.0,1.2397737120188104,1.0,2.0,1.0,0,0,0,1,0,0,0
1.0,-0.30257038348398446,3.044522437723423,12.27700187439986,0.3,14,0.38641022070631154,0.827599714112782,0.0,0.0,1.0,2.0,1.0,0,0,0,0,1,0,0
1.0,0.35923604456708264,3.5263605246161616,12.943868308440782,0.9393939393939394,35,0.15545312654130988,0.5483579205838401,0.0,0.0,1.0,2.0,2.0,0,0,0,0,1,0,0
1.0,-0.41010302466416537,5.030437921392435,10.41221380310689,0.14473684210526316,21,0.6323182928972417,0.47661726750725736,0.0,1.7312286860259665,1.0,2.0,2.0,0,0,0,1,1,0,0
1.0,0.9296657846233489,3.367295829986474,12.93768948460763,0.8571428571428571,16,0.42861353362047483,0.5902298322732257,0.0,1.6788362212470418,1.0,2.0,1.0,0,0,0,1,0,0,0
1.0,5.914200771865216,1.6094379124341003,15.542486942818273,1.0,28,0.2659336345591067,0.6431863281743524,0.0,0.0,1.0,2.0,2.0,0,0,1,0,1,0,0
1.0,-0.46469590836762525,5.805134968916488,11.137416610394189,0.1540785498489426,38,0.5150600161580358,0.28308756540059093,0.0,0.00029486854726008485,1.0,2.0,1.0,0,0,0,0,0,0,0
1.0,-0.15437251736784036,3.8501476017100584,11.885983107099397,0.3695652173913043,37,0.397446924956223,0.5064836786390031,0.0,0.3846610628317503,1.0,2.0,1.0,0,1,0,0,0,0,0
1.0,-0.28495412793907265,3.7612001156935624,11.874573356615334,0.09523809523809523,25,0.7411091097099286,0.563013630476279,0.0,0.05460140883459718,1.0,2.0,1.0,0,1,0,0,0,0,0
1.0,-0.44759321301001864,5.318119993844216,11.398925878797492,0.4876847290640394,23,0.7167242327294904,0.371399731270553,0.0,0.8024409862476847,1.0,2.0,1.0,0,0,0,1,1,0,0
1.0,-0.41311144401428895,1.6094379124341003,14.74973128249539,0.25,23,0.8703117015840572,0.8849557991508227,0.0,0.058923111868685436,2.0,2.0,2.0,0,1,0,0,1,0,0
1.0,0.03426377981000425,3.58351893845611,11.102000766096161,0.5142857142857142,22,0.191095921317414,0.8923245513864123,0.0,1.0,1.0,2.0,1.0,0,0,0,1,0,0,0
1.0,-0.2972329457676919,3.7376696182833684,11.270909828880578,0.07317073170731707,28,0.43943657790104734,0.7099277054680565,0.0,0.0,1.0,2.0,1.0,0,1,0,0,0,0,0
1.0,-0.10979265397631405,2.995732273553991,12.49378478331946,0.15789473684210525,21,0.3572713262758824,0.6935290518670562,0.0,0.0012116284016467375,1.0,2.0,1.0,0,1,0,0,0,0,0
1.0,-0.11875826129156257,3.4657359027997265,12.823969166578348,0.0967741935483871,18,0.7086838596021996,0.9397913504832797,0.0,0.006641708222003245,1.0,2.0,2.0,0,1,0,0,1,0,0
1.0,-0.16211870731332262,5.342334251964811,12.419436473167753,0.5576923076923077,15,0.6494105036681497,0.7845700616919828,0.0,0.09559080993092883,1.0,2.0,2.0,0,1,0,0,1,0,0
1.0,-0.36716404569025574,3.044522437723423,11.120861656958322,0.1,23,0.9496687890574983,1.0952133571918046,0.0,0.0,1.0,2.0,2.0,0,1,0,0,0,0,0
1.0,-0.4997605207311018,4.430816798843313,11.498598014272849,0.012048192771084338,15,0.6057943731383887,0.7998027829168646,0.0,0.008398197904945042,1.0,2.0,1.0,0,1,0,0,0,0,0
1.0,-0.293787190095711,4.0943445622221,13.964412445789517,0.13559322033898305,31,0.14167230678232073,0.7500047354480776,0.0,0.0,1.0,2.0,2.0,0,0,0,0,0,0,0
1.0,1.097564688576981,3.4965075614664802,13.18571691938759,0.59375,20,0.17448421992217952,0.8470987139061373,0.0,1.1031934321123837,1.0,2.0,1.0,0,0,0,1,0,0,0
1.0,-0.07356715701865224,3.1354942159291497,12.453015816600278,0.045454545454545456,30,0.1306432073000279,0.7744757783740848,0.0,0.0,1.0,2.0,2.0,0,0,0,0,1,0,0
1.0,-0.6626491016268514,3.295836866004329,10.665818996522828,0.23076923076923078,26,0.42392149397443296,0.2218824502702174,0.0,0.0,2.0,2.0,2.0,0,1,0,0,1,0,0
1.0,-0.3575247199346163,5.966146739123692,12.090754346263616,0.11568123393316196,20,0.7746538148282329,0.4539638740984655,0.0,0.0,1.0,1.0,1.0,0,1,0,0,0,0,0
1.0,-0.2994430845468957,5.117993812416755,11.981387356650346,0.0783132530120482,17,0.22769728546251405,0.6253237641642756,0.0,0.0,1.0,2.0,2.0,0,0,0,0,1,0,0
1.0,0.6794266389773909,4.204692619390966,11.38519126209669,0.21212121212121213,13,0.7778901477955721,0.32696629600362226,1.0,0.0,2.0,2.0,1.0,0,1,0,0,0,0,0
1.0,2.621312899286961,3.912023005428146,13.994825115270238,0.7346938775510204,31,0.7130418838985347,0.8335243236041987,1.0,0.0,1.0,2.0,1.0,0,1,0,0,0,0,0
1.0,-0.3839445619354487,7.328437352895162,10.870075803283044,0.05781865965834428,27,0.23284385540282526,0.8268228709447142,0.0,0.002567904830411932,1.0,2.0,1.0,0,0,0,0,1,0,0
1.0,-0.3362472977522197,4.1588830833596715,11.459776648997165,0.015873015873015872,14,0.6194824209123506,0.993735522298715,1.0,0.0,1.0,2.0,2.0,0,1,0,0,1,0,0
1.0,-0.38237144922208555,3.871201010907891,11.709513912887545,0.10638297872340426,14,0.594070080469565,0.6120914281519211,0.0,0.0,1.0,2.0,1.0,0,1,0,0,0,0,0
1.0,-0.3762264028000029,6.139884552226255,11.44151633975891,0.0367170626349892,41,0.4848121451642112,0.3829302944828944,0.0,0.0,1.0,2.0,2.0,0,1,0,0,0,0,0
1.0,-0.3240971735184962,5.0238805208462765,11.529237264168355,0.2052980132450331,35,0.4517847423945577,0.8108199429808505,0.99,0.054643209577006795,1.0,2.0,1.0,0,1,0,0,0,0,0
1.0,-0.4304506451368865,4.174387269895637,11.714561248562253,0.15625,18,0.47913446521235326,0.6595436281109226,0.0,0.018033611568789337,1.0,2.0,1.0,0,1,0,0,1,0,0
1.0,-0.49449313089664637,5.834810737062605,11.218510395447925,0.3343108504398827,17,0.49667947112635874,0.7463408022685158,0.0,0.0,1.0,2.0,1.0,0,0,0,0,1,0,0
1.0,-0.5411075434661223,6.091309882077698,10.696289871343982,0.04308390022675737,14,0.5917048181404063,0.6554304144919153,0.0,0.0,1.0,2.0,1.0,0,1,0,0,0,0,0
1.0,-0.2085341901474146,4.477336814478207,12.000440036868422,0.09195402298850575,44,0.28219510467823483,0.2904342511392923,0.98,0.006377563636611414,2.0,2.0,2.0,0,0,0,0,0,0,0
1.0,-0.10923782642524038,3.6375861597263857,11.698737544417478,0.0,29,0.5241674913101303,0.7816290830544264,0.0,0.0,1.0,2.0,2.0,0,1,0,0,1,0,0
1.0,0.11767321713939413,3.9889840465642745,13.344628444851347,0.24528301886792453,23,0.4512506646015666,0.5103319267122837,0.0,0.1284063045779115,1.0,2.0,1.0,0,1,0,0,0,0,0
1.0,-0.18911371673463495,4.718498871295094,12.521421578126182,0.11711711711711711,17,0.5543973400558935,0.8261526634243241,0.0,0.0,1.0,2.0,2.0,0,1,0,0,1,0,0
1.0,-0.6366066142545235,2.995732273553991,11.74266489975025,0.0,41,0.5725939431800847,0.17228273918328454,0.0,0.0023547371544785645,1.0,2.0,2.0,0,1,0,0,1,0,0
1.0,0.3006692294785168,4.5217885770490405,11.843751335567864,0.7032967032967034,39,0.7681175950261387,0.39582806586930386,1.0,0.0,1.0,2.0,1.0,0,1,0,0,0,0,0
1.0,-0.2788374340975162,4.02535169073515,11.447583712237606,0.10909090909090909,14,0.609090195262844,0.6789050194534025,0.0,0.0057468167331290705,1.0,2.0,1.0,0,1,0,0,0,0,0
1.0,-0.5574212585445971,3.6109179126442243,11.169446796082148,0.08333333333333333,16,0.39282778890913156,0.4430342765188438,0.0,0.005643354912733182,2.0,2.0,2.0,0,1,0,0,1,0,0
1.0,-0.2125818730024837,6.679599185844383,11.308772381791453,0.10062893081761007,20,0.08217845180477931,0.8175509969832705,0.0,0.006790355963608211,1.0,2.0,1.0,0,0,0,0,1,0,0
1.0,0.20122346697154744,3.258096538021482,12.052722378620347,0.88,19,0.04469325714008466,0.4967525980264954,0.0,0.0,1.0,2.0,2.0,0,1,0,0,1,0,0
1.0,-0.5428465831478377,4.219507705176107,9.52006685029948,0.23880597014925373,13,0.6813108400542244,0.8068328409138197,0.0,0.0,1.0,2.0,2.0,0,1,0,0,0,0,0
1.0,-0.6085714221166225,3.258096538021482,11.915434207332488,0.24,39,0.29797771554171276,0.4928370739561449,0.0,0.013591394619760085,2.0,2.0,2.0,0,0,0,1,1,0,0
1.0,-0.566417114970701,3.4965075614664802,11.737449063580959,0.03125,21,0.5486606233231682,0.5444604557941946,0.0,0.0,1.0,2.0,2.0,0,1,0,0,1,0,0
1.0,-0.6366790178028434,5.662960480135946,10.31719329377108,0.059233449477351915,15,0.49166388312205983,0.6060325369619344,0.0,0.0,1.0,2.0,1.0,0,1,0,0,0,0,0
1.0,-0.37052600453913115,5.0689042022202315,11.901563887953976,0.13924050632911392,26,0.3455820364404537,0.67129711119615,0.0,0.0,1.0,2.0,1.0,0,0,0,0,1,0,0
1.0,0.8588511844909644,3.6109179126442243,12.355609005262043,0.8055555555555556,26,0.6555754129711299,0.4249451609936406,0.0,4.261022909378858e-05,1.0,2.0,2.0,0,1,0,0,1,0,0
1.0,-0.12736952989532213,4.553876891600541,12.129858914450017,0.06382978723404255,28,0.3855144909393398,0.56103929621987,0.0,0.00026762730862421813,1.0,2.0,1.0,0,0,0,0,0,0,0
1.0,0.4291978453469968,3.367295829986474,12.753412782783254,0.32142857142857145,21,0.412193064844441,0.8908867045452432,0.0,0.0,1.0,2.0,1.0,0,1,0,0,0,0,0
1.0,-0.4482330855409223,5.3612921657094255,10.216818924308251,0.1320754716981132,16,0.46571257975740316,0.7704462464747851,0.0,0.01296996725683214,1.0,2.0,1.0,0,1,0,0,0,0,0
1.0,2.4784561753291605,1.9459101490553132,14.452316196835703,0.3333333333333333,13,0.46273774157539793,0.9719074719184483,1.0,0.0,1.0,2.0,1.0,0,1,0,0,0,0,0
1.0,-0.2353599940733841,5.455321115357702,11.299453501291323,0.055793991416309016,25,0.1962919027139434,0.7495442305689626,0.0,0.0038509671450892512,1.0,2.0,2.0,0,0,0,0,0,0,0
1.0,0.271625553879751,2.995732273553991,14.818315018460245,0.7368421052631579,18,0.4658241753876865,0.9535109236721339,1.0,0.3097808873547466,1.0,2.0,1.0,0,1,0,0,0,0,0
1.0,-0.1986188171026528,6.003887067106539,10.681870085661513,0.5470297029702971,17,0.48206059858669253,0.9550188223775039,0.0,9.550527459703298,1.0,1.0,1.0,0,0,0,1,0,0,0
1.0,0.0973621010941152,6.035481432524756,12.248138458992589,0.05755395683453238,40,0.2892100073872093,0.37487958382348346,1.0,0.0,1.0,2.0,1.0,0,0,0,0,0,0,0
1.0,3.087016718914526,2.833213344056216,12.848875094832175,0.25,38,0.2605879357320641,0.1395071177704521,0.0,0.0038508337050383807,1.0,2.0,1.0,0,0,0,0,0,0,0
1.0,0.26295632435283917,4.2626798770413155,12.802100417761306,0.4142857142857143,38,0.610082791345041,0.39016998430129424,0.0,0.03279057705120417,1.0,2.0,1.0,0,1,0,0,0,0,0
1.0,0.16080764263592828,3.4011973816621555,11.9320696893508,0.1724137931034483,23,0.5446030566090035,0.5954875457041501,0.0,0.0,1.0,2.0,1.0,0,1,0,0,0,0,0
1.0,3.2840576422164496,2.833213344056216,14.25742547651043,0.1875,22,0.07952501041261986,0.28510390818048575,0.0,0.0,1.0,2.0,2.0,0,0,0,0,1,0,0
1.0,-0.07264039074768332,2.3978952727983707,12.381857048283534,0.0,24,0.24860293580251078,0.5444732992444069,0.0,0.0,2.0,2.0,2.0,0,1,0,0,1,0,0
1.0,-0.2449599064843292,5.4510384535657,12.463165830697431,0.04741379310344827,19,0.45616100362614465,0.7054368412676686,0.0,0.038047489012974466,1.0,2.0,2.0,0,1,0,0,0,0,0
1.0,0.30933519006579746,6.693323668269949,10.43858881641808,0.9727047146401985,18,0.8808740711039938,0.43286542379296233,1.0,277.5071884020966,1.0,1.0,1.0,0,0,0,1,0,0,0
1.0,-0.3837081220733397,7.3537223303996315,11.872127956362608,0.009609224855861628,35,0.7845763443671654,0.6592040102200368,1.0,0.15006341842901336,1.0,2.0,1.0,0,1,0,0,1,0,0
1.0,-0.1861497202277671,4.736198448394496,11.92095165648445,0.17699115044247787,28,0.3696528840305165,0.6618052364356817,0.0,0.0004196363859568772,1.0,2.0,1.0,0,0,0,0,0,0,0
1.0,0.3594859639603479,1.6094379124341003,12.341598454234092,0.75,17,0.7150148200304411,0.6153920884787476,0.0,0.0,1.0,2.0,1.0,0,1,0,0,0,0,0
1.0,-0.5465942299988238,5.918893854273146,10.69153163221643,0.11590296495956873,25,0.3336875345520188,0.3729174638981315,0.0,0.0,1.0,1.0,2.0,0,0,0,0,0,0,0
1.0,-0.3382327691861433,5.3471075307174685,10.753495646694029,0.10526315789473684,15,0.2526880484141664,0.7422378679523914,0.0,0.005212546121152059,1.0,2.0,1.0,0,0,0,0,1,0,0
1.0,1.0334973039466466,5.37989735354046,13.269560708477455,0.5601851851851852,99,0.7018001083998685,0.4324220135876514,0.0,30.645674133193268,1.0,1.0,2.0,0,0,0,1,1,0,0
1.0,-0.07267557242464118,3.7376696182833684,12.228051525737813,0.12195121951219512,35,0.6079461034349509,0.42133497236578404,0.0,0.0,1.0,2.0,1.0,0,1,0,0,1,0,0
1.0,-0.1066374419171784,4.02535169073515,12.182740929227506,0.07272727272727272,19,0.34923330555406,0.36550524940428153,0.0,0.0,1.0,2.0,1.0,1,0,0,0,0,0,0
1.0,-0.404291294588213,3.5553480614894135,11.453883028338437,0.23529411764705882,14,0.6978823343116712,0.27164806103400496,0.0,0.0,1.0,2.0,1.0,0,1,0,0,0,0,0
1.0,0.08314533840380262,4.890349128221754,12.418009453399003,0.2803030303030303,21,0.6466954607186202,0.5752804522907039,0.0,0.020595098605984442,1.0,2.0,2.0,0,1,0,0,1,0,0
1.0,-0.6456501880407991,4.867534450455582,10.769814990532735,0.023255813953488372,21,0.5532046013566146,0.6803851862089738,0.0,0.0,1.0,2.0,1.0,0,1,0,0,1,0,0
1.0,-0.4842799791270717,3.4011973816621555,10.615742392791875,0.10344827586206896,23,0.7227553991216902,0.6588841365789627,0.0,0.0,1.0,2.0,2.0,0,1,0,0,1,0,0
1.0,1.1292546524152347,1.791759469228055,13.004344413919164,0.6,19,0.4387630591161056,0.7630284652289943,0.0,0.04749732967015448,1.0,2.0,2.0,0,1,0,0,1,0,0
1.0,-0.56910314739602,5.736572297479192,10.158508891728943,0.16828478964401294,13,0.5276010338269661,0.953687024085777,0.0,0.0004687732660184522,1.0,2.0,2.0,0,1,0,0,0,0,0
1.0,0.5725015143244859,6.077642243349034,12.587184879307399,0.10574712643678161,21,0.5350594715967124,0.38260902371939676,1.0,0.0016992447662355936,1.0,2.0,1.0,0,1,0,0,0,0,0
1.0,1.8793854335709343,3.912023005428146,14.364144492889732,0.2857142857142857,21,0.6568838308305054,0.5992587917318593,0.0,651.4095416896743,2.0,2.0,1.0,0,0,0,1,0,0,0
1.0,-0.07450413528709338,3.4965075614664802,11.826131130871643,0.375,29,0.13333330202580085,0.7103988474131567,0.0,0.0,1.0,2.0,1.0,0,0,0,0,1,0,0
1.0,-0.20884559025514854,3.912023005428146,10.931342659134247,0.14285714285714285,20,0.14495365172329744,0.5669377032135209,0.0,0.0,2.0,2.0,2.0,0,0,0,0,1,0,0
1.0,2.6287706923972256,7.251344983372214,14.31908743896379,0.22498225691980128,25,0.9415118674756832,0.21005760324272574,1.0,0.0,1.0,2.0,2.0,1,0,0,0,0,0,0
1.0,-0.3092020122593627,5.017279836814924,11.075023731657451,0.26666666666666666,25,0.32112896445380734,0.28293526245242073,0.0,0.0030904059962403216,1.0,1.0,1.0,0,0,0,0,0,0,0
1.0,-0.4355396662944641,4.3694478524670215,11.642925308496757,0.038461538461538464,15,0.6342755320932719,0.5834148580928813,0.0,0.0,1.0,2.0,1.0,0,1,0,0,0,0,0
1.0,0.1989785489062315,4.0943445622221,11.709832229018943,0.8813559322033898,15,0.14228705582422277,0.945023643641718,0.0,148.05139958440287,1.0,2.0,2.0,0,0,0,1,0,0,0
1.0,0.749368834248062,3.044522437723423,12.76894241922113,0.2,27,0.36230575583414637,0.4338061982444312,0.01,0.0,1.0,2.0,1.0,1,0,0,0,0,0,0
1.0,-0.25795154917272584,4.07753744390572,12.683208003264806,0.39655172413793105,22,0.26917937402670794,0.92889222469852,0.0,0.022258907988511704,1.0,2.0,2.0,0,1,0,0,0,0,0
1.0,0.2801343058256235,4.248495242049359,12.105353756296921,0.10144927536231885,22,0.1347497244553883,0.5445268259875167,0.0,0.0,1.0,2.0,1.0,0,0,0,0,1,0,0
1.0,-0.1699736399245745,7.576097340623111,11.17928158784359,0.34923076923076923,30,0.5009246999665344,0.6571551300405549,0.0,5.871053261430762,1.0,2.0,1.0,1,0,0,0,0,1,0
1.0,1.624234488909739,2.6390573296152584,13.250567412517665,0.15384615384615385,23,0.7554597607656109,0.23240253297801663,1.0,0.0,1.0,2.0,2.0,0,1,0,0,0,0,0
1.0,-0.4375421290138707,5.857933154483459,11.025830964852672,0.0057306590257879654,20,0.21324363198916535,0.9505557274880513,0.0,0.0,1.0,2.0,2.0,0,0,1,0,1,0,0
1.0,-0.4308004251912741,4.8283137373023015,11.380294220086533,0.12903225806451613,41,0.22058946488965667,0.6013915553608694,0.0,0.0011863811745826138,1.0,2.0,2.0,0,0,0,0,0,0,0
1.0,-0.6097714941156808,2.8903717578961645,12.469599130285546,0.23529411764705882,29,0.5954137326537227,0.9745220641324546,0.0,0.0,1.0,2.0,2.0,0,1,0,0,0,0,0
1.0,-0.14897814661821013,4.31748811353631,12.580297011151403,0.5675675675675675,27,0.6749274235115594,0.45623270009907935,0.0,0.008645117414004979,1.0,2.0,2.0,0,1,0,0,0,0,0
1.0,0.5470052558556033,3.5263605246161616,12.592834745781463,0.15151515151515152,22,0.721954614739129,0.7804606748418776,0.0,0.0,1.0,2.0,1.0,0,1,0,0,0,0,0
1.0,0.24951153093463035,4.1588830833596715,11.785940137958852,0.42857142857142855,26,0.18753206039999742,0.1972674545733501,0.0,0.0,1.0,2.0,2.0,0,0,0,0,1,0,0
1.0,-0.27854730288519614,5.575949103146316,11.50941860066982,0.08745247148288973,19,0.2093547298199548,0.3677772474834464,0.0,0.013380570901156269,1.0,1.0,1.0,0,0,0,0,0,0,0
1.0,-0.6974999023833692,5.942799375126701,9.965018512729829,0.018421052631578946,17,0.47500805180984834,0.6230862582285297,0.0,1.7211088628822786,1.0,2.0,1.0,0,0,0,1,0,0,0
1.0,-0.38657403437262217,3.6635616461296463,11.564328253363092,0.5,15,0.5690179227576454,0.9941395860413959,0.0,0.0,1.0,2.0,2.0,0,1,0,0,0,0,0
1.0,-0.39835766462680455,7.395107546562485,10.762189538285698,0.03073140749846343,25,0.2446455177831463,0.455085535651115,1.0,0.0007265986344603396,1.0,1.0,2.0,0,0,0,0,1,0,0
1.0,1.305082614516455,2.772588722239781,13.505933371826194,0.7333333333333333,22,0.6140296012846665,0.9301603566380183,0.0,0.8048205058533713,1.0,2.0,2.0,0,0,0,1,1,0,0
1.0,1.809486813854927,1.791759469228055,15.21956271203285,0.4,14,0.08185757643928046,0.890158732622525,1.0,0.015429476203207287,2.0,2.0,2.0,0,1,0,0,1,0,0
1.0,-0.5546688781249977,3.828641396489095,9.965955180854603,0.0,22,0.2231292632700814,0.6406835711802783,0.0,0.006865460014455892,1.0,1.0,2.0,0,1,0,0,0,0,0
1.0,-0.10445890097732399,4.394449154672439,11.913147016298241,0.05,20,0.15486894081211836,0.7593166616989867,0.0,0.0,1.0,2.0,2.0,0,0,0,0,1,0,0
1.0,0.23599595645191976,3.6375861597263857,12.736500797082517,0.02702702702702703,19,0.5204472137762732,0.6390209904300126,1.0,1.8406632435106443,1.0,2.0,2.0,0,0,0,1,1,0,0
1.0,0.6584255701766526,4.976733742420574,12.948476465437794,0.22916666666666666,15,0.20837706846374862,0.3338989052287649,0.43,0.012580642086789651,1.0,2.0,1.0,0,0,0,0,1,0,0
1.0,-0.48980526505278854,5.220355825078324,11.03439120531522,0.04891304347826087,14,0.2552310199978672,0.7023990515457155,0.0,0.0,2.0,2.0,2.0,0,0,0,0,0,0,0
1.0,-0.012447092021425285,3.5263605246161616,13.583711702796425,0.42424242424242425,14,0.3008921930803914,0.6773297863979353,0.0,4.845461283743777,1.0,2.0,2.0,0,0,1,0,0,0,0
1.0,-0.28280129143540145,2.70805020110221,12.73419271170801,0.07142857142857142,27,0.3141612659718429,0.4155084748261501,0.0,0.00951477245376705,1.0,2.0,2.0,0,1,0,0,1,0,0
1.0,-0.6647380614427039,4.564348191467836,10.603213309888602,0.06315789473684211,30,0.9029360808117318,0.973273889107045,0.0,0.0,1.0,2.0,1.0,0,1,0,0,0,1,0
1.0,-0.17686141632246716,3.713572066704308,11.42864753053843,0.225,14,0.5539691533286795,0.871365148233602,0.0,0.013509312518221545,1.0,2.0,2.0,0,1,0,0,0,0,0
1.0,-0.449415079707515,4.969813299576001,11.385160352414818,0.24475524475524477,27,0.3587634000479473,0.42255741011557196,0.0,0.0,1.0,2.0,2.0,0,0,0,0,0,0,0
1.0,-0.34141486487431194,2.6390573296152584,13.02483111521796,0.23076923076923078,25,0.2081835805161131,0.3250548426194063,0.0,0.0,1.0,2.0,2.0,0,1,0,0,1,0,0
1.0,-0.43294280917728833,4.919980925828125,10.30138216485356,0.11764705882352941,15,0.3128034786687445,0.6646011835243103,0.0,0.0,1.0,2.0,1.0,0,0,0,0,0,0,0
1.0,-0.6025530978464997,5.017279836814924,10.513990895415127,0.06666666666666667,14,0.40058940325764775,0.8542094351768779,0.0,0.0,1.0,2.0,2.0,0,1,0,0,1,0,0
1.0,0.18366159361452133,5.087596335232384,12.4894991775533,0.062111801242236024,40,0.041845589512375714,0.5757391150249717,0.0,0.0,1.0,2.0,1.0,0,0,0,0,0,0,0
1.0,-0.4354684345981904,2.833213344056216,12.178195154093162,0.1875,30,0.6657031079303962,0.4284208138282421,0.0,0.0,2.0,2.0,2.0,0,1,0,0,1,0,0
1.0,0.43881966186419796,3.4011973816621555,12.370799515043794,0.9655172413793104,14,0.711547616531022,0.3915088842235299,1.0,0.0,1.0,2.0,2.0,0,1,0,0,1,0,0
1.0,-0.3288925933488568,3.6109179126442243,10.334412819607312,0.027777777777777776,13,0.16659807070762234,0.8287086099291037,0.0,0.0,1.0,1.0,1.0,0,0,0,0,0,0,0
1.0,-0.37157467223699703,4.219507705176107,12.449719368868609,0.1044776119402985,14,0.4969552085681066,0.8413929982419042,0.0,0.0012722442439355543,1.0,2.0,1.0,0,1,0,0,1,0,0
1.0,-0.46481720810504656,5.556828061699537,11.127719959072666,0.3178294573643411,14,0.5758194678731924,0.5396232890819331,0.0,0.0,1.0,2.0,2.0,0,1,0,0,1,0,0
1.0,-0.36235005367961126,4.9344739331306915,11.340149594106725,0.17391304347826086,40,0.4598248739038884,0.22955061009910024,0.0,0.25091127822850473,2.0,1.0,1.0,0,0,0,0,0,0,0
1.0,-0.25296711941520744,3.9512437185814275,12.551778521153407,0.7058823529411765,38,0.6505415744436118,0.724114749393856,0.0,0.12002855611515319,1.0,2.0,1.0,0,0,0,1,1,0,0
1.0,-0.5887396759112381,3.1354942159291497,11.474490770096354,0.045454545454545456,18,0.6080644384099928,0.6813685802630671,0.0,0.0,1.0,2.0,2.0,0,1,0,0,1,0,0
1.0,-0.36900340193026143,3.332204510175204,11.8198329284326,0.2222222222222222,24,0.7779200423299439,0.7595550122702429,0.0,0.0,1.0,2.0,2.0,0,1,0,0,0,0,0
1.0,1.3691671319360106,3.1354942159291497,13.010196213633572,0.0,13,0.033941822328284965,0.7621559469047591,0.0,0.0,2.0,2.0,2.0,0,0,0,0,1,0,0
1.0,0.700766025864517,3.1780538303479458,12.527762084711199,0.043478260869565216,38,0.5503454270233601,0.3132050298511885,0.0,0.0,1.0,2.0,1.0,0,1,0,0,1,0,0
1.0,-0.411464183366364,4.941642422609304,12.078639700706056,0.07913669064748201,26,0.9169367795100402,0.5035962542421629,0.0,0.0,1.0,2.0,1.0,0,1,0,0,1,0,0
1.0,3.6179057407828923,1.0986122886681098,14.161728012466662,0.5,32,0.8114409069276811,0.2999754546374112,0.0,0.0,1.0,2.0,2.0,0,1,0,0,1,0,0
1.0,-0.35355218006043776,4.912654885736052,10.673009010899412,0.15555555555555556,14,0.15678716020849517,0.9363188528533516,0.0,0.0,1.0,2.0,1.0,0,0,0,0,1,0,0
1.0,-0.43939549169759823,2.302585092994046,12.171937158447761,0.1111111111111111,13,0.5105108078165146,0.27754624094036273,0.0,0.0,1.0,2.0,2.0,0,1,0,0,0,0,0
1.0,-0.11879747708735536,4.941642422609304,11.060287867364083,0.02158273381294964,13,0.4639554255869347,0.2525838996708655,0.0,0.0,1.0,2.0,2.0,0,0,0,0,1,0,0
1.0,-0.1907298206578804,5.634789603169249,11.370887290574284,0.27598566308243727,28,0.37502671195216913,0.7907355911462841,1.0,2.0071503044201546,1.0,2.0,1.0,0,0,0,1,0,0,0
1.0,-0.5680566253399586,4.290459441148391,11.57993346048613,0.18055555555555555,25,0.5205962125278463,0.6469868424351113,0.0,0.055072768471062586,2.0,2.0,1.0,0,1,0,0,0,0,0
1.0,-0.374512186863308,2.772588722239781,11.812020659260721,0.06666666666666667,20,0.5812528140994422,0.9197495528789258,0.0,0.0,1.0,2.0,1.0,0,1,0,0,0,0,0
1.0,-0.5903225083140438,2.9444389791664403,11.853181012029077,0.1111111111111111,22,0.3774617250645194,0.7736958665113811,0.0,0.0,2.0,2.0,2.0,0,1,0,0,1,0,0
1.0,-0.13892511421058337,4.5217885770490405,11.874280899840478,0.08791208791208792,19,0.5296026693613831,0.9391022730596319,1.0,0.0,1.0,2.0,1.0,0,1,0,0,0,0,0
1.0,-0.26607341920069594,2.9444389791664403,12.543760809278952,0.2777777777777778,15,0.6097240977073285,0.7327918077157988,0.0,0.0,1.0,2.0,1.0,0,1,0,0,1,0,0
1.0,0.7522392035180433,4.700480365792417,12.01613609473153,0.908256880733945,27,0.5598793449868767,0.10222891844268242,1.0,0.9903417995034578,1.0,2.0,1.0,0,0,0,1,0,0,1
1.0,-0.3050508910394478,5.1298987149230735,9.972561809600073,0.26785714285714285,14,0.6881253125845226,0.4338071594736294,1.0,0.8313301211822258,1.0,2.0,2.0,0,0,0,1,1,0,0
1.0,0.5509008262466826,3.6635616461296463,12.547395972502494,0.02631578947368421,18,0.08569381074754602,0.8099056810687689,0.0,0.0,1.0,2.0,2.0,0,0,0,0,1,0,0
1.0,-0.2679264865624365,3.713572066704308,11.781749588776412,0.325,18,0.048996346410987955,0.9909667422033529,0.0,0.006799558418989013,1.0,2.0,2.0,0,0,0,0,0,0,0
1.0,-0.5416485860612975,3.1354942159291497,11.55274477515233,0.2727272727272727,38,0.6133737668419639,0.4827955382929987,0.0,0.0,2.0,2.0,2.0,0,1,0,0,0,0,0
1.0,-0.06824825223832745,5.3612921657094255,10.130439878984564,0.6556603773584906,33,0.5142490106924883,0.7160783253725131,0.0,16.713218424681205,1.0,2.0,2.0,0,0,0,1,0,0,0
1.0,-0.20446846534832894,4.060443010546419,11.538291877036478,0.21052631578947367,22,0.5224787818765068,0.6740053376610249,0.0,0.0,1.0,2.0,1.0,0,1,0,0,0,0,0
1.0,0.12133136671517959,3.6635616461296463,12.599983540762542,0.07894736842105263,13,0.631668607814235,0.7393416914825288,0.0,0.005583674356886677,1.0,2.0,1.0,0,1,0,0,1,0,0
1.0,-0.2363535578973634,5.958424693029782,11.280572440748005,0.025906735751295335,29,0.4397318993763643,0.4739131374076362,0.0,12.176321897339754,1.0,2.0,1.0,0,0,0,1,1,0,0
1.0,-0.457112950195094,4.51085950651685,11.88146998593927,0.34444444444444444,22,0.6074057867207739,0.4647139622081152,0.0,0.0,1.0,2.0,1.0,0,1,0,0,1,0,0
1.0,0.2876355332991739,3.6888794541139363,11.919077516565858,0.07692307692307693,21,0.08441225594617041,0.8320534350897278,0.0,0.0,1.0,2.0,1.0,0,0,0,0,1,0,0
1.0,-0.22354834507643018,5.0238805208462765,11.194410432303918,0.13245033112582782,23,0.31559364498730375,0.42016551507085786,0.0,0.0024922017707824777,1.0,2.0,1.0,0,0,0,0,0,0,0
1.0,0.4941542291739543,3.6635616461296463,11.704555536483781,0.18421052631578946,18,0.5187075768356414,0.740977015852103,0.0,0.023691248895086895,1.0,2.0,1.0,0,1,0,0,0,0,0
1.0,-0.14987949081214988,4.219507705176107,10.433553749275005,0.1791044776119403,16,0.3180654700098166,0.7389145381399801,0.0,8.024926708015437,1.0,2.0,1.0,0,0,0,1,1,0,0
1.0,-0.2932485054979247,3.258096538021482,12.88018052338758,0.24,13,0.7774703833758344,0.7654276670271662,0.0,0.01936654699468212,1.0,1.0,1.0,0,1,0,0,1,0,0
1.0,-0.42737613314794753,6.12029741895095,9.437415040937962,0.13656387665198239,27,0.6567924167893686,0.49681063329365677,0.0,8.502294926850663e-05,2.0,2.0,2.0,1,0,0,0,0,0,0
1.0,-0.2849025148235419,3.828641396489095,11.807526380265303,0.2,21,0.4343682770934696,1.1320281739376843,1.0,0.0,1.0,2.0,1.0,0,1,0,0,1,0,0
1.0,-0.1754046472847185,3.5553480614894135,11.407364602446924,0.0,15,0.1907238105985849,0.4219790916576152,0.0,135.1762501491825,1.0,2.0,2.0,0,0,0,1,1,0,0
1.0,1.5633663963800304,2.70805020110221,13.125079399959265,0.5,27,0.7938864417651719,0.8137966190171169,1.0,0.0038940343158457816,1.0,2.0,1.0,0,1,0,0,0,0,0
1.0,1.7562804667437508,3.332204510175204,12.608165406997479,0.7777777777777778,30,0.5014683967042116,0.937841018058016,0.75,0.200722454664276,1.0,2.0,1.0,0,0,0,0,0,0,0
1.0,-0.39036697233573053,3.8501476017100584,10.960752346314006,0.15217391304347827,15,0.676851177543319,0.5421605626846092,0.0,0.0,1.0,2.0,2.0,0,1,0,0,0,0,0
1.0,-0.10082697150931552,3.5553480614894135,12.55209743026358,0.0,23,0.18525353288537072,0.26988374776383983,0.0,0.0,1.0,2.0,1.0,0,0,0,0,1,0,0
1.0,-0.09926040640889996,5.8664680569332965,12.644991789474044,0.06534090909090909,42,0.32193205053991836,0.5847423868406072,0.0,0.00999958887118715,1.0,2.0,1.0,0,0,0,0,0,0,0
1.0,0.9585763875306675,4.189654742026425,13.034440267429948,1.0,41,0.28614199469653495,0.23091458226746456,1.0,0.43748198212108147,1.0,2.0,1.0,0,1,0,0,0,0,0
1.0,-0.15098106361000285,4.51085950651685,12.714959958651887,0.03333333333333333,17,0.12358461329140714,0.8422166897887325,0.0,0.0,1.0,2.0,2.0,0,0,0,0,1,0,0
1.0,-0.48566890347276637,4.59511985013459,11.264718128873444,0.15306122448979592,14,1.6525109409953926,0.757318485702821,0.0,0.0,1.0,2.0,2.0,0,1,0,0,1,0,0
1.0,0.2899426287507251,4.605170185988092,12.693838919175912,0.06060606060606061,30,0.19745333081580846,0.5355101080391939,1.0,0.019218776496572304,1.0,2.0,1.0,0,0,0,0,1,0,0
1.0,-0.25618938371005684,8.89041055197428,12.672473419535669,0.5098471284946977,14,0.4139216139703532,0.30411907554439427,0.0,139.99965259310244,1.0,2.0,1.0,0,0,0,1,0,0,0
1.0,-0.4150398545601773,3.4339872044851463,11.536711976117736,0.13333333333333333,15,0.495486716858479,0.6766314528584705,0.0,0.003814964931894858,1.0,2.0,2.0,0,1,0,0,0,0,0
1.0,-0.6134030722520327,3.044522437723423,11.178037872137585,0.15,18,0.6073702014834116,0.17943804134281324,0.0,0.0,2.0,2.0,2.0,0,1,0,0,0,0,0
1.0,-0.10703840288773503,4.356708826689592,11.448364640553638,0.2987012987012987,29,0.072880699960567,0.8721998384154518,0.0,0.0,1.0,1.0,1.0,0,0,0,0,0,0,0
1.0,-0.4319956933739345,4.543294782270004,10.981693580144947,0.24731182795698925,25,0.28821900368768805,0.6780125234260939,0.0,0.0,1.0,2.0,2.0,0,0,0,0,0,0,0
1.0,-0.27565417151055993,4.442651256490317,12.78798700958156,0.2619047619047619,16,-0.013374354743152682,0.8551818659423532,0.0,0.03536104025574056,1.0,2.0,2.0,0,1,0,0,1,0,0
1.0,-0.3299248710619595,5.241747015059643,11.317238088623318,0.18085106382978725,13,0.42879745231053557,0.4801449353927173,0.0,0.6090512766017265,1.0,2.0,2.0,0,0,0,0,1,0,0
1.0,0.1422388892947111,1.3862943611198906,13.929056184023645,0.0,13,0.8055444006818805,0.5918158754983298,0.0,0.0,1.0,2.0,2.0,0,1,0,0,1,0,0
1.0,-0.3003307326260043,6.501289670540389,12.057176740422545,0.21353383458646616,29,0.15494176632848639,0.6931538263417832,0.0,0.0037726281869841574,1.0,1.0,2.0,0,0,0,0,1,0,0
1.0,-0.02294257066154723,4.23410650459726,11.505223824504876,0.5441176470588235,26,0.3838735693490571,0.712521129227735,0.0,2.898711692304711,1.0,2.0,1.0,0,0,0,1,1,0,0
1.0,0.35072600550052657,6.434546518787453,12.40919118881058,0.18006430868167203,22,0.4946435669585304,0.3171709538457985,1.0,3.588977125461114,1.0,2.0,2.0,0,0,0,1,1,0,0
1.0,-0.15411472150457228,2.5649493574615367,11.975090641153226,0.3333333333333333,22,0.6055587906368972,0.629430912489626,0.0,0.0,1.0,2.0,1.0,0,1,0,0,1,0,0
1.0,-0.5835974989501505,4.110873864173311,10.881411965582496,0.13333333333333333,16,0.6236085197873029,0.6738820017689141,0.0,0.0,1.0,2.0,1.0,0,1,0,0,0,0,0
1.0,-0.2183424682268913,5.332718793265369,11.63092961965157,0.18932038834951456,35,0.5203441826595545,0.715776401116846,0.0,0.0,1.0,2.0,1.0,0,0,0,0,1,0,0
1.0,-0.545519484026504,4.700480365792417,10.293115371999894,0.06422018348623854,15,0.22232264662739734,2.958882849864425,0.0,0.8224866030545778,1.0,2.0,2.0,1,0,0,0,1,0,0
1.0,0.15195668883482494,3.367295829986474,12.404611980346962,0.32142857142857145,19,0.7636146587979127,0.8626466431736948,0.0,0.00370824624054926,1.0,2.0,2.0,0,1,0,0,1,0,0
1.0,-0.11608016680021488,5.204006687076795,12.4523453401779,0.27624309392265195,13,0.1564947981627235,0.3546361464962995,0.0,0.0022247343262279534,1.0,2.0,1.0,0,0,0,0,1,0,0
1.0,0.4089315422256372,3.044522437723423,12.534442323472408,0.4,17,0.5798987343487567,0.35294895989748665,0.0,1.671108752248268e-05,1.0,2.0,2.0,0,1,0,0,0,0,0
1.0,0.5137692534471967,3.044522437723423,11.970120538777813,0.25,29,0.4468904736919891,0.39491791416581257,0.0,0.0,1.0,2.0,1.0,0,1,0,0,0,0,0
1.0,-0.3941781232189653,5.634789603169249,11.020252772941829,0.3225806451612903,14,0.5258885552635616,0.7053178341249776,0.33,3.922662122638586,1.0,2.0,2.0,0,0,0,0,1,0,0
1.0,0.5356813980390259,3.044522437723423,12.377886270206933,0.25,27,0.8730459662354076,0.42450681143608815,0.8,0.0,1.0,2.0,2.0,0,1,0,0,0,0,0
1.0,-0.1586717069103076,2.772588722239781,11.59066521517941,0.8,17,0.17928696256476817,0.955751961298926,0.0,0.0,1.0,1.0,2.0,0,1,0,0,1,0,0
1.0,1.460891516707489,3.8066624897703196,12.020809584934478,0.75,14,0.16396284820491347,0.7459791431599823,0.0,46.086404799822766,1.0,2.0,2.0,0,0,0,1,1,0,0
1.0,-0.2491206012742886,4.23410650459726,11.749925975392705,0.17647058823529413,19,0.21487106423307478,0.615282340295382,0.0,0.0,1.0,2.0,2.0,0,0,0,0,0,0,0
1.0,1.3377583847444803,3.091042453358316,13.56979171048624,0.2857142857142857,14,0.7165294001620592,0.7491774562901603,0.0,3.7158936075689715,2.0,2.0,2.0,0,0,0,1,0,0,0
1.0,-0.5593254768336317,4.430816798843313,10.242001593101337,0.0,15,0.25775494486291217,0.5754961958923281,0.0,0.0,1.0,1.0,1.0,0,1,0,0,0,0,0
1.0,-0.06536067876993566,3.4657359027997265,11.791924789942252,0.3870967741935484,36,0.5961800956492725,0.8028211361419417,0.0,0.0,1.0,2.0,2.0,0,1,0,0,1,0,0
1.0,-0.28977807368727043,3.295836866004329,10.937594823778916,0.15384615384615385,14,0.5123697074416025,0.5126647580926933,0.0,0.0,1.0,2.0,1.0,0,1,0,0,0,0,0
1.0,1.582287195223755,6.532334292222349,12.909592191391237,0.6209912536443148,42,0.3474651374737886,0.45828486308766675,1.0,27.86172791860803,1.0,2.0,2.0,1,0,0,0,0,0,0
1.0,-0.32368597130484034,3.8918202981106265,11.790966208822727,0.25,22,0.6821149653696487,0.7582081941846582,0.0,0.012015426916512618,1.0,2.0,2.0,0,1,0,0,1,0,0
1.0,0.969797969756653,2.0794415416798357,13.310249186896629,0.7142857142857143,16,0.42423148525369625,0.6478661409641646,0.0,0.0,1.0,2.0,2.0,0,1,0,0,1,0,0
1.0,-0.5842320137436011,2.995732273553991,11.179449262070241,0.10526315789473684,39,0.7490084491224096,0.3566731021836679,0.0,0.005662742218057405,2.0,2.0,2.0,0,1,0,0,0,0,0
1.0,-0.35139590630352235,3.9889840465642745,12.288852503642186,0.9433962264150944,22,0.21864679013829888,0.7881649240474504,0.0,18.858384831140402,1.0,2.0,1.0,0,0,0,1,1,0,0
1.0,-0.343870683053194,2.9444389791664403,12.257048778516253,0.3333333333333333,17,0.7198181442446786,0.4700458311401506,0.0,0.0,2.0,2.0,1.0,0,1,0,0,0,0,0
1.0,2.5472079852008584,1.6094379124341003,13.369090634015494,0.0,35,0.6447270636328055,0.32473426116634424,0.0,0.0,1.0,2.0,1.0,0,1,0,0,0,0,0
1.0,-0.5189839005358841,3.4657359027997265,10.723665911967721,0.03225806451612903,26,0.6975018233622118,0.5500046167067965,0.5,0.0,1.0,2.0,2.0,0,1,0,0,1,0,0
1.0,-0.4676038708872663,5.961005339623274,11.075361909970725,0.2868217054263566,23,0.5038547858800084,0.6578005199438071,0.0,0.056107082784374394,1.0,2.0,2.0,0,0,0,0,0,0,0
1.0,0.6388699463415406,4.007333185232471,12.94925467387321,0.5,18,0.6681907819158942,0.6178404419937773,0.0,0.02203450832022154,2.0,2.0,1.0,0,1,0,0,0,0,0
1.0,-0.5725626530384043,5.0369526024136295,11.25442934356874,0.3137254901960784,14,0.4479164294426352,0.353299633481739,0.0,1.536048121170362,1.0,2.0,1.0,0,0,0,1,1,0,0
1.0,1.2855738625837922,0.6931471805599453,15.409151553521063,1.0,13,0.5073742635325886,0.46239857283199587,0.0,0.0,2.0,2.0,1.0,0,1,0,0,0,0,0
1.0,-0.4021337454195285,5.560681631015528,10.848789273849118,0.019305019305019305,20,0.18463388740272918,0.6663463090663702,0.0,0.0,2.0,2.0,2.0,0,0,0,0,1,0,0
1.0,0.6613128328742586,4.477336814478207,13.28594913074658,0.41379310344827586,14,0.6740271117783394,0.7616210721127902,0.0,0.0,1.0,2.0,2.0,0,1,0,0,1,0,0
1.0,-0.10220794493647652,5.356586274672012,12.237462926540376,0.11848341232227488,100,0.5330575215604205,0.5855622544793352,1.0,0.017291758953907704,1.0,2.0,1.0,0,1,0,0,0,0,0
1.0,0.9382759730255077,4.007333185232471,12.310979891810288,0.7592592592592593,40,0.8024695676562742,0.28012887231389566,0.84,1.2106180494045862,1.0,2.0,2.0,0,0,0,0,1,0,0
1.0,-0.1290296365126586,3.6635616461296463,11.836523644044847,0.42105263157894735,17,0.8031702230336649,0.5549579952897146,0.0,0.0,1.0,2.0,2.0,0,1,0,0,0,0,0
1.0,-0.23537159206142041,7.334981878871814,11.669033658798583,0.0835509138381201,31,0.31313571526950923,0.4464039066524474,0.0,0.001835781992776763,1.0,1.0,1.0,0,0,0,0,0,0,0
1.0,-0.33567437939191674,3.912023005428146,11.574505020848026,0.16326530612244897,24,0.16491739363969662,0.5026939221960498,0.0,0.0,1.0,2.0,2.0,0,0,0,0,1,0,0
1.0,-0.14437734767419058,4.248495242049359,11.74103394596005,0.057971014492753624,28,0.75656108496191,0.24854681547694588,0.0,0.0,1.0,2.0,1.0,0,1,0,0,1,0,0
1.0,-0.5007691505622094,5.966146739123692,10.992310478971618,0.46272493573264784,19,0.580019874049937,0.7897519418496916,0.0,0.7628097204509866,1.0,2.0,1.0,0,1,0,0,1,0,0
1.0,-0.2199435340676341,6.570882962339584,12.28871752508625,0.22019635343618513,28,4.151335902152628,0.3080165291006362,1.0,0.0,1.0,0.0,0.0,0,0,0,0,0,0,0
1.0,-0.08823981113879022,3.091042453358316,13.001387285078316,0.3333333333333333,23,0.46108045559203625,0.6799435226823974,0.0,0.0,1.0,2.0,1.0,0,1,0,0,0,0,0
1.0,1.3299068982213829,3.6375861597263857,13.46753469410078,0.4864864864864865,18,0.6605008535138515,0.6634771416887505,0.0,0.0,1.0,2.0,1.0,0,1,0,0,1,0,0
1.0,1.73366029207416,4.804021044733257,11.99179622467614,0.4462809917355372,29,0.06501089691409186,0.6209700747121052,1.0,1.4506179631364233,1.0,2.0,1.0,0,0,0,1,0,0,0
1.0,-0.40563311233195476,6.423246963533519,10.97103178190784,0.1040650406504065,25,0.3678258065411805,1.0406412540086343,1.0,2133.996741280987,1.0,2.0,1.0,0,0,0,1,1,0,0
1.0,-0.53352114569175,4.90527477843843,11.309313890487113,0.05970149253731343,13,0.45772890976440395,0.7277070344836166,0.0,0.2553368777667992,1.0,2.0,1.0,1,0,0,0,1,0,0
1.0,0.12164140532658663,4.442651256490317,11.60860916807963,0.4642857142857143,39,0.4390381923612,0.8386910485442103,0.0,0.000336839342009971,1.0,2.0,2.0,0,1,0,0,0,0,0
1.0,-0.6027068925310943,5.717027701406222,10.696838037527986,0.06930693069306931,26,0.37633813976777963,0.17710634516804094,0.0,0.0,1.0,2.0,2.0,0,0,0,0,0,0,0
1.0,-0.45058123205976675,5.673323267171493,10.647089111036431,0.17586206896551723,36,0.28197691188369195,0.506926272194985,0.0,0.0,1.0,1.0,1.0,0,0,0,0,0,0,0
1.0,-0.3801236372947281,5.081404364984463,11.139566851511464,0.2125,28,0.25937817783360795,0.472278307214659,0.8,1.3172147495517517,1.0,2.0,1.0,0,0,0,0,1,0,0
1.0,-0.5971340601517666,2.8903717578961645,10.580364858275049,0.23529411764705882,37,0.8935234087685336,0.21807180471413687,0.0,0.0,2.0,2.0,2.0,0,1,0,0,1,0,0
1.0,-0.22995992686032432,3.970291913552122,12.742175082690187,0.3076923076923077,16,0.5806287319805796,0.398336850706562,0.0,0.008827092809911178,1.0,2.0,2.0,0,1,0,0,0,0,0
1.0,-0.4941897991982616,3.8501476017100584,11.601598449854977,0.1956521739130435,19,0.3722732491389208,0.5538697947928183,0.0,0.23634077641434828,2.0,2.0,2.0,0,0,0,1,0,0,0
1.0,-0.19390724077552388,5.241747015059643,12.721431674676642,0.15425531914893617,40,0.4042194606624548,0.9451937839422548,0.0,0.0,1.0,2.0,2.0,0,1,0,0,0,0,0
1.0,0.3013892668606858,4.672828834461906,12.317589760003232,0.5094339622641509,22,0.7290169081853196,0.5790379689496429,0.0,0.6448703584476924,1.0,2.0,2.0,0,0,0,1,1,0,0
1.0,-0.5448502616097786,3.4965075614664802,9.94966567734665,0.25,16,0.24523452694020026,1.0573651738621188,0.0,0.0,1.0,2.0,1.0,0,1,0,0,1,0,0
1.0,-0.6107389203984182,2.9444389791664403,11.354841783242867,0.0,14,0.5422493203563972,0.8277590264858474,0.0,0.00328404105662449,1.0,2.0,2.0,0,1,0,0,0,0,0
1.0,-0.09727572684046755,5.356586274672012,11.278610743094498,0.03317535545023697,14,0.11209786101970243,0.8068561559845459,0.0,0.05624953370278881,1.0,2.0,2.0,0,0,0,0,1,0,0
1.0,-0.46055937154990245,2.5649493574615367,11.596281140239672,0.08333333333333333,16,0.7294972633286033,0.3133952106183997,0.0,0.0,1.0,2.0,2.0,0,1,0,0,0,0,0
1.0,-0.2966181894811724,3.8066624897703196,11.15713584330377,0.0,13,0.6401323289302995,0.3592080797123546,0.6,0.0,1.0,2.0,1.0,0,1,0,0,1,0,0
1.0,-0.3450655449255316,2.995732273553991,11.84298394426985,0.47368421052631576,27,0.07828912536641859,0.8828240902770552,0.0,0.0,1.0,2.0,1.0,0,1,0,0,1,0,0
1.0,-0.5730124634036968,3.7612001156935624,12.195981784565017,0.023809523809523808,24,0.5789971681698406,0.6053868977434157,0.0,0.0,1.0,2.0,2.0,0,1,0,0,0,0,0
1.0,-0.6139821476802848,6.150602768446279,10.384414345744677,0.16025641025641027,17,0.5502580960910667,0.4266737137759582,0.0,0.0,1.0,2.0,2.0,0,1,0,0,1,0,0
1.0,-0.13264899190406954,3.784189633918261,11.837964988499277,0.023255813953488372,28,0.28383760515952416,0.7261627441979567,0.0,0.0,1.0,2.0,2.0,0,0,0,0,1,0,0
1.0,-0.5959300686138672,3.044522437723423,12.082296939640079,0.1,16,0.6612856845211958,0.47669207863979546,0.0,0.000382203192466826,2.0,2.0,2.0,0,1,0,0,0,0,0
1.0,-0.579903117664269,3.713572066704308,11.66903137494577,0.15,41,0.5970636026669288,0.029825097951990693,0.0,0.003777150155316414,1.0,2.0,2.0,0,1,0,0,0,0,0
1.0,-0.5833183160511641,4.276666119016055,11.025273380054788,0.028169014084507043,6,0.4863717373242905,0.6341245850441339,0.0,0.0,2.0,2.0,2.0,0,1,0,0,1,0,0
1.0,-0.5443878427798954,3.295836866004329,10.228247233420658,0.07692307692307693,17,0.531790416271367,0.9685238437408357,0.0,0.0,1.0,2.0,2.0,0,1,0,0,0,0,0
1.0,-0.32522132434483764,3.091042453358316,12.311975228528663,0.5238095238095238,14,0.7586086270384008,0.4133493789910682,0.0,0.0,1.0,2.0,1.0,0,1,0,0,0,0,0
1.0,-0.4381392807419432,2.833213344056216,12.70554462238044,0.0625,14,0.5204173954273743,0.8976639389263293,0.0,0.006510308196240599,1.0,2.0,2.0,0,1,0,0,1,0,0
1.0,-0.3821242924300892,7.720905251936779,11.096256220469536,0.08385093167701864,25,0.17364192582580684,0.7440121640322702,0.0,0.01431982058940502,1.0,2.0,1.0,0,0,0,0,1,0,0
1.0,-0.5642407266747861,2.5649493574615367,10.947936936344087,0.16666666666666666,25,0.3941704556897313,0.9388544165342185,0.0,0.0,1.0,2.0,2.0,0,1,0,0,1,0,0
1.0,0.17527867576823947,5.940171252720432,10.458574896725231,0.8918205804749341,40,0.8457447850732892,0.8757738066794011,1.0,1.2357058363707625,1.0,1.0,1.0,0,0,0,1,0,0,0
1.0,-0.21503076950411995,5.703782474656201,11.290748670276477,0.20066889632107024,33,0.44177026256109153,0.2750725822508001,0.6,2.0667094522577325,1.0,2.0,1.0,0,0,0,1,1,0,0
1.0,-0.4739555942448212,4.430816798843313,10.916612384604633,0.10843373493975904,25,0.7598371537304186,0.8459036208088622,0.0,0.0,1.0,2.0,2.0,0,1,0,0,0,0,0
1.0,3.258763072607544,1.9459101490553132,13.816714999000538,0.3333333333333333,44,0.7109386715884168,0.5696044346599304,0.0,0.0,1.0,2.0,2.0,0,0,1,0,1,0,0
1.0,0.03318396868169943,4.382026634673881,12.44969667823734,0.8227848101265823,36,0.625944765728681,0.7890803921168856,0.0,0.5564763553202096,1.0,2.0,1.0,0,1,0,0,0,0,0
1.0,0.3859421505008617,4.219507705176107,13.34359190219534,0.746268656716418,19,0.14186745146946403,0.9193776367204183,0.0,0.00577589591659584,1.0,2.0,2.0,0,1,0,0,1,0,0
1.0,-0.12850132927150199,5.056245805348308,12.773058097108168,0.03205128205128205,35,0.3331982750419702,0.7507999368915342,0.0,0.21473852992164863,1.0,2.0,2.0,0,0,0,0,1,0,0
1.0,1.36757880240765,2.772588722239781,12.911352098209518,1.0,28,0.7373607245527071,1.1482208290755713,1.0,0.0,1.0,2.0,1.0,0,1,0,0,1,0,0
1.0,4.037969261863779,1.0986122886681098,15.683568039931725,1.0,17,0.5825060972794978,0.37542381492421517,0.0,0.0,1.0,2.0,1.0,0,1,0,0,1,0,0
1.0,-0.4358622240952529,2.9444389791664403,12.014186156940626,0.0,16,0.6414164881499993,0.390142907912166,0.0,0.019310131649011637,1.0,2.0,2.0,0,1,0,0,1,0,0
1.0,-0.22567692958030966,5.176149732573829,12.458985877114378,0.6079545454545454,13,0.4737087635610004,0.8640768806422289,1.0,0.0,1.0,2.0,2.0,0,1,0,0,1,0,0
1.0,-0.31167599332148294,4.553876891600541,12.0536297530575,0.22340425531914893,25,0.2765685187607782,0.31851260103080614,0.0,0.02186651344612493,1.0,2.0,1.0,0,0,0,0,0,0,0
1.0,-0.3441612946812189,6.666956792429207,10.525987365842019,0.13248407643312102,19,0.23317200599069804,1.0439884099200223,0.0,0.0005351927855534278,1.0,1.0,1.0,0,0,0,0,0,0,0
1.0,0.2181492640913883,2.3978952727983707,12.43137227084546,0.0,16,0.25654019788868426,0.7192264984317785,0.0,0.0,2.0,2.0,2.0,0,1,0,0,1,0,0
1.0,-0.4874728380125263,4.0943445622221,11.451149587492893,0.2542372881355932,14,0.6429762139050285,0.8705951670722383,0.0,0.0,1.0,2.0,2.0,0,1,0,0,1,0,0
1.0,0.0451014724066557,3.9512437185814275,12.790108931424607,0.43137254901960786,19,0.6714719646517304,0.1644148304806989,0.0,0.0,1.0,2.0,1.0,0,1,0,0,0,0,0
1.0,-0.35965997400081373,4.875197323201151,11.82116864396839,0.16923076923076924,44,0.5777155128076867,0.9163154835294859,0.0,0.0,1.0,2.0,2.0,0,1,0,0,1,0,0
1.0,0.16071139908442855,3.2188758248682006,14.504377131451138,0.3333333333333333,42,0.3610123729049298,0.45296808160427676,0.0,0.19360846031140874,1.0,2.0,1.0,0,1,0,0,1,0,0
1.0,-0.257152594464927,2.70805020110221,12.04933236558097,0.2857142857142857,25,0.6370463394702687,0.704628121476544,0.0,0.046639900144503726,2.0,2.0,2.0,0,0,0,1,0,0,0
1.0,-0.26184257093443175,4.634728988229636,11.633837109048658,0.3137254901960784,18,0.7754685930463506,0.2280945246899557,0.0,0.0023079167977543727,1.0,2.0,1.0,0,1,0,0,1,0,0
1.0,-0.5460914376245152,3.1354942159291497,11.687479050255838,0.7272727272727273,22,0.4075027375423827,0.5736973907732245,0.0,0.0,2.0,2.0,2.0,0,1,0,0,0,0,0
1.0,0.6831761931143484,2.8903717578961645,12.577538631279872,0.4117647058823529,20,0.7713676641390446,0.6150063434399662,0.0,0.0,1.0,2.0,2.0,0,1,0,0,1,0,0
1.0,1.2365509202011147,3.6375861597263857,12.605627620454236,0.32432432432432434,20,0.29360150057884915,0.4109104001847288,0.0,0.0,1.0,2.0,2.0,0,0,0,0,1,0,0
1.0,-0.10642099850468181,2.995732273553991,12.762972417604407,0.05263157894736842,18,0.6082799072547526,0.6488571073579632,0.0,0.0,1.0,2.0,2.0,0,1,0,0,0,0,0
1.0,-0.04314718834497798,4.564348191467836,13.11775961739764,0.2631578947368421,30,0.6687532142418862,0.6522899998009802,0.0,0.0057387561177485195,1.0,2.0,1.0,1,0,0,0,1,0,0
1.0,-0.3029096452217732,2.5649493574615367,12.276563727472475,0.0,27,0.7644326043657782,0.06708572919676058,0.0,0.0,1.0,2.0,2.0,0,1,0,0,1,0,0
1.0,0.10943787264964656,2.70805020110221,13.601461242728664,0.2857142857142857,16,0.6027648382335852,0.7696823108487773,0.0,0.09084273570773607,1.0,2.0,1.0,0,1,0,0,1,0,0
1.0,0.2744691023963045,5.849324779946859,11.096238069872205,0.1531791907514451,33,0.08618587830610319,0.34959711133900456,0.0,0.00010060096594051553,1.0,2.0,1.0,0,0,0,0,1,0,0
1.0,1.8737452549801283,3.091042453358316,13.308049980360112,0.14285714285714285,22,0.6922459667497685,0.9573172130401939,1.0,0.0,1.0,1.0,1.0,0,1,0,0,0,0,0
1.0,-0.45890445104536404,5.796057750765372,10.34841509723802,0.28353658536585363,16,0.5910398532217832,0.5297529852733743,0.0,9.280551072443059,1.0,1.0,1.0,0,0,0,0,0,0,0
1.0,-0.5531074459919438,6.682108597449809,10.516250135638169,0.09912170639899624,29,0.5407339903384845,0.806309080963024,0.01,0.0,1.0,2.0,1.0,0,0,0,0,0,0,0
1.0,0.4496074902905713,3.713572066704308,13.671121288505569,0.2,17,0.505393185216834,0.8741299676881659,0.0,0.0013852892684809983,1.0,2.0,1.0,0,1,0,0,0,0,0
1.0,-0.4417431998557403,4.997212273764115,10.775177902261785,0.02040816326530612,33,0.3191519982030819,0.7496427424688548,0.0,0.0,1.0,2.0,2.0,0,1,0,0,0,0,0
1.0,-0.03282998492383438,2.995732273553991,13.990178602967497,0.47368421052631576,15,0.09239818767908944,1.083867217869662,0.0,0.0,2.0,2.0,1.0,0,1,0,0,1,0,0
1.0,-0.5671148900159291,3.2188758248682006,11.171355507018403,0.0,35,0.6636515068757713,0.8000990885611344,0.0,0.0,2.0,2.0,2.0,0,1,0,0,0,0,0
1.0,2.9145349036267443,0.6931471805599453,15.077786703783614,1.0,30,0.43904570178047847,1.0223783867003786,0.0,0.0,2.0,2.0,2.0,0,1,0,0,1,0,0
1.0,-0.3296026346865221,2.302585092994046,13.515608944912223,0.2222222222222222,22,0.37240102888756543,0.8719471218628764,0.0,0.0,1.0,2.0,1.0,0,1,0,0,1,0,0
1.0,-0.17897332441591784,3.367295829986474,11.068032479394596,0.10714285714285714,26,0.28111276711254324,0.7819157947295917,0.0,0.0,1.0,2.0,2.0,0,0,0,0,1,0,0
1.0,-0.31929672867328407,5.209486152841421,12.557243256848189,0.005494505494505495,27,0.4987473427718347,0.7625967044871601,0.0,0.012783396375250703,1.0,1.0,1.0,0,0,0,0,1,0,0
1.0,-0.05416608267852249,4.31748811353631,11.33096843632241,0.6216216216216216,16,0.27237712160271266,0.7759587254720943,0.0,1.2579196899931246,1.0,2.0,1.0,0,0,0,1,0,0,1
1.0,-0.4359591006325779,4.465908118654584,11.035985462520474,0.11627906976744186,41,0.2920546339267694,0.48452777944306225,0.0,0.0,1.0,2.0,1.0,0,0,0,0,0,0,0
1.0,0.03457281489355166,4.248495242049359,10.497750783673228,0.5507246376811594,18,0.4592375291659143,1.0276188156256363,1.0,33.45680111526341,1.0,2.0,1.0,0,0,0,1,0,0,0
1.0,-0.5021242063819198,6.419994928147142,10.779500663171067,0.7308319738988581,66,0.11126708971390256,0.10523207174437503,0.0,7.545182540232045,1.0,1.0,2.0,0,0,0,1,0,0,0
1.0,-0.5487432932334202,4.394449154672439,11.060863320404001,0.125,59,0.5098302947797745,0.5019517970657529,0.0,0.010060595289767153,1.0,1.0,1.0,0,0,0,0,0,0,0
1.0,-0.3924072205964451,5.278114659230517,10.807214769857076,0.5641025641025641,49,0.6354839553737273,0.8378412428566993,0.0,3.900520592775464,1.0,2.0,2.0,0,0,0,1,0,0,0
1.0,-0.3326577529119752,3.58351893845611,11.646230581996358,0.3142857142857143,61,0.5077187758894529,0.38417153030962276,0.0,0.0,1.0,2.0,1.0,0,1,0,0,1,0,0
1.0,-0.18585086133265577,3.7612001156935624,12.605255202535655,0.0,83,0.41955520726827134,0.904202412482152,0.0,0.005269653832043432,1.0,2.0,1.0,0,1,0,0,1,0,0
1.0,-0.18668012223781355,4.189654742026425,12.804387835781124,0.5230769230769231,70,-1.1904713309422055,1.215699696256754,0.0,0.10175167509582994,1.0,2.0,1.0,0,1,0,0,0,0,0
1.0,4.6136660206790685,3.295836866004329,14.685222081242877,0.6923076923076923,47,0.03612779057049245,0.6054015137804932,0.3,14.175466830228672,1.0,2.0,1.0,0,0,0,1,1,0,0
1.0,0.8677796880339262,4.248495242049359,13.246952954366279,0.2318840579710145,80,-0.09924119817747708,0.68448033959993,0.0,4.1169966110539065,1.0,2.0,1.0,0,0,0,1,1,0,0
1.0,-0.03432216260335269,4.189654742026425,11.920483356038668,0.26153846153846155,44,0.24816314064008468,0.1714889552187478,0.0,0.0,1.0,2.0,2.0,0,0,0,0,1,0,0
1.0,-0.3810141858503434,5.204006687076795,11.382390934801647,0.11049723756906077,53,0.3345210740992171,0.49505620228276587,0.1,0.0,2.0,2.0,2.0,0,0,0,0,1,0,0
1.0,0.19562776976858012,4.0943445622221,12.158613027994239,0.9152542372881356,51,0.8955488572084928,0.8492775125990858,0.0,1.8840945918214431,2.0,2.0,1.0,0,0,0,1,0,0,0
1.0,-0.2957334666566635,4.442651256490317,11.134857149580618,0.6785714285714286,46,0.5525891902244968,0.591731780210753,0.0,0.20344950376840915,1.0,2.0,1.0,0,1,0,0,0,0,0
1.0,-0.3176071976445949,4.477336814478207,11.348303446558191,0.19540229885057472,49,0.35961908779010543,0.6168951660824484,0.0,0.0,1.0,2.0,1.0,0,0,0,0,0,0,0
1.0,0.8004514462889133,4.0943445622221,12.607972875932258,0.6949152542372882,49,0.7191802862914737,0.3213097725769556,1.0,0.09156396728498288,1.0,2.0,1.0,0,1,0,0,0,0,0
1.0,0.14772875364092655,4.61512051684126,11.897034275461303,0.3,46,0.711004673506526,0.45992011688112855,0.0,0.0,1.0,2.0,1.0,0,1,0,0,0,0,0
1.0,0.5673328368839624,4.574710978503383,13.257098084817631,0.23958333333333334,77,0.7600716625481864,0.4968816853135576,0.84,0.06558631160705293,1.0,2.0,2.0,0,1,0,0,1,0,0
1.0,-0.3410468057634669,4.77912349311153,11.573566038802998,0.3050847457627119,47,0.26076325564431857,0.6640948789008917,0.0,0.017812065803228184,1.0,2.0,2.0,0,0,0,0,1,0,0
1.0,-0.03500330534397464,4.23410650459726,11.811017030462022,0.10294117647058823,52,0.4259116262086568,0.1840348564111593,0.0,0.0,1.0,2.0,1.0,0,0,0,0,0,0,0
1.0,-0.353267437254933,5.777652323222656,11.750978165237754,0.09006211180124224,73,0.43805973699522677,0.11003357372682761,0.0,0.0033219999220768753,1.0,2.0,1.0,0,0,0,0,0,0,0
1.0,-0.40249838358827394,4.51085950651685,11.81581867589538,0.12222222222222222,56,0.37418753626190865,0.08593678888895363,0.0,0.0,1.0,2.0,2.0,0,0,0,0,0,0,0
1.0,0.2946924848635079,3.4339872044851463,12.48737214261351,0.23333333333333334,52,0.7629140305794156,0.5793578168621444,0.0,0.0,1.0,2.0,2.0,0,1,0,0,0,0,0
1.0,-0.3644844967263222,5.961005339623274,11.392229644761123,0.031007751937984496,52,0.29197146112028505,0.3550147394023346,0.0,0.08173265659594602,1.0,1.0,1.0,0,0,0,0,0,0,0
1.0,-0.28921112671682475,6.3473892096560105,11.683940492303314,0.256140350877193,103,0.2732660065629203,0.5436059031365753,0.99,0.0,1.0,1.0,1.0,0,0,0,0,0,0,0
1.0,0.10957398718669593,3.784189633918261,12.226704044667153,0.4883720930232558,62,0.5030444239231997,0.43421917411891475,0.0,0.0,1.0,2.0,2.0,0,1,0,0,0,0,0
1.0,0.334090089606753,5.673323267171493,11.700185068140597,0.4103448275862069,64,0.16590422852022815,0.4959849426879731,0.0,0.004656068884597244,1.0,1.0,1.0,0,0,0,0,0,0,0
1.0,-0.10855965845338787,4.430816798843313,14.426802759658733,0.1566265060240964,43,0.5672132533738063,0.07365295990260867,0.0,21.37922854079701,1.0,2.0,1.0,0,0,0,1,0,0,0
1.0,0.7477427116466647,3.8501476017100584,12.956276864018756,0.43478260869565216,63,0.8047216092303887,0.21895679190683198,1.0,0.0,1.0,2.0,1.0,0,1,0,0,0,0,0
1.0,0.22842144429662772,4.820281565605037,10.93542657699854,0.2764227642276423,46,0.4759911524017055,0.7480163670449905,0.0,0.0,1.0,2.0,2.0,0,0,0,0,1,0,0
1.0,-0.28975548791137495,6.643789733147672,12.219496688721417,0.06779661016949153,49,0.3410924948124596,0.4038215730493326,0.0,0.0,1.0,2.0,1.0,0,0,0,0,0,0,0
1.0,0.12109102664613297,5.869296913133774,12.257455318359613,0.18980169971671387,49,0.35923993875753596,0.25678394976007063,0.99,0.04425869391300526,1.0,2.0,1.0,0,0,0,0,0,0,0
1.0,0.11896348881714339,5.991464547107982,11.152323378430655,0.24310776942355888,47,0.15485706923165266,0.42852573196006877,0.0,0.0,2.0,2.0,2.0,0,0,0,0,1,0,0
1.0,0.49914828561041963,5.37989735354046,12.333221479093707,0.10185185185185185,47,0.36695002583596187,0.8460881299546854,1.0,0.0,1.0,2.0,2.0,0,1,0,0,1,0,0
1.0,-0.39176908909078123,4.787491742782046,10.882479719979347,0.2605042016806723,46,0.34865673522650187,0.6725409513237701,0.0,0.0,1.0,2.0,1.0,0,0,0,0,0,0,0
1.0,-0.2921103571324255,4.356708826689592,11.195953492647558,0.6753246753246753,46,0.4261262587613404,0.7374631946959351,0.0,14.054981740244797,1.0,2.0,1.0,0,0,1,0,0,0,0
1.0,-0.3104078384663041,4.343805421853684,11.167301080179069,0.02631578947368421,46,0.438229262135436,0.24910936693338717,0.0,0.0,1.0,2.0,2.0,1,0,0,0,0,0,0
1.0,-0.24056400987744736,5.147494476813453,11.577815897863804,0.14619883040935672,45,0.4544632084494304,0.3928471545028241,0.0,0.006098555405889891,1.0,2.0,1.0,0,0,0,0,0,0,0
1.0,-0.16058543188068777,5.099866427824199,11.396337673314017,0.1901840490797546,62,0.3496116900758216,0.7559009500447192,0.0,0.0,1.0,2.0,1.0,0,0,0,0,0,0,0
1.0,-0.5443233045267019,5.298317366548036,10.859806170745255,0.10552763819095477,61,0.413698604651974,0.6023462178103325,0.0,0.0,1.0,2.0,1.0,0,0,0,0,0,0,0
1.0,-0.07894155208158324,3.1780538303479458,12.578254751251281,0.08695652173913043,51,0.2277629257469051,0.05318571601521343,0.0,0.0,1.0,2.0,1.0,0,0,0,0,1,0,0
1.0,-0.4158179296141084,5.003946305945459,9.639556317768438,0.6216216216216216,53,0.3468437932763091,3.7223529722286988,0.0,3.7096996724178877,1.0,2.0,1.0,0,0,0,1,0,0,0
1.0,-0.3708517783107437,5.003946305945459,12.11292323094173,0.08783783783783784,95,0.5448060924284466,0.6577218208079089,0.0,0.0,2.0,2.0,2.0,0,1,0,0,1,0,0
1.0,0.48538308200107455,5.5053315359323625,13.135138423819496,0.13877551020408163,63,0.5788032556382628,0.4682746738363024,0.71,0.0,1.0,1.0,1.0,0,0,0,0,1,0,0
1.0,0.04002153137031175,6.309918278226516,11.821580097780169,0.2877959927140255,47,0.12540232808755736,0.8602196705337976,0.98,0.0,2.0,2.0,1.0,0,0,0,0,1,0,0
1.0,-0.2722329794074727,7.884576510596324,11.890725121873471,0.060263653483992465,87,0.45704867625338474,0.29262041831424856,0.38,0.10130692011889991,1.0,2.0,2.0,0,0,0,0,1,0,0
1.0,-0.566169585941226,5.10594547390058,9.853118093155773,0.07317073170731707,52,0.39732003952899125,0.3965247236362657,0.0,0.0,2.0,2.0,2.0,0,0,0,0,1,0,0
1.0,1.259662747491309,3.58351893845611,13.361981716771716,0.9714285714285714,52,0.16583694133626112,0.17415232866343958,1.0,0.0,1.0,1.0,2.0,0,1,0,0,0,0,0
1.0,3.0518572580232854,3.295836866004329,14.294509664010661,0.2692307692307692,49,0.565546067206807,0.8475148367369313,1.0,1.681937327644418e-05,1.0,2.0,2.0,0,1,0,0,0,0,0
1.0,-0.30323675774781045,4.836281906951478,11.850642526475351,0.208,86,0.2285675751157002,0.479035363803445,0.0,0.0,1.0,2.0,1.0,0,0,0,0,0,0,0
1.0,-0.0543019448606723,5.579729825986222,11.6590036497066,0.25,101,0.40521584056198445,0.6359402285354882,0.0,1.7436378113796296,1.0,1.0,1.0,0,0,0,1,1,0,0
1.0,1.8332209588344777,4.430816798843313,12.849382319974838,0.4819277108433735,50,0.8243808564056239,0.33451126526022745,1.0,0.013085480384365682,1.0,2.0,1.0,0,1,0,0,0,0,0
1.0,0.42008559043934696,6.142037405587356,12.237063621837846,0.30603448275862066,70,0.276296280692501,0.6746973718604787,0.99,0.0,1.0,2.0,1.0,0,1,0,0,1,0,0
1.0,-0.2958845452856493,4.969813299576001,11.898129018113396,0.0979020979020979,55,0.6330709411586496,0.7269262717404026,0.0,0.00027000145892408815,1.0,2.0,1.0,0,1,0,0,1,0,0
1.0,-0.17846537896625528,8.182279739259018,11.010716327018796,0.12611856823266218,92,0.10692936641715269,0.7438680405602867,0.0,0.0023177964067999882,2.0,2.0,1.0,0,0,0,0,1,0,0
1.0,-0.480954105439657,5.153291594497779,10.821559719967121,0.05232558139534884,50,0.1951267022492848,1.1258873599823196,1.0,0.0,2.0,2.0,2.0,0,0,0,0,1,0,0
1.0,0.46909641342151653,4.584967478670572,11.61132300144068,0.09278350515463918,52,0.14525384478253012,0.7931357083167023,0.0,8.686557433718898,1.0,2.0,1.0,0,0,0,1,1,0,0
1.0,-0.3591461440233761,6.803505257608338,11.180088320056921,0.025555555555555557,75,0.311634178914419,0.1410119610798221,1.0,0.0,1.0,2.0,1.0,0,0,0,0,1,0,0
1.0,2.2272827501090786,2.772588722239781,14.958407107252844,0.0,51,0.02939989108483638,0.8692491702375719,0.0,0.0,1.0,2.0,2.0,0,0,0,0,1,0,0
1.0,-0.3433265087341566,7.555381944240273,11.101876163345109,0.007853403141361256,48,0.2649403828243302,0.4431008708723154,1.0,0.0,1.0,2.0,1.0,0,0,0,0,1,0,0
1.0,-0.4214155528482171,6.208590026096629,10.336222267266876,0.07056451612903226,57,0.5049602193898943,0.314177509582686,0.32,0.3972700057209583,1.0,2.0,1.0,0,0,0,0,0,0,0
1.0,-0.11326485568294116,4.941642422609304,10.176042383754801,0.9640287769784173,46,0.5135335542720028,0.6703724419167115,0.0,7.939170155932846,1.0,2.0,1.0,0,0,0,1,0,0,0
1.0,-0.18718746901254749,6.802394763324311,11.144137504617541,0.1735261401557286,54,0.3518874831545483,0.4322772903378911,1.0,0.0,1.0,2.0,2.0,0,0,0,0,0,0,0
1.0,-0.026143875966750933,5.996452088619021,11.89685513760624,0.14713216957605985,48,0.30916117104698865,0.15430288031592532,0.0,0.00045843215277794437,1.0,1.0,2.0,0,0,0,0,0,0,0
1.0,0.07834018549645955,5.093750200806762,11.820130850114369,0.06790123456790123,50,0.5142525784189073,0.24378252027121972,0.0,0.0,1.0,1.0,1.0,0,0,0,0,0,0,0
1.0,-0.27724412313777236,4.7535901911063645,12.033450057824169,0.1826086956521739,48,0.532485971270363,0.42278803058054076,1.0,132.51632103104862,1.0,2.0,2.0,0,0,0,1,1,0,0
1.0,-0.24574940693030203,5.598421958998375,11.035991287500483,0.18587360594795538,68,0.35751371424152534,0.33945797207661615,1.0,0.0,1.0,1.0,2.0,0,0,0,0,1,0,0
1.0,-0.2715885264688158,5.545177444479562,11.6420525404606,0.023529411764705882,56,0.7666043424711804,0.44260234441157587,0.0,0.0009429253950719845,1.0,1.0,1.0,0,1,0,0,1,0,0
1.0,-0.03131617348594318,5.236441962829949,11.232704685573578,0.26737967914438504,51,0.42283041176302927,0.5295726090208042,0.0,0.0,1.0,2.0,1.0,0,0,0,0,0,0,0
1.0,3.424051202285695,1.6094379124341003,14.287622120207368,1.0,51,0.6318449707553399,0.3656054626014715,0.0,0.0,1.0,2.0,2.0,0,1,0,0,1,0,0
1.0,-0.34270774486257627,3.8918202981106265,11.6818261129163,0.1875,52,0.4927114961018757,0.6910511468611499,0.0,0.0026496457146891685,1.0,1.0,1.0,0,1,0,0,0,0,0
1.0,0.336486909216778,5.616771097666572,12.455737167234766,0.46715328467153283,49,0.43189663800896677,0.475226389858949,0.97,0.3161902451372975,1.0,2.0,1.0,0,0,0,0,0,0,0
1.0,-0.15411377117520525,5.69035945432406,11.186154922824004,0.7016949152542373,49,0.42100865788036496,0.4674860222920466,0.0,0.0,1.0,2.0,1.0,0,0,0,0,1,0,0
1.0,-0.30675592321723977,6.052089168924417,11.250306852121195,0.25,44,0.4065484048381818,0.4121115602558078,0.0,0.0023283707629007727,1.0,2.0,2.0,0,0,0,0,0,0,0
1.0,-0.35150907340114346,3.6109179126442243,12.836468299918128,0.25,52,0.25444782480102685,0.6020514473780529,0.0,0.0,1.0,2.0,1.0,0,1,0,0,1,0,0
1.0,0.0531292077837308,4.77912349311153,11.984654247232562,0.3898305084745763,59,0.516417168289266,0.5189701446362326,0.0,0.0052847266307606295,1.0,2.0,2.0,0,1,0,0,1,0,0
1.0,-0.4551066818045512,5.308267697401205,11.190283878756222,0.19402985074626866,80,0.5005742483578665,0.7263429894709653,0.0,0.0,1.0,2.0,2.0,0,0,0,0,1,0,0
1.0,-0.2151281388165766,3.8918202981106265,11.652858044959874,0.0625,56,0.623320740303815,0.4125938661383464,0.0,0.21358743890234747,2.0,2.0,1.0,0,1,0,0,0,0,0
1.0,2.9619258766829812,4.454347296253507,13.147106146556064,0.011764705882352941,46,0.42365540539361074,0.5967804823182125,1.0,0.0008138923387070514,1.0,2.0,2.0,0,1,0,0,0,0,0
1.0,-0.36985832242332706,4.897839799950911,10.660199389673936,0.9398496240601504,71,0.5972426336779152,0.8138500373081015,0.0,446.47982219123156,1.0,1.0,1.0,0,0,0,1,0,0,0
1.0,-0.3930747601289865,4.969813299576001,11.67714921665626,0.3006993006993007,48,0.5280676596272819,0.24523845466782404,0.0,0.018284996082889495,1.0,2.0,1.0,0,0,0,0,0,0,0
1.0,-0.3112778989333548,5.3612921657094255,11.884534433514052,0.15566037735849056,51,0.26451375242397324,0.4506703450329044,0.61,0.0016471190035506574,1.0,1.0,1.0,0,0,0,0,0,0,0
1.0,0.05615487655483396,6.251903883165888,12.003987627777276,0.22393822393822393,66,0.3964464500384865,0.2872677371350746,0.0,0.0,1.0,2.0,1.0,0,0,0,0,1,0,0
1.0,-0.453203038377159,4.060443010546419,11.63267335266569,0.017543859649122806,47,0.670567095355985,0.28510884342624304,0.0,0.0,2.0,2.0,2.0,0,1,0,0,1,0,0
1.0,-0.3181273165719127,5.298317366548036,11.241860210205083,0.09045226130653267,50,0.3397977983505588,0.6359946593313858,0.0,0.031056217648501697,1.0,2.0,1.0,0,0,0,0,0,0,0
1.0,0.13113695529549976,4.007333185232471,12.222605772610681,0.12962962962962962,68,0.08873836122106381,0.8747476773198659,0.0,0.0,1.0,2.0,2.0,0,0,0,0,0,0,0
1.0,-0.3998746515667505,2.6390573296152584,12.801276181759992,0.15384615384615385,59,0.741265681640197,0.7639957945434689,0.0,0.0,1.0,2.0,2.0,0,1,0,0,1,0,0
1.0,-0.5811925607203674,2.6390573296152584,9.31642447193758,0.07692307692307693,46,0.5531297537889459,0.7265940665301378,0.0,0.0,1.0,2.0,2.0,0,1,0,0,0,0,0
1.0,-0.2588786905067111,3.6888794541139363,11.000221154500055,0.0,53,-0.061082354947711366,0.4701415372442433,0.0,1.2414115507048658,2.0,2.0,1.0,0,0,0,1,1,0,0
1.0,-0.47779463613311896,4.143134726391533,11.556210797174954,0.12903225806451613,63,0.1040971379777842,0.7931996231194588,0.0,1.837957731474881,1.0,2.0,2.0,0,0,0,1,0,0,0
1.0,-0.5960094525296502,3.044522437723423,11.651982811349832,0.1,57,0.37482724124204414,0.48394289841452165,0.0,0.0,1.0,2.0,1.0,0,1,0,0,0,0,0
1.0,-0.5293654737416199,2.6390573296152584,11.113550619658755,0.3076923076923077,47,0.4047270863505558,0.5017799226559382,0.0,0.0,1.0,2.0,2.0,0,1,0,0,0,0,0
1.0,0.09845007438841955,5.472270673671475,12.56283565099222,0.23628691983122363,46,0.43385874757819726,0.6542579319094036,1.0,0.002896754237752607,1.0,2.0,2.0,0,0,0,0,1,0,0
1.0,-0.5728484218339073,3.1354942159291497,11.036324118576157,0.09090909090909091,53,0.5512420139435775,0.5144120954422462,0.0,0.0,2.0,2.0,2.0,0,1,0,0,1,0,0
1.0,-0.20839664336158673,4.787491742782046,11.76891294444772,0.21008403361344538,67,0.3826798531186377,0.3243730981906439,1.0,0.0,1.0,2.0,1.0,0,0,0,0,0,0,0
1.0,-0.5960066822454639,3.4011973816621555,11.033685936500813,0.13793103448275862,51,0.6296981660137423,0.5934465154404034,0.0,0.01749741602875109,1.0,2.0,2.0,0,1,0,0,0,0,0
1.0,-0.1100767507945483,3.4965075614664802,11.602711037194348,0.15625,47,0.7850170697696783,0.2773852867028988,0.0,0.0,1.0,2.0,2.0,0,1,0,0,0,0,0
1.0,0.15426547117519937,4.6913478822291435,11.977441960915838,0.3888888888888889,45,0.36471287745401654,0.24569775600520768,0.6,0.009056693420970584,2.0,2.0,2.0,0,0,0,0,0,0,0
1.0,-0.41124384126824653,5.616771097666572,11.560570726508681,0.072992700729927,44,0.39278575389153253,0.4127260698353185,0.0,0.0,1.0,2.0,1.0,0,0,0,0,0,0,0
1.0,-0.29554531998204014,3.6375861597263857,12.464926180788728,0.1891891891891892,46,0.38743663375797,0.25794541744117017,0.0,0.008051060345736598,1.0,2.0,1.0,0,1,0,0,1,0,0
1.0,0.017567818119641185,6.184148890937483,11.813278343093444,0.3119834710743802,62,0.3751067272280206,0.4186907772952953,0.0,0.009830171121335884,1.0,2.0,1.0,0,0,0,0,1,0,0
1.0,0.5288582051023187,4.0943445622221,12.794302620818621,0.3050847457627119,49,0.6211486361142448,0.2656340363019892,0.0,0.0,1.0,2.0,1.0,0,1,0,0,1,0,0
1.0,-0.2316556925963742,5.2574953720277815,11.564690506706242,0.12041884816753927,47,0.5042868990710274,0.6508636853534795,0.0,0.0012713599323085716,1.0,2.0,1.0,0,1,0,0,1,0,0
1.0,-0.328700364824487,6.450470422144176,10.681621745722715,0.08386075949367089,52,0.7990896066672507,0.7153028775975157,1.0,1.2947381161682188,1.0,2.0,1.0,0,0,1,0,0,0,0
1.0,-0.29892246524234833,4.1588830833596715,11.901368634810654,0.20634920634920634,51,0.563726646141962,0.43738408112166044,1.0,0.0,1.0,2.0,1.0,0,1,0,0,0,0,0
1.0,0.00922598836446284,4.3694478524670215,12.1264748388735,0.19230769230769232,55,0.15677269656779413,0.5336025205586711,0.0,0.0,1.0,2.0,1.0,0,0,0,0,0,0,0
1.0,1.1899466059303654,5.6240175061873385,12.61148915342355,0.3115942028985507,49,-0.0702556105003383,0.6854258131762881,1.0,0.002092274336233131,1.0,2.0,1.0,0,0,0,0,0,0,0
1.0,-0.43787158792135444,5.54907608489522,12.134844066610361,0.0078125,40,0.2790452287174148,0.3909422822835709,0.0,0.10058608727742333,1.0,2.0,2.0,0,0,1,0,1,0,0
1.0,0.018823796542779714,3.6109179126442243,11.019101253915846,0.4444444444444444,35,0.6078504170254896,0.7681357450451775,0.0,0.002337503598869667,1.0,2.0,1.0,0,1,0,0,1,0,0
1.0,-0.14382746017201034,5.308267697401205,9.860494878753912,0.20398009950248755,20,0.08408878115672089,3.8357848363034526,0.0,0.000491823339477667,1.0,2.0,2.0,0,0,0,0,1,0,0
1.0,-0.5596390495764562,5.564520407322694,10.634556155791394,0.08461538461538462,32,0.23395707995079423,0.9085555638670075,0.0,0.0,1.0,2.0,1.0,0,0,0,0,1,0,0
1.0,0.9391773727148087,4.700480365792417,11.26546031594671,0.11009174311926606,29,0.1834540433732514,0.9552696035951455,0.0,8.564805622062698,1.0,2.0,2.0,0,0,0,1,1,0,0
1.0,-0.3606643028454126,4.5217885770490405,10.671351703446213,0.07692307692307693,15,0.32874127487629295,0.35871429420056666,0.0,0.0,1.0,2.0,1.0,0,0,0,0,1,0,0
1.0,-0.6389414625166924,3.9512437185814275,11.087598527813496,0.11764705882352941,15,0.5759453610833691,0.428269906108005,0.0,0.0,1.0,2.0,1.0,0,1,0,0,1,0,0
1.0,0.45783559710722055,3.6375861597263857,12.042838834174146,0.24324324324324326,31,0.09017542221583622,0.7265093068646599,0.0,0.0,1.0,2.0,1.0,0,0,0,0,1,0,0
1.0,0.47860958378189894,4.727387818712341,11.070570770947738,0.24107142857142858,31,-0.8324317301047249,2.2039778041839426,0.0,0.0,1.0,2.0,1.0,0,1,0,0,0,0,0
1.0,-0.2997882649380794,1.6094379124341003,12.990279508040894,0.25,20,0.38865106437451524,0.9196504940568812,0.0,0.0,1.0,2.0,1.0,0,1,0,0,0,0,0
1.0,-0.4175020665928246,4.955827057601261,11.381993648976549,0.2624113475177305,28,0.6432309173028844,0.4285125162567556,0.0,0.05132871237884961,1.0,2.0,2.0,0,1,0,0,0,0,0
1.0,0.2724357535638256,3.9318256327243257,11.22977524149436,0.1,18,0.0868998315820682,1.216679236407491,0.0,0.018877451221548488,1.0,2.0,2.0,0,0,0,0,0,0,0
1.0,-0.37279044056305094,2.70805020110221,12.268691915368388,0.2857142857142857,23,0.36562066276685745,0.7897096405613557,0.0,0.0,1.0,2.0,2.0,0,1,0,0,1,0,0
1.0,-0.3057826632605067,3.7612001156935624,12.167586833699325,0.8095238095238095,27,0.49423845439269604,0.5574406651936658,0.0,0.007754356865125641,1.0,2.0,2.0,0,1,0,0,1,0,0
1.0,-0.4021288281883695,4.787491742782046,11.161744644355045,0.1092436974789916,21,0.6752395501515746,0.5739145509315976,0.0,0.0,1.0,2.0,1.0,0,1,0,0,1,0,0
1.0,0.8749075916820078,3.1354942159291497,12.894981196688022,1.0,21,0.12816684919384638,0.966351800009974,0.0,0.0,1.0,2.0,1.0,0,1,0,0,1,0,0
1.0,-0.2673429568432902,4.9344739331306915,11.55702562824515,0.2608695652173913,18,0.5794165114232886,0.7528673255691644,0.0,1.5325521916153426,1.0,2.0,2.0,0,0,0,0,1,0,0
1.0,-0.5021711215366872,1.3862943611198906,13.753300346431255,0.3333333333333333,16,0.18521504573641095,0.9663049967489082,0.0,0.0,1.0,2.0,1.0,0,1,0,0,1,0,0
1.0,-0.45757153884153534,4.219507705176107,11.443367081799316,0.22388059701492538,15,0.6450414862489234,0.8466020377517048,0.0,0.0,1.0,2.0,2.0,0,1,0,0,1,0,0
1.0,0.07399284119042772,2.8903717578961645,12.576408674010533,0.23529411764705882,14,0.6176261005344053,0.4138330420689956,0.0,0.0,1.0,2.0,2.0,0,1,0,0,1,0,0
1.0,0.5078074005440972,3.6888794541139363,13.820662520196546,0.1794871794871795,14,0.6805791738465534,0.47140832142602235,0.0,9.601663117728393,1.0,2.0,2.0,0,0,0,1,1,0,0
1.0,-0.314286664447096,6.131226489483141,10.410264205960033,0.06753812636165578,33,0.12927214959010072,0.43343251485770473,0.0,0.0006209507927743454,2.0,2.0,2.0,0,0,0,0,1,0,0
1.0,-0.21174220048786405,2.0794415416798357,12.512890631477234,0.2857142857142857,31,0.5816967457723462,0.28921062644923806,0.0,0.0,1.0,2.0,1.0,0,1,0,0,1,0,0
1.0,-0.22761337372253254,4.1588830833596715,11.606072556624548,0.3333333333333333,30,0.5089052123163614,0.5895912964393302,1.0,0.0,1.0,2.0,1.0,0,1,0,0,0,0,0
1.0,-0.27406617900494123,4.02535169073515,11.554615330054583,0.12727272727272726,20,0.2916747175763218,0.6445142259812636,0.0,0.0,1.0,2.0,1.0,0,0,0,0,0,0,0
1.0,-0.32870816158264715,4.927253685157205,12.795436553359494,0.31386861313868614,15,-0.29018985690996874,0.7974137831560384,0.0,0.2624716006022093,1.0,2.0,1.0,1,0,0,0,0,0,0
1.0,-0.47725080580637147,2.4849066497880004,11.503481006142229,0.2727272727272727,13,0.6255715041929043,0.5670541614776868,0.0,0.0,1.0,2.0,2.0,0,1,0,0,0,0,0
1.0,-0.4103710797810275,4.820281565605037,12.45106884957013,0.2682926829268293,13,0.32232769259851435,0.6645964290198281,0.0,0.0,1.0,2.0,2.0,0,0,0,0,1,0,0
1.0,-0.2787279477211453,4.499809670330265,11.170435472529178,0.2696629213483146,13,0.35136249854612206,0.2681837841413547,0.0,1.8754514171810521,1.0,2.0,1.0,0,1,0,0,0,0,0
1.0,2.5980259771150944,4.07753744390572,13.010802105852791,0.8448275862068966,13,0.11101263690390996,0.7701945243542992,0.0,1.0119967069063425,1.0,2.0,1.0,0,0,0,1,0,0,0
1.0,-0.4886197997915963,3.912023005428146,11.327349475392886,0.061224489795918366,13,0.81334626449823,0.5868403006670488,0.0,0.0,1.0,2.0,2.0,0,1,0,0,1,0,0
1.0,0.4763550649905552,5.666426688112432,11.81937684916877,0.4305555555555556,13,0.46029751611616737,0.4724111782935989,0.0,0.9513983743274046,1.0,2.0,2.0,0,0,0,1,1,0,0
1.0,-0.14632307383877924,2.0794415416798357,11.052075243744172,0.2857142857142857,13,0.10225227788516314,0.821234111561076,0.0,0.0,1.0,2.0,2.0,0,1,0,0,1,0,0
1.0,0.23766892430348685,4.48863636973214,12.791295673586339,0.3522727272727273,13,0.4593621705516681,0.4582898401205109,0.5,0.01179447333205576,1.0,1.0,1.0,0,0,0,0,0,0,0
1.0,-0.5372559189442185,5.0238805208462765,10.914662846861301,0.15894039735099338,13,0.811486028557477,0.7937054550995836,0.0,0.050644967907403124,1.0,2.0,1.0,0,0,0,1,0,0,0
1.0,-0.4887214915103665,4.110873864173311,12.043770457248208,0.0,13,0.6673225602894853,0.7986731425559178,1.0,0.0,1.0,2.0,2.0,0,1,0,0,0,0,0
1.0,-0.7277689244669203,3.9889840465642745,9.006261569429437,0.09433962264150944,13,0.7492595248971189,0.8244721227100632,0.0,0.0,1.0,2.0,2.0,0,1,0,0,0,0,0
1.0,3.3540077615543806,1.791759469228055,13.140391882857008,1.0,13,0.10713365182694472,0.5454184386018327,0.0,0.0,1.0,2.0,2.0,0,1,0,0,1,0,0
1.0,0.1303881133500927,2.1972245773362196,11.662288990350476,0.0,13,0.09800356568513074,0.5758762278386165,0.0,0.0,2.0,2.0,2.0,0,1,0,0,1,0,0
1.0,0.2574984560773403,5.545177444479562,12.264196019572163,0.38823529411764707,13,0.13877590090335526,0.9327120511890448,0.0,0.04586863513662095,1.0,1.0,1.0,0,0,0,0,0,0,0
1.0,0.39716815701139474,4.51085950651685,11.46520601071963,0.5444444444444444,13,0.08342789515105668,1.4542681033004872,0.0,0.0,1.0,2.0,1.0,0,1,0,0,1,0,0
1.0,-0.6529936277986693,3.2188758248682006,11.055219245016373,0.08333333333333333,13,0.8431578863934498,1.0,0.0,0.0,1.0,2.0,2.0,0,1,0,0,0,0,0
1.0,-0.4874936792762852,4.1588830833596715,11.98649613744454,0.0,13,0.6624012944509818,0.7842022262451294,1.0,0.0,1.0,2.0,2.0,0,1,0,0,0,0,0
1.0,-0.4830059420131399,4.330733340286331,11.850675170994123,0.0,13,0.6755771921740059,0.7196747144368012,1.0,0.0,1.0,2.0,2.0,0,1,0,0,0,0,0
1.0,0.2172114004348684,4.31748811353631,11.612911183873111,0.28378378378378377,13,0.2532620044208249,0.40281073514375143,1.0,0.0,1.0,2.0,2.0,0,0,0,0,0,0,0
1.0,-0.392512078303797,4.189654742026425,10.94972985403066,0.26153846153846155,13,0.27465666231986813,0.7385245618149728,0.0,0.0,1.0,2.0,2.0,0,0,0,0,0,0,0
1.0,-0.3356732532181483,5.575949103146316,10.379260155594473,0.1520912547528517,13,0.1542211310605249,0.5629336603803989,0.01,4.2834283336545907e-05,1.0,1.0,1.0,0,0,0,0,1,0,0
1.0,-0.5034093018931652,3.871201010907891,10.401004151772382,0.3829787234042553,13,0.6665787195223541,0.6951576000367422,0.0,0.0012633686744756701,1.0,2.0,2.0,0,1,0,0,1,0,0
1.0,0.5933098318700809,1.0986122886681098,13.843699004221074,0.0,22,0.9081238189811902,0.34408609468217854,0.0,0.0,1.0,2.0,2.0,0,1,0,0,1,0,0
1.0,-0.10527717507165207,1.3862943611198906,11.91305413737752,0.0,21,0.9573502087398642,0.6536789379850849,0.0,0.0,2.0,2.0,2.0,0,1,0,0,1,0,0
1.0,0.12633212800282312,1.791759469228055,12.717095849775855,0.0,14,0.8764299789475747,0.6201329221333528,0.0,0.0,1.0,2.0,2.0,0,1,0,0,1,0,0
1.0,-0.6442775305831046,2.302585092994046,11.587519509447846,0.2222222222222222,21,0.4545765832700725,6.773678885997939,0.0,0.0,1.0,2.0,2.0,0,1,0,0,0,0,0
1.0,-0.5427555042604584,3.4657359027997265,10.193640762758791,0.12903225806451613,24,0.540103814307695,0.7989202117582037,0.0,0.0,1.0,2.0,2.0,0,1,0,0,1,0,0
1.0,-0.6682423126434942,1.791759469228055,11.855946213209204,0.0,25,0.7685058679278333,0.7571594421752101,0.0,0.0,1.0,2.0,2.0,0,1,0,0,0,0,0
1.0,-0.5419017685107286,2.6390573296152584,11.783406404073386,0.23076923076923078,12,0.4827926194276417,0.4877541437761187,0.0,0.0016116336486782154,1.0,2.0,1.0,0,1,0,0,1,0,0
1.0,-0.5188008698882056,2.833213344056216,12.807506217736911,0.125,5,0.5795848503749692,0.1827183472055507,0.0,0.0,1.0,2.0,2.0,0,1,0,0,0,0,0
1.0,-0.6948463510114102,1.3862943611198906,11.887518909411305,0.0,16,0.9206739417196307,0.4617285139015899,0.0,0.0,2.0,2.0,2.0,0,1,0,0,1,0,0
1.0,-0.4627562676650979,3.258096538021482,11.717369179091666,0.16,17,0.5174391014913161,0.6238619064837219,0.0,0.03000314341390241,1.0,2.0,1.0,0,1,0,0,1,0,0
1.0,-0.6137610759851174,3.044522437723423,11.440990054171989,0.15,25,0.5147498818266563,0.833804365229894,0.0,0.0,1.0,2.0,2.0,0,1,0,0,1,0,0
1.0,-0.464957684616369,2.4849066497880004,11.306162918471664,0.2727272727272727,16,0.23261047178263555,0.6532956670761959,0.0,0.0,2.0,2.0,2.0,0,1,0,0,0,1,0
1.0,-0.6237866757691821,3.1780538303479458,8.470302092445685,0.17391304347826086,14,0.6428266984911772,0.3070030717625719,0.0,0.0,2.0,2.0,2.0,0,1,0,0,0,0,0
1.0,-0.6062956008563788,3.4965075614664802,11.231962849649504,0.375,14,0.7101715925997547,0.6627919056316477,0.0,0.0,1.0,2.0,1.0,0,1,0,0,0,0,0
1.0,-0.61936456228303,3.828641396489095,9.049240043630956,0.17777777777777778,14,0.8497852884134236,0.1951628990229714,0.0,0.0,1.0,2.0,2.0,0,0,0,1,1,0,0
1.0,-0.6060616280386756,2.8903717578961645,11.443519272783925,0.17647058823529413,18,0.6847821336480049,0.6503977946953141,0.0,0.0,2.0,2.0,2.0,0,1,0,0,0,0,0
1.0,-0.6514799386194647,4.51085950651685,10.161204281786453,0.12222222222222222,13,0.6044699914457973,0.878815058435592,0.0,0.0,1.0,2.0,2.0,0,1,0,0,1,0,0
1.0,-0.6371402498436383,3.332204510175204,9.902475929907348,0.1111111111111111,26,0.4961087134088317,0.7827268564606518,0.0,0.0004477280620237829,1.0,2.0,2.0,0,1,0,0,0,0,0
1.0,-0.428611053385317,2.9444389791664403,11.914813070328627,0.2222222222222222,21,0.8257622439166825,0.8354152263282708,0.0,0.0,1.0,2.0,2.0,0,1,0,0,1,0,0
1.0,-0.6392917838281813,2.995732273553991,10.505599481698022,0.10526315789473684,14,0.42604578224919554,0.912929307487209,0.0,0.0,2.0,2.0,2.0,0,1,0,0,1,0,0
1.0,-0.544310100324203,3.6109179126442243,12.480596020821475,0.027777777777777776,16,0.4828989729174182,0.8587482695598317,0.0,0.011821446535704347,1.0,2.0,2.0,0,1,0,0,1,0,0
1.0,-0.26774840434608005,3.091042453358316,12.645205992384389,0.09523809523809523,14,0.6113605036491407,0.7794031339687217,0.0,0.0,1.0,2.0,1.0,0,1,0,0,0,0,0
1.0,-0.13099452698266723,4.31748811353631,11.752929534976795,0.3783783783783784,13,0.3800627051721978,0.8889624849370823,0.0,1.4185982059062243,1.0,2.0,2.0,0,0,0,1,0,0,1
1.0,-0.6163269273841052,2.1972245773362196,11.294326259955643,0.25,25,0.31788480522964013,0.9441396656126003,0.0,0.0,1.0,2.0,2.0,0,1,0,0,0,0,0
1.0,0.023685219493467597,1.791759469228055,13.490118310921181,0.2,15,0.6568773221944924,0.4362761563628862,0.0,0.0,1.0,2.0,2.0,0,1,0,0,1,0,0
1.0,-0.5300959121146522,2.6390573296152584,11.064582163274219,0.23076923076923078,18,0.40059893480582004,0.5571784390288554,0.0,0.0,2.0,2.0,2.0,0,0,0,1,0,1,0
1.0,-0.4754293187405658,2.70805020110221,12.452440414797673,0.7857142857142857,22,0.3932022885176381,0.7520416099281396,0.0,0.0,2.0,2.0,2.0,0,1,0,0,1,0,0
1.0,-0.3236690177134044,2.0794415416798357,12.762654447827213,0.0,15,0.5362934378076089,0.6782447675011289,0.0,0.0034725546308292704,1.0,2.0,2.0,0,1,0,0,1,0,0
1.0,1.5883252821428224,1.791759469228055,14.460782175979183,0.0,15,0.20216893872145686,0.31010313223608577,0.0,0.0,1.0,2.0,2.0,0,0,0,0,1,0,0
1.0,-0.5240767447666164,2.9444389791664403,10.176449310831199,0.3333333333333333,8,0.5474687303158463,0.4016149084081798,0.0,0.0,1.0,2.0,2.0,0,1,0,0,0,0,0
1.0,-0.5728894620110455,2.8903717578961645,10.608441231874721,0.35294117647058826,19,0.5652518876505463,0.8068842933527502,0.0,0.0,2.0,2.0,2.0,0,1,0,0,1,0,0
1.0,-0.49512852421538284,2.1972245773362196,11.688605222097308,0.0,14,0.3612842253671442,0.59222848945668,0.0,0.0,2.0,2.0,2.0,0,1,0,0,0,0,0
1.0,0.8385926210233012,0.6931471805599453,14.613901597377906,1.0,13,0.527639742799476,0.7061812938295075,0.0,0.0005409684419343531,1.0,2.0,2.0,0,1,0,0,1,0,0
1.0,-0.4252008104796662,2.1972245773362196,11.297126749191895,0.0,18,0.651569408046092,0.6130073986753735,0.0,0.0,1.0,2.0,2.0,0,1,0,0,1,0,0
1.0,3.7720788655273867,1.0986122886681098,13.373407658087547,0.0,22,0.06692282722332397,0.2826099979383288,0.0,0.0,2.0,2.0,2.0,0,0,0,0,1,0,0
1.0,2.439376248151076,1.6094379124341003,13.296898867967272,0.0,17,0.06713144599399516,0.7302058216615394,0.0,0.0,2.0,2.0,2.0,0,0,0,0,1,0,0
1.0,-0.6136263845442964,2.4849066497880004,11.856506142885008,0.18181818181818182,14,0.782829068413521,0.5996731088508841,0.0,0.0,1.0,2.0,2.0,0,1,0,0,0,0,0
1.0,-0.47924879136136495,4.919980925828125,11.803530119134152,0.04411764705882353,16,0.6339496218983368,0.5868289326602468,0.0,0.0,1.0,2.0,2.0,0,1,0,0,0,0,0
1.0,-0.5415296230822754,2.9444389791664403,10.710310580357614,0.2222222222222222,7,0.4838255816777058,2.036058473065547,0.0,0.0,1.0,2.0,1.0,0,1,0,0,0,0,0
1.0,-0.4163113488701302,2.9444389791664403,11.236578902182194,0.16666666666666666,13,0.6102827596957605,0.6723991703359964,0.0,0.0,1.0,2.0,1.0,0,1,0,0,0,0,0
1.0,-0.5359296560302299,3.1780538303479458,11.526694153088608,0.21739130434782608,13,0.6364819225629323,0.9033640040757094,0.0,0.0,1.0,2.0,2.0,0,1,0,0,1,0,0
1.0,-0.739362718052786,3.784189633918261,10.801983212718197,0.11627906976744186,18,0.8054025026850163,0.6857903937243494,0.0,0.0,1.0,2.0,2.0,0,1,0,0,1,0,0
1.0,-0.7003873424926882,2.70805020110221,10.088213953468284,0.21428571428571427,50,0.5166673757246896,0.37611900414198546,0.0,0.0,1.0,2.0,2.0,0,1,0,0,0,0,0
1.0,-0.01284106625649123,1.3862943611198906,12.996301919975556,0.6666666666666666,21,0.15073477499302743,0.3380119152591849,0.0,0.0,1.0,2.0,1.0,0,1,0,0,0,0,0
1.0,-0.44131786887304714,2.1972245773362196,12.09144992331845,0.0,58,0.39997856629979317,0.10093529476083538,0.0,0.0,1.0,2.0,2.0,0,1,0,0,0,0,0
1.0,-0.6883176348446107,3.6888794541139363,9.18366464045853,0.0,30,0.7845816461167479,0.1556802170162894,0.0,0.0,1.0,2.0,2.0,0,1,0,0,1,0,0
1.0,-0.5931365566554659,2.833213344056216,9.679171439039497,0.125,25,0.6289294538006754,0.8240210572425337,0.0,0.0,1.0,2.0,1.0,0,1,0,0,0,0,0
1.0,-0.6040408324821551,3.332204510175204,10.779153029794722,0.0,13,0.37051761549376067,1.0753933721536644,0.0,0.0,1.0,2.0,1.0,0,1,0,0,0,0,0
1.0,-0.600860366809266,2.4849066497880004,12.392841118302439,0.09090909090909091,14,0.4978383973695427,0.9378585125699772,0.0,0.0,1.0,2.0,2.0,0,1,0,0,0,0,0
1.0,-0.38514457141271075,1.9459101490553132,12.924302200112008,0.5,26,0.6887250714776123,1.579604730362587,0.0,0.0,1.0,2.0,2.0,0,1,0,0,1,0,0
1.0,-0.34254295773526305,1.3862943611198906,13.419129564067786,0.0,28,0.6435238342160821,0.15222757560022357,0.0,0.0008302454510638276,1.0,2.0,1.0,0,1,0,0,1,0,0
1.0,2.9533017685458725,1.0986122886681098,11.94099971593925,0.0,25,0.05053420378280281,0.07032242926695735,0.0,0.0,2.0,2.0,2.0,0,0,0,0,0,0,0
1.0,-0.4517640736905244,2.6390573296152584,10.834257567213578,0.07692307692307693,2,0.46045748175686246,2.3421187110196566,0.0,0.0008719716598957833,1.0,2.0,2.0,0,1,0,0,0,0,0
1.0,-0.23616532375559285,3.58351893845611,11.620464719737067,0.14285714285714285,14,0.7783635466174723,0.43242255735712803,0.0,0.03602467949831136,2.0,2.0,2.0,0,0,0,1,0,0,0
1.0,0.3484523447670796,3.091042453358316,11.01649102763293,0.23809523809523808,17,0.04026554708568695,0.29660401034858,0.0,0.0,2.0,2.0,2.0,0,1,0,0,1,0,0
1.0,0.06444673206738305,2.9444389791664403,8.684391710092754,0.1111111111111111,18,0.029279476549281785,0.037250495952463776,0.0,0.0,1.0,2.0,1.0,0,0,0,0,0,0,0
1.0,-0.6506598356509772,2.302585092994046,12.065677113590642,0.2222222222222222,22,0.7529056690941364,0.7829207840088683,0.0,0.019535437575335355,1.0,2.0,2.0,0,1,0,0,0,0,0
1.0,-0.3421224036926118,2.6390573296152584,12.413514178240945,0.46153846153846156,8,0.4298081332585159,0.6311180319527004,0.0,0.0007265716751624324,1.0,2.0,2.0,0,1,0,0,0,0,0
1.0,-0.46187666893126045,1.791759469228055,12.585784979275015,0.2,14,0.4132518672799693,0.0068351325264611705,0.0,0.0,2.0,2.0,2.0,0,1,0,0,1,0,0
1.0,-0.5303623527476289,2.6390573296152584,12.603773587794354,0.15384615384615385,19,0.3608557180264203,0.8096655041676314,0.0,0.0,1.0,2.0,1.0,0,1,0,0,0,1,0
1.0,-0.6115088762706722,3.1354942159291497,10.563379915816279,0.2727272727272727,27,0.4913294984123298,0.7879545815001263,0.0,0.0,1.0,2.0,2.0,0,1,0,0,0,0,0
1.0,0.6095285385468748,1.791759469228055,12.625176981707012,0.2,25,0.765729668576845,0.4031681040435514,0.0,0.0,1.0,2.0,2.0,0,1,0,0,1,0,0
1.0,-0.2758469353080946,2.5649493574615367,11.005527294104496,0.3333333333333333,16,0.5663429540149794,0.27842787143924924,0.0,0.06382970916966275,2.0,2.0,2.0,0,0,0,1,0,0,0
1.0,-0.5629786744815498,5.8289456176102075,10.161475793718852,0.07079646017699115,12,0.6706939704469425,0.8074865743418222,0.0,4.699473376434575,1.0,2.0,1.0,0,0,0,1,1,0,0
1.0,-0.26252828918405335,3.912023005428146,11.167544232261408,0.22448979591836735,12,0.17978077262173983,1.7663815240992267,0.0,0.017130346288884674,2.0,2.0,2.0,0,0,0,0,0,0,0
1.0,0.1431328467042613,4.499809670330265,12.516894467515849,0.19101123595505617,12,0.6372896041237227,0.5395705128830613,0.0,357.95676570030935,1.0,2.0,2.0,0,0,0,1,0,0,0
1.0,-0.38419521355446584,4.969813299576001,11.092290666932689,0.2727272727272727,12,0.43264799073082966,0.4653524343363085,0.0,0.2770984463012861,1.0,2.0,1.0,0,0,0,0,0,0,0
1.0,1.3992739683523938,4.110873864173311,14.261481343903178,0.16666666666666666,12,0.6706120501199346,0.522702800002006,0.0,411.78957875010184,1.0,2.0,1.0,0,0,0,1,0,1,0
1.0,-0.3315225907996962,4.770684624465665,11.723735215427144,0.24786324786324787,13,0.4054669368881774,0.5878992709826217,0.0,0.011622670387430705,1.0,2.0,2.0,0,0,0,0,1,0,0
1.0,0.18343578305354585,3.912023005428146,11.703948003771568,1.0,12,0.14051136224109628,0.9383321059538694,0.0,607.2721137757948,1.0,2.0,1.0,0,0,0,1,0,0,0
1.0,-0.5737668766676397,3.367295829986474,10.376919450333766,0.25,12,0.6747323304683666,0.7388473820670508,0.0,0.0,1.0,2.0,2.0,0,1,0,0,1,0,0
1.0,0.5004965098106929,2.302585092994046,13.283419303901587,0.3333333333333333,12,0.48262998056556256,0.8916099122100632,0.0,0.0,2.0,2.0,2.0,0,1,0,0,1,0,0
1.0,-0.29373374821891673,3.828641396489095,11.825053452918489,0.17777777777777778,12,0.593098433149367,0.818862937220803,0.0,0.0,1.0,2.0,1.0,0,1,0,0,0,0,0
1.0,-0.556562795342459,4.976733742420574,8.990939806940807,0.027777777777777776,12,0.6199244521935419,1.2779905481518385,0.0,0.0,1.0,2.0,1.0,0,1,0,0,0,0,0
1.0,-0.01811369376605937,1.0986122886681098,15.0377143139746,0.0,12,0.11715478915427151,0.8787572067242679,0.0,0.0,1.0,2.0,1.0,0,1,0,0,0,0,0
1.0,-0.5652764266976161,5.713732805509369,11.378067099591435,0.059602649006622516,12,0.5665592878547436,0.8055042475733674,0.0,0.006223756194168447,2.0,2.0,2.0,0,1,0,0,0,0,0
1.0,-0.6699404461041787,5.814130531825066,9.534483494736778,0.08083832335329341,12,0.4859040330677361,0.8205236523976321,0.0,0.0,2.0,2.0,2.0,0,0,0,0,0,0,0
1.0,-0.06976863798132033,6.336825731146441,10.680305833816279,0.36524822695035464,12,0.5434966669261044,4.478496021428331,0.0,0.04489397956593915,1.0,2.0,2.0,0,1,0,0,0,0,0
1.0,-0.598230675527271,5.25227342804663,11.565675148308353,0.09473684210526316,12,0.3266508621418143,0.46157116802725495,0.0,0.0,1.0,2.0,1.0,0,0,0,1,1,0,0
1.0,0.010621562537052404,5.062595033026967,11.458187491549024,0.267515923566879,12,0.701807262142228,0.6672321438062525,1.0,0.044170325172045284,1.0,2.0,1.0,0,1,0,0,0,0,0
1.0,-0.5688337086037778,4.330733340286331,11.262716083043495,0.04,12,0.6825076447106685,0.7128537933746002,0.0,0.0,1.0,2.0,2.0,0,1,0,0,0,0,0
1.0,0.10785561310349692,4.1588830833596715,12.350758813889879,0.20634920634920634,12,0.27155004140296757,0.315027780515216,0.9,0.04447579533750163,1.0,1.0,1.0,0,0,0,0,0,0,0
1.0,0.013585544021809934,3.784189633918261,11.862098596358871,0.06976744186046512,12,0.3909287530436691,0.3834441218034596,0.0,0.0,1.0,2.0,1.0,0,0,0,0,0,0,0
1.0,-0.5049126492479556,6.729824070489475,10.399272884841581,0.07655502392344497,12,0.6029531270481399,0.6069541233094076,0.0,0.010469748060931384,1.0,2.0,2.0,1,0,0,0,1,0,0
1.0,-0.383704963079574,4.07753744390572,12.05246128863296,0.06896551724137931,12,0.4464853839976869,0.7854108341409364,0.0,0.0,1.0,2.0,1.0,0,1,0,0,0,0,0
1.0,0.07561377194825514,4.48863636973214,12.773366092460527,0.13636363636363635,12,0.22681567167064162,0.5339357870566938,0.0,0.08869202687981363,1.0,2.0,1.0,0,0,0,0,1,0,0
1.0,1.6151647216567302,4.04305126783455,12.933878724834667,0.8928571428571429,12,0.7182876475400685,0.6632087984457381,1.0,0.35558592423446833,2.0,2.0,1.0,0,0,0,0,0,0,0
1.0,-0.05764384226769828,5.8377304471659395,11.149927187371302,0.06725146198830409,12,0.1406637185013625,0.7667429842377207,0.0,0.0,1.0,2.0,2.0,0,0,0,0,0,0,0
1.0,-0.556636478782547,2.70805020110221,11.09261934323547,0.35714285714285715,12,0.515494817172159,0.25102276063812434,0.0,0.0,2.0,2.0,2.0,0,1,0,0,1,0,0
1.0,0.7006634030036591,4.770684624465665,12.857721031189012,0.29914529914529914,12,0.18332500841081184,0.8795071064780776,1.0,0.04165039692457838,1.0,2.0,2.0,0,0,0,0,1,0,0
1.0,-0.3963793148044942,3.912023005428146,11.251278127122891,0.0,12,0.704741846402368,0.8440347465524533,0.0,0.009688716218974769,1.0,2.0,2.0,0,1,0,0,0,0,0
1.0,-0.3106942137853186,4.68213122712422,12.971740663242928,0.2336448598130841,12,0.28041683269059603,0.9537489908538854,0.0,0.015693002861846654,1.0,2.0,2.0,0,1,0,0,0,0,0
1.0,0.15082636254233941,7.1180162044653335,12.009057459786685,0.46877534468775345,12,0.26173701762028595,0.3825936684594749,0.99,0.0,1.0,2.0,1.0,0,0,0,0,0,0,0
1.0,-0.5916785679690642,2.833213344056216,10.344378120027017,0.0625,12,0.44412189401464,0.11292939977035671,0.0,0.05275009219375792,1.0,2.0,2.0,0,0,0,1,0,0,0
1.0,-0.43688504194510996,3.1780538303479458,11.327617365938883,0.13043478260869565,12,0.71026666798588,0.8423901894786198,0.0,0.022988425781936318,2.0,2.0,2.0,0,1,0,0,0,0,0
1.0,-0.36726110730349104,3.970291913552122,11.330731207765645,0.09615384615384616,12,0.723152269061619,0.46973614350160703,0.0,0.0,1.0,2.0,1.0,0,1,0,0,0,0,0
1.0,-0.11127431335327553,2.772588722239781,12.392981719115106,0.2,12,0.3759115821215528,0.11894054479726192,0.0,0.0,1.0,2.0,2.0,0,1,0,0,0,0,0
1.0,0.0329338120443034,4.564348191467836,12.869679295786906,0.2736842105263158,12,-0.0397072116328478,0.7237337521066897,0.0,0.0004520197598673859,1.0,2.0,1.0,0,0,0,0,1,0,0
1.0,-0.5578120263196609,2.70805020110221,10.407981027640488,0.14285714285714285,12,0.5073507124762798,0.23608011093211878,0.0,0.0,1.0,2.0,2.0,0,1,0,0,1,0,0
1.0,0.9182542406437215,4.060443010546419,13.035789493217512,0.17543859649122806,12,0.08329938040125878,0.9447279892487003,0.0,0.040554559468564635,1.0,2.0,2.0,0,0,0,0,1,0,0
1.0,2.0140851072224,7.2868764117507,12.478958293952758,0.6746575342465754,12,0.41736499178235414,0.45480698124051105,1.0,33.62748899618219,1.0,1.0,1.0,1,0,0,0,0,0,0
1.0,2.636807003516734,2.4849066497880004,11.492837778866829,0.09090909090909091,15,0.014675813507097662,0.5237762646401629,0.0,0.0,1.0,2.0,2.0,0,0,0,0,1,0,0
1.0,-0.4033055481850605,5.303304908059076,10.342179323522641,0.1,13,0.24525092553016062,0.9177824651282247,0.0,0.0005198370878838509,1.0,2.0,2.0,0,0,0,0,0,0,0
1.0,-0.33238589320565354,3.6109179126442243,12.399057631447537,0.2777777777777778,12,0.6908781988804704,0.5021318420001216,0.0,0.007012379369170117,1.0,2.0,2.0,0,1,0,0,0,0,0
1.0,-0.005596436836034668,3.9889840465642745,11.91035117372263,0.05660377358490566,14,0.11038919604005248,0.9023316413674871,0.0,0.011485226448706708,1.0,2.0,2.0,0,0,0,0,1,0,0
1.0,0.8047619397344474,2.772588722239781,13.189662708995115,0.13333333333333333,12,0.7563517812068052,0.7138963079751417,0.0,0.0,1.0,2.0,2.0,0,1,0,0,1,0,0
1.0,-0.5852616466414272,3.332204510175204,9.701711307908038,0.18518518518518517,12,0.5020068920157178,1.2017344092380973,0.0,0.0,1.0,2.0,2.0,0,1,0,0,0,0,0
1.0,-0.4157814922382113,6.413458957167357,12.221439566614343,0.4302134646962233,12,0.4941153147443024,0.6888797434739682,0.0,3.691209415028095,1.0,2.0,2.0,0,0,0,0,1,0,0
1.0,3.5389296034378597,0.6931471805599453,16.62403973939442,1.0,12,0.844515741754451,0.3172730043492797,0.0,0.002492764617060204,1.0,2.0,2.0,0,1,0,0,1,0,0
1.0,0.5113150268349903,2.5649493574615367,13.508820642291758,0.08333333333333333,12,0.4858556096761402,0.2549481441267475,0.0,0.0,2.0,2.0,2.0,0,1,0,0,1,0,0
1.0,0.16310171804154627,4.04305126783455,12.026983145722658,0.17857142857142858,12,0.1704366668345954,0.760742893783644,0.0,3.779650099552812e-05,1.0,2.0,2.0,0,0,0,0,0,0,0
1.0,-0.5920462754150551,4.9344739331306915,9.942407217034328,0.014492753623188406,12,0.4354278861860836,0.5385422308093892,0.0,0.0,1.0,2.0,1.0,0,1,0,0,1,0,0
1.0,1.0417014983162514,4.532599493153256,13.386895140646589,0.358695652173913,12,0.807399250885723,0.7636260105909152,1.0,0.0,1.0,2.0,1.0,0,1,0,0,1,0,0
1.0,-0.4356418086509914,3.9889840465642745,11.737164717671163,0.3018867924528302,12,0.4917482959485565,0.8307368132191231,0.0,0.0328130057011975,1.0,2.0,1.0,0,1,0,0,0,0,0
1.0,-0.2874711764603788,3.9318256327243257,11.663965655093373,0.04,14,0.2634001580967557,0.3895205417144512,0.0,0.13894704775497427,1.0,2.0,2.0,0,0,0,0,1,0,0
1.0,2.629292057324813,2.70805020110221,14.328550628033192,0.7857142857142857,12,0.7711770072893871,0.7655408603626069,1.0,0.0,1.0,2.0,2.0,0,1,0,0,0,0,0
1.0,-0.31414974264428935,3.5553480614894135,11.532967971220948,0.23529411764705882,12,0.6119413545400704,0.7131853742996853,0.0,0.0,1.0,2.0,1.0,0,1,0,0,0,0,0
1.0,0.6030355192412644,4.07753744390572,11.107115383572516,0.4482758620689655,12,0.3271825066655145,0.5564170725239472,1.0,0.0,1.0,2.0,1.0,0,1,0,0,0,0,0
1.0,-0.1921803010047885,4.07753744390572,11.02298847988371,0.1896551724137931,12,0.7031480739133109,5.385960878584139,0.0,0.034017709149710376,1.0,2.0,2.0,0,1,0,0,1,0,0
1.0,-0.44000903145294834,5.0689042022202315,12.96810011951044,0.15822784810126583,12,0.061365499906854915,1.2260725317308876,1.0,0.0,1.0,1.0,1.0,0,0,0,0,0,0,0
1.0,-0.37497106060837704,4.060443010546419,12.197529856081816,0.14035087719298245,14,0.3461709746656764,0.8558295739969229,0.0,0.0,1.0,2.0,2.0,0,0,1,0,1,0,0
1.0,0.6499096084589883,4.584967478670572,12.339898131502945,0.9175257731958762,12,0.0705583810165822,1.0300931744835715,1.0,106.77711177084342,1.0,2.0,1.0,0,0,0,1,0,0,0
1.0,0.20347271620118623,1.9459101490553132,13.79820958891013,1.0,12,0.6167164802615595,0.778559765416144,0.0,0.0006423375261726834,1.0,2.0,1.0,0,1,0,0,1,0,0
1.0,-0.07726908734329867,1.3862943611198906,13.370041870342911,0.0,12,0.29372298893048215,0.9463969287597791,0.0,0.0,2.0,2.0,2.0,0,1,0,0,1,0,0
1.0,-0.3068843726544824,2.0794415416798357,11.79530134157464,0.2857142857142857,12,-0.021552395287278765,0.6320920047350943,0.0,0.0,1.0,2.0,1.0,0,1,0,0,1,0,0
1.0,-0.3998094799416951,3.6109179126442243,11.819417433561542,0.3333333333333333,12,0.7978507238160457,0.6464200530513957,0.0,0.0,1.0,2.0,2.0,0,1,0,0,1,0,0
1.0,0.03586649220224494,4.219507705176107,13.055141825330262,0.014925373134328358,12,0.6315280358374554,0.7364224964714933,0.0,0.019225781497412858,1.0,2.0,2.0,0,1,0,0,1,0,0
1.0,0.26153755289868175,2.995732273553991,11.461771773026168,0.15789473684210525,12,0.07934058659882243,0.7407741826124384,0.0,0.0,2.0,2.0,2.0,0,0,0,0,1,0,0
1.0,-0.5444147254999485,5.996452088619021,11.43497939820723,0.017456359102244388,12,0.6455686980289596,0.9174026633238321,0.0,0.0,1.0,2.0,1.0,0,1,0,0,0,0,0
1.0,-0.5868893342957906,3.828641396489095,11.142570067308823,0.17777777777777778,12,0.6351897841579695,0.7648324592754465,0.0,0.014264688343947974,1.0,2.0,1.0,0,1,0,0,0,0,0
1.0,-0.18711557082309505,3.091042453358316,12.77342711992341,0.6666666666666666,12,0.5127074690201444,0.6814711980255644,0.0,0.006427173422636258,1.0,2.0,1.0,0,1,0,0,1,0,0
1.0,0.14592203605929085,3.58351893845611,11.903701693969936,0.05714285714285714,12,0.17110746675501518,0.46460131147490286,0.0,0.0,1.0,2.0,2.0,0,0,1,0,1,0,0
1.0,-0.08511266000143874,4.867534450455582,13.16801100839404,0.17829457364341086,12,0.49641047370141345,0.8730198908564574,1.0,0.016226452831249506,1.0,2.0,2.0,0,1,0,0,1,0,0
1.0,-0.5053477620392317,4.189654742026425,11.153759068290707,0.015384615384615385,13,0.6300226601591338,0.7594423670843934,0.0,0.0,1.0,2.0,2.0,0,1,0,0,0,0,0
1.0,-0.040209050465298435,4.762173934797756,11.554073116803211,0.15517241379310345,12,0.4968300766129375,0.7611187680010338,0.0,0.006625000038403838,1.0,2.0,1.0,0,1,0,0,0,0,0
1.0,-0.26676894733952244,2.1972245773362196,13.54964313961211,0.125,12,0.454706880389225,0.18067556183485592,0.0,0.017826739113978748,1.0,2.0,2.0,0,1,0,0,1,0,0
1.0,-0.471582549613094,4.859812404361672,11.455610788921977,0.1796875,12,0.5372723024709551,0.7460011159214724,0.0,0.0,1.0,2.0,1.0,0,1,0,0,0,0,0
1.0,0.9420223350448215,2.3978952727983707,12.70951377087779,0.9,12,0.585810050322119,0.4127026150576085,1.0,0.0,1.0,2.0,1.0,0,1,0,0,1,0,0
1.0,0.20334935052444497,4.2626798770413155,11.158022012238483,1.0,13,0.3290134569790959,0.7845381327290084,1.0,17.650220123042534,2.0,2.0,1.0,0,0,0,1,0,0,0
1.0,-0.1563187538303661,2.995732273553991,13.497746779563087,0.10526315789473684,12,0.3269856914325672,0.887985492887465,0.0,0.0,1.0,2.0,2.0,0,1,0,0,1,0,0
1.0,-0.49713104366437383,3.6888794541139363,9.433771061549436,0.1282051282051282,12,0.5702488430745377,0.7282696302919806,0.0,0.0,1.0,2.0,2.0,0,1,0,0,0,0,0
1.0,-0.5353890968339832,6.226536669287466,10.76130752700522,0.01782178217821782,12,0.6701408586610543,0.6723645523774029,0.0,0.040465994963141114,1.0,2.0,2.0,0,1,0,0,1,0,0
1.0,-0.23045137984334824,3.828641396489095,10.90585526202179,0.4888888888888889,12,0.4704561291837722,0.8878977639743447,0.0,0.24929196184974617,1.0,2.0,1.0,0,0,0,1,0,0,0
1.0,-0.321883870243881,5.963579343618446,11.282879344094587,0.005154639175257732,12,0.13776247911634967,0.6545344019258489,0.0,0.0,1.0,2.0,2.0,0,0,0,0,1,0,0
1.0,-0.5063517985995571,5.44673737166631,10.699388412348013,0.03463203463203463,12,0.5867539143364434,0.8266814665693071,0.0,0.002391626505021035,1.0,2.0,1.0,0,1,0,0,1,0,0
1.0,-0.133944817550651,4.897839799950911,11.325717069714813,0.03759398496240601,12,0.3021335063498388,0.9465655167161264,1.0,0.0,1.0,2.0,2.0,0,1,0,0,0,0,0
1.0,0.8742458310141455,1.791759469228055,14.27255318006577,1.0,12,0.35057983277297505,0.9921504130188569,1.0,0.0,1.0,2.0,1.0,0,1,0,0,1,0,0
1.0,0.42638556390509325,2.70805020110221,12.933031016540491,0.6428571428571429,12,0.4318098442830484,0.9599182814662793,0.0,0.0,1.0,2.0,2.0,0,1,0,0,1,0,0
1.0,0.7011135382772354,3.8501476017100584,11.910193445046332,0.021739130434782608,17,0.04452461864519335,0.7748088184259073,0.0,0.0,1.0,2.0,2.0,0,0,0,0,1,0,0
1.0,-0.5487604852805472,2.70805020110221,10.509474643750607,0.14285714285714285,12,0.6266436804214517,1.7101353549877933,0.0,0.0,1.0,2.0,2.0,0,1,0,0,0,1,0
1.0,-0.2600235902325626,4.736198448394496,11.25825973835573,0.07964601769911504,12,0.2005351638771257,0.7642793072698941,0.0,0.0004241602703334092,1.0,2.0,1.0,0,0,0,0,1,0,0
1.0,-0.08951658368531236,5.10594547390058,12.383932229994482,0.17073170731707318,16,0.5030321970715271,0.6143175518629714,0.0,0.035818457224808066,1.0,2.0,1.0,0,1,0,0,1,0,0
1.0,0.2546644880678233,4.02535169073515,12.97472602157255,0.5818181818181818,12,0.04054629917917633,0.9230587147455409,0.0,0.014745319764868446,1.0,2.0,1.0,0,0,0,0,0,0,0
1.0,-0.10441560893653457,4.700480365792417,9.683769320771614,0.3853211009174312,13,0.5563201990538298,0.7001762983070219,0.0,12.335309369475546,2.0,2.0,1.0,0,0,0,1,1,0,0
1.0,1.789719681409699,3.295836866004329,14.000169125410025,0.19230769230769232,12,0.2984197534199096,0.5109972591669727,1.0,0.0,1.0,2.0,2.0,0,0,0,0,0,0,0
1.0,-0.5296268007347434,2.8903717578961645,10.21190607219389,0.058823529411764705,12,0.6058156175184058,0.9641671078076554,0.0,0.0,1.0,2.0,2.0,0,1,0,0,0,0,0
1.0,-0.608380241238219,3.4657359027997265,10.558236713695528,0.22580645161290322,5,0.6337193469922782,0.9340444396769182,0.0,0.0,1.0,2.0,1.0,0,1,0,0,0,0,0
1.0,-0.31825208423503226,4.127134385045092,11.568834027032496,0.08196721311475409,11,0.7816153452715031,0.7895381815447793,0.0,0.0030089935489693172,1.0,2.0,2.0,0,1,0,0,0,0,0
1.0,-0.5992633681841587,4.532599493153256,10.981561378029838,0.16304347826086957,11,0.7309147789378463,0.8623501486401223,0.0,0.005243016530964368,1.0,2.0,1.0,0,1,0,0,0,0,0
1.0,0.06898454649946166,1.791759469228055,13.947389861641076,0.2,11,0.8136695338716059,0.728192758159376,0.0,0.0,1.0,2.0,2.0,0,1,0,0,1,0,0
1.0,0.5587155568053124,3.1780538303479458,12.821963089066358,0.08695652173913043,11,0.15469148736028285,0.6485203048340783,0.0,0.0,1.0,2.0,2.0,0,0,0,0,1,0,0
1.0,-0.5785413473543342,2.9444389791664403,12.05376286280419,0.05555555555555555,12,0.5852924159363444,0.8316895162099023,0.0,0.0,1.0,2.0,2.0,0,1,0,0,0,0,0
1.0,-0.1933795845027097,4.997212273764115,10.948548120701478,0.047619047619047616,11,0.33935591039448165,0.6579509855978821,0.0,3.0370580529806066,1.0,2.0,1.0,0,0,0,1,1,0,0
1.0,-0.0815699357316633,1.0986122886681098,12.900221823922582,0.0,12,0.13172497678870887,0.7300774225774226,0.0,0.0,1.0,2.0,1.0,0,1,0,0,0,0,0
1.0,-0.5485957733235287,3.912023005428146,11.380896383544156,0.24489795918367346,11,0.12239830015457745,0.9108357745889107,0.0,0.0008069248161942837,1.0,2.0,1.0,0,1,0,0,0,0,0
1.0,0.04526177196574596,3.6888794541139363,11.66391048002333,0.38461538461538464,11,0.21557014854934012,0.9177800854576482,0.5,1.78026910657779,1.0,2.0,1.0,0,0,0,1,0,0,0
1.0,-0.2709266571989556,3.1354942159291497,13.718419843949299,0.0,12,0.48405777356625385,0.6803124401591052,0.0,0.0,1.0,2.0,2.0,0,1,0,0,1,0,0
1.0,-0.4873390433660404,4.1588830833596715,11.274624160780577,0.14285714285714285,11,0.8288879847989608,0.8347146461868956,0.0,0.0,1.0,2.0,1.0,0,1,0,0,0,0,0
1.0,-0.6228110716109617,3.912023005428146,10.623568237690376,0.04081632653061224,12,0.6449937734824859,0.6578170490767624,0.0,0.0,1.0,2.0,2.0,0,1,0,0,1,0,0
1.0,-0.5168430237951805,2.302585092994046,11.934298188197612,0.2222222222222222,11,0.9422938074851592,0.6933826563568521,0.0,0.0,1.0,2.0,2.0,0,1,0,0,0,0,0
1.0,-0.4401593896137376,4.418840607796598,11.202756345878338,0.07317073170731707,11,0.6881072966025629,0.5667372229537652,0.0,0.0,1.0,2.0,1.0,0,1,0,0,1,0,0
1.0,-0.30091383826225415,4.5217885770490405,11.248473594397224,0.2087912087912088,11,0.3791744438278767,0.6655149641869919,0.0,0.0,2.0,2.0,1.0,0,0,0,0,1,0,0
1.0,-0.5144817772231947,2.70805020110221,10.277390734441246,0.0,11,0.5990720472604107,0.7989418509499013,0.0,0.0,1.0,2.0,2.0,0,1,0,0,1,0,0
1.0,-0.5668969373893112,4.30406509320417,11.002832221350241,0.0958904109589041,11,0.6926597425139752,0.684993347229016,0.0,0.008309722245893578,2.0,2.0,2.0,0,1,0,0,1,0,0
1.0,-0.46990345588755117,2.8903717578961645,12.203152208732389,0.058823529411764705,11,0.3211520127766023,0.9163087584083859,0.0,0.03149765991198133,1.0,2.0,2.0,0,1,0,0,0,0,0
1.0,0.23881072157805397,3.2188758248682006,11.73294714832168,1.0,11,0.5552321305443595,0.3802282131661442,0.0,0.0,2.0,2.0,2.0,0,1,0,0,1,0,0
1.0,-0.08119924830660655,2.5649493574615367,13.21798684146335,0.3333333333333333,11,0.32513813498514266,0.6597976448548755,0.0,0.05466910654160375,1.0,2.0,1.0,0,1,0,0,1,0,0
1.0,-0.2653676367114814,2.4849066497880004,13.206268936330337,0.45454545454545453,11,0.5215279642411511,0.46760657192492106,0.0,0.0,1.0,2.0,1.0,0,1,0,0,0,0,0
1.0,-0.3165475390375185,4.007333185232471,12.006691848244232,0.4074074074074074,11,0.6973533947920203,0.7310619747584546,1.0,0.01274517682362018,1.0,2.0,2.0,0,1,0,0,0,0,0
1.0,-0.6132891383277894,4.499809670330265,11.94226765270058,0.14606741573033707,11,0.47796932140167037,0.9101460259004458,0.0,0.0,1.0,2.0,2.0,0,1,0,0,1,0,0
1.0,-0.2888987261995126,3.6109179126442243,11.814381201826887,0.3611111111111111,11,0.47376535671653836,0.5932183781684505,0.0,0.0,1.0,2.0,2.0,0,1,0,0,1,0,0
1.0,-0.2714821375399941,6.967909201801884,11.183537695259188,0.08011310084825636,11,0.06391999567732265,0.937304166539303,1.0,0.0,1.0,1.0,2.0,0,0,0,0,1,0,0
1.0,-0.5779600652617847,4.90527477843843,11.421640055497805,0.007462686567164179,11,0.7056843877273655,0.6941424657659687,0.0,0.003029945658486917,1.0,2.0,2.0,0,1,0,0,1,0,0
1.0,1.495694758715146,5.081404364984463,13.309351984888306,0.89375,11,0.4206054207202768,0.896132298997965,1.0,1.2276711281952355,1.0,2.0,2.0,0,0,1,0,0,0,0
1.0,-0.584414345821377,3.6375861597263857,10.763280002396893,0.08108108108108109,11,0.5236903220645659,0.327120770056608,0.0,0.05666493440089358,1.0,2.0,2.0,0,1,0,0,0,0,0
1.0,-0.4036959987813071,2.302585092994046,13.166502743358333,0.0,11,0.7343906517328201,0.9063181536644066,0.0,0.0,1.0,2.0,2.0,0,1,0,0,1,0,0
1.0,-0.44969721084219416,1.791759469228055,9.004643734265693,0.2,11,0.19656970279772817,0.3808447381999558,0.0,0.0,1.0,2.0,2.0,0,1,0,0,0,0,0
1.0,-0.4951962320677783,4.727387818712341,11.676176144530753,0.008928571428571428,8,0.7519451251378148,0.881170368217695,0.0,0.0,1.0,2.0,2.0,0,1,0,0,0,0,0
1.0,1.44104096912578,1.0986122886681098,15.265488387268128,0.0,11,0.7928747136757182,0.8926657375911297,0.0,0.0,1.0,2.0,1.0,0,1,0,0,0,0,0
1.0,0.33260256266048427,4.04305126783455,12.110463537122573,0.16071428571428573,12,0.4954737149973583,0.8658986459887535,0.0,0.0,1.0,2.0,2.0,0,1,0,0,0,0,0
1.0,0.02452330848127407,3.9889840465642745,12.023561410371057,0.18867924528301888,11,0.0798132180560181,0.5367216944145486,0.0,0.0010366926340448692,1.0,2.0,2.0,0,0,0,0,0,0,0
1.0,-0.35216703619723755,4.02535169073515,10.272540750622767,0.18181818181818182,11,0.16521130220346392,0.6586640904216736,0.0,0.0,1.0,2.0,2.0,0,0,0,0,0,0,0
1.0,0.44216445112221303,4.736198448394496,8.395201533157834,0.8584070796460177,11,0.9246643256685292,0.534804,1.0,1.0,1.0,2.0,1.0,0,0,0,1,0,0,0
1.0,-0.22467073557627817,3.2188758248682006,11.797840901311318,0.20833333333333334,11,0.7787646969026931,0.895456945569523,0.0,0.0,1.0,2.0,2.0,0,1,0,0,0,0,0
1.0,-0.28702536159554365,3.58351893845611,12.139138266138746,0.17142857142857143,11,0.5114249852882716,0.34041963651949414,1.0,0.0017220397195320803,1.0,2.0,1.0,0,1,0,0,0,0,0
1.0,0.12621027937808887,3.8066624897703196,11.219577370891821,0.4772727272727273,11,0.4381075391281385,0.44722703821734666,1.0,24.587557708386345,2.0,2.0,1.0,0,0,0,1,0,0,0
1.0,-0.2611208849014329,4.127134385045092,11.706050745880612,0.04918032786885246,11,0.27496739916128804,0.533379435852741,0.0,0.0,1.0,2.0,1.0,1,0,0,0,1,0,0
1.0,0.7934517440921929,1.3862943611198906,14.772005365486134,1.0,11,-0.6292329842152795,0.9644144841656366,0.0,0.13998381445054958,1.0,2.0,2.0,0,1,0,0,1,0,0
1.0,-0.28771215566094527,4.61512051684126,11.662027306550698,0.02,11,0.2972980392010299,1.0090542472603794,0.0,8.72563757423232,1.0,2.0,2.0,0,0,0,1,1,0,0
1.0,-0.5197179735151635,3.1354942159291497,11.078449724802335,0.09090909090909091,11,0.713551641912203,0.5093131429830835,0.0,0.0,1.0,2.0,1.0,0,1,0,0,1,0,0
1.0,-0.1990319160015655,4.543294782270004,9.80716433289846,0.12903225806451613,11,0.304260465455937,1.8681667913876232,0.0,0.00025450817525489195,1.0,1.0,1.0,0,0,0,0,0,0,0
1.0,-0.3176352932616193,2.772588722239781,11.576557950781726,0.3333333333333333,11,0.28745654649605046,0.8723988699660189,0.51,0.006323273958391833,1.0,2.0,1.0,0,1,0,0,1,0,0
1.0,-0.5908359656176683,6.376726947898627,10.90664505128509,0.09710391822827939,11,0.2728750646579212,0.8060978731585781,0.0,0.0,1.0,2.0,1.0,0,1,0,0,1,0,0
1.0,-0.3102735774115054,2.1972245773362196,11.328503704291233,0.375,11,0.33391357024967083,0.9389141087695037,0.0,0.0,1.0,2.0,2.0,0,1,0,0,0,0,0
1.0,-0.38816502092649907,4.882801922586371,12.077680564883268,0.20610687022900764,11,0.5003825221017818,0.5044056563663979,0.0,0.026998313017344282,1.0,2.0,2.0,0,1,0,0,0,0,0
1.0,0.4845953456931192,5.267858159063328,11.145850214787302,0.8911917098445595,11,0.8472100397085428,0.43007235512688197,1.0,1.0194779499242546,1.0,2.0,1.0,0,0,0,1,0,0,0
1.0,0.2677595224477829,2.0794415416798357,14.195111774945953,0.14285714285714285,11,0.40822978879921906,0.6838677337082131,0.0,0.009015685724169161,1.0,2.0,1.0,0,1,0,0,1,0,0
1.0,-0.7342787865792137,1.791759469228055,13.255276879173609,0.4,11,1.0,0.45272999359453214,0.0,0.0,2.0,2.0,2.0,0,1,0,0,1,0,0
1.0,-0.42589517844569297,4.499809670330265,10.831152898076907,0.2808988764044944,11,0.16059793701385733,0.7341367134011447,0.0,0.0,1.0,2.0,2.0,0,0,0,0,1,0,0
1.0,0.17971413500195346,5.181783550292085,13.076515875963093,0.5649717514124294,11,0.5007727380963096,0.6088361067148814,1.0,0.026537965674886196,1.0,2.0,1.0,0,1,0,0,0,0,0
1.0,-0.6692254183309047,5.247024072160486,10.305325632368701,0.05291005291005291,8,0.40137227597839326,0.8929260580501985,0.0,0.0,1.0,2.0,2.0,1,0,0,0,1,0,0
1.0,-0.2817093872468189,2.4849066497880004,11.354287763805354,0.18181818181818182,11,0.06806050248044848,0.6880095884938074,0.0,0.0,1.0,2.0,1.0,0,1,0,0,1,0,0
1.0,-0.49186049689391553,2.0794415416798357,12.63715723040174,0.0,11,0.7533189261948621,0.9991306523263753,0.0,0.0,1.0,2.0,2.0,0,1,0,0,1,0,0
1.0,0.08539478897550662,4.543294782270004,12.37107323777774,0.3225806451612903,11,0.32532627242657974,0.20681629705052262,0.0,0.0017476947852091823,1.0,2.0,1.0,0,0,0,0,0,0,0
1.0,0.21264804075054755,2.8903717578961645,12.075835987369496,0.058823529411764705,11,0.5159834964158739,0.6784281431157387,0.0,0.0,1.0,1.0,1.0,0,1,0,0,1,0,0
1.0,-0.0661784211649349,3.367295829986474,13.736762066003593,0.7857142857142857,11,0.6794454122306126,0.8357780132442552,0.0,0.0,1.0,2.0,1.0,0,1,0,0,1,0,0
1.0,0.15514273311982787,3.970291913552122,12.529817459046853,0.23076923076923078,11,0.1142117099750478,0.5235851389532041,0.0,0.0016194331545293845,1.0,2.0,1.0,0,0,0,0,1,0,0
1.0,-0.2073497269594009,3.6109179126442243,11.228391395317095,0.4722222222222222,11,0.18528113982290076,1.0299171822393176,1.0,0.009239070118300484,1.0,2.0,1.0,0,1,0,0,0,0,0
1.0,-0.30957597360352473,3.6109179126442243,12.402241518432554,0.16666666666666666,11,0.7257072284490425,0.6181523821243164,1.0,0.0,1.0,2.0,2.0,0,1,0,0,0,0,0
1.0,-0.5513183150781862,3.258096538021482,12.005956907161956,0.08,11,0.4816979530804825,0.8521893258378928,0.0,0.0,1.0,2.0,2.0,0,1,0,0,0,0,0
1.0,0.8032021120837045,4.31748811353631,13.019300790056294,0.9864864864864865,12,0.6166214537542993,0.7556096221492136,1.0,2.9232516634309342,1.0,2.0,1.0,0,0,0,1,0,0,0
1.0,-0.5690413451200222,5.966146739123692,10.717771692470116,0.028277634961439587,11,0.6602541212135143,0.8588418428757042,0.0,0.0,1.0,2.0,2.0,0,1,0,0,1,0,0
1.0,-0.26588436653046305,2.9444389791664403,12.816588841159467,0.5,11,0.5361499663869241,0.9108099374924197,0.0,0.0,2.0,2.0,1.0,0,1,0,0,0,0,0
1.0,1.4161703136515569,3.044522437723423,13.059854900997582,0.9,11,0.8828990765801016,0.523614410043995,1.0,0.0056811481810173335,1.0,2.0,1.0,0,1,0,0,0,0,0
1.0,5.914200771865216,1.6094379124341003,13.927081449256196,0.75,11,0.1928600029027697,0.276368431315025,1.0,0.0,1.0,2.0,1.0,0,0,0,0,0,0,0
1.0,-0.5257762298348614,3.8501476017100584,11.930821824475581,0.043478260869565216,11,0.7625594583398803,0.8585339949171696,0.0,0.0,2.0,2.0,2.0,0,1,0,0,1,0,0
1.0,-0.4251079371299497,6.22455842927536,11.39444066527791,0.0873015873015873,11,0.40000319457096406,0.5169331631644234,0.0,0.032091756346620155,1.0,2.0,1.0,0,0,0,0,0,0,0
1.0,-0.1362271569377901,3.2188758248682006,12.218631164510903,0.2916666666666667,11,0.5111829777377098,0.8687867454409782,0.0,0.0,2.0,2.0,1.0,0,1,0,0,0,0,0
1.0,-0.4874369633687058,2.772588722239781,9.66063011998769,0.06666666666666667,11,0.6380280440055466,2.707169570760731,0.0,0.0,2.0,2.0,2.0,0,1,0,0,0,0,0
1.0,-0.19022523365227517,4.204692619390966,12.079631726972556,0.16666666666666666,11,0.7456501503067451,0.5094966351791419,1.0,0.5498485814993885,1.0,2.0,1.0,0,1,0,0,0,0,0
1.0,-0.4002867850469367,5.537334267018537,11.176010521673222,0.11067193675889328,11,0.2616484251092768,0.8019110370229999,0.0,2.541513673081249e-05,1.0,2.0,2.0,0,0,0,0,1,0,0
1.0,-0.38596641214129873,3.9318256327243257,9.235844362627404,0.08,11,0.5261565260002906,3.7552304110625387,0.0,0.0,1.0,2.0,2.0,0,1,0,0,0,0,0
1.0,-0.2903720026059468,2.4849066497880004,12.262265644011695,0.18181818181818182,11,0.7219658949498817,0.4026890367758373,0.0,0.0038738295237695044,2.0,2.0,2.0,0,1,0,0,1,0,0
1.0,-0.4048194747913578,3.091042453358316,10.076321786351588,0.19047619047619047,12,0.7587969110511764,0.7944473378470414,0.0,0.0,1.0,2.0,2.0,0,1,0,0,1,0,0
1.0,0.09826394565516912,6.812345094177479,13.328826049876314,0.21806167400881057,11,0.4990603613998322,0.2732406360373948,0.92,0.0,1.0,2.0,2.0,0,0,0,0,0,0,0
1.0,-0.1979475831807484,4.795790545596741,10.863825791367782,0.36666666666666664,11,0.47099290964524976,0.5988345907351622,0.0,0.0,1.0,1.0,1.0,0,0,0,0,1,0,0
1.0,0.2076075981117842,3.5263605246161616,11.96231504689849,0.09090909090909091,11,0.07870152584900807,0.8073029881256454,0.0,0.0,1.0,2.0,2.0,0,0,0,0,1,0,0
1.0,-0.5332304848068852,3.871201010907891,10.381686893297251,0.14893617021276595,10,0.7683428876176277,0.7378176254509242,0.0,0.0,1.0,2.0,2.0,0,1,0,0,0,0,0
1.0,0.021407506093672007,2.0794415416798357,12.645108377547592,0.2857142857142857,10,0.5833790905805774,0.7469364844305444,0.0,0.0,1.0,2.0,2.0,0,1,0,0,1,0,0
1.0,2.142038655593821,5.393627546352362,13.895430501516724,0.502283105022831,10,0.7676490199035484,0.604208877981482,1.0,0.0,1.0,2.0,1.0,0,1,0,0,1,0,0
1.0,-0.20865675712678305,2.1972245773362196,13.12033782736223,0.625,10,0.7307468733728637,0.5629480011763828,0.0,0.0,1.0,2.0,2.0,0,1,0,0,1,0,0
1.0,-0.44372231887114794,5.616771097666572,10.979086382218792,0.06204379562043796,10,0.12721655268912177,0.5358926981417871,0.0,0.0,1.0,2.0,2.0,0,0,0,0,1,0,0
1.0,-0.43878449029278976,2.9444389791664403,13.480591514513817,0.05555555555555555,10,0.5352225454657191,0.9412914854342318,0.0,0.08467117556518784,1.0,2.0,2.0,0,1,0,0,1,0,0
1.0,-0.6743159089749444,3.044522437723423,10.439226252393505,0.2,10,0.33606817972043035,0.9097479896527103,0.0,0.0,1.0,2.0,2.0,0,1,0,0,0,0,0
1.0,-0.19690851195099213,3.6888794541139363,12.193568511624369,0.0,10,0.7300137487883739,0.5442307422683731,1.0,0.4113855876268544,1.0,2.0,1.0,0,1,0,0,1,0,0
1.0,0.3872653601725875,3.6635616461296463,11.331420311670337,0.2631578947368421,10,0.7910603483303147,0.7288972190274248,1.0,0.0,1.0,2.0,2.0,0,1,0,0,1,0,0
1.0,0.18420108106948102,3.912023005428146,11.956414992726561,0.02040816326530612,10,0.5607156837505863,0.7038788905345672,0.0,0.0,1.0,2.0,2.0,0,1,0,0,1,0,0
1.0,-0.305097937998803,3.4657359027997265,11.628937183666643,0.06451612903225806,10,0.6041801854936657,0.7644894991722913,0.0,0.002406162341964915,2.0,2.0,2.0,0,1,0,0,1,0,0
1.0,0.49911531796721353,2.995732273553991,12.593239961929967,0.21052631578947367,10,0.6225875470215884,1.054618920808086,0.0,0.0,1.0,2.0,1.0,0,1,0,0,0,0,0
1.0,-0.27187368304593074,3.970291913552122,12.52857126198215,0.25,10,0.06845125458762266,0.8218433229857248,0.8,0.0,1.0,2.0,2.0,0,0,0,0,1,0,0
1.0,0.06634627812487501,4.248495242049359,14.058143371197827,0.391304347826087,10,-0.15943481607319218,0.9584044397827168,1.0,0.003860984528853012,1.0,2.0,2.0,0,1,0,0,1,0,0
1.0,-0.6638215258406672,6.78897174299217,10.411694349942358,0.9695603156708005,10,0.26770040665910205,0.8475545901003753,0.0,0.01711847218192741,1.0,2.0,2.0,0,0,1,0,1,0,0
1.0,-0.021753665005659714,3.4011973816621555,11.80369621083142,0.3793103448275862,10,0.15092944978576645,0.33447334978429066,0.0,0.0,1.0,2.0,1.0,0,0,0,0,0,0,0
1.0,-0.42359215058536953,5.220355825078324,11.630883847571278,0.14673913043478262,10,0.3082754470074017,0.7665419080475782,0.0,0.0,1.0,2.0,2.0,0,0,0,0,0,0,0
1.0,0.31033579112987775,3.970291913552122,12.988333135100266,0.40384615384615385,10,0.3573865604520294,0.6271355644467501,0.0,0.0,1.0,2.0,1.0,0,0,0,0,0,0,0
1.0,-0.5010083009401278,4.787491742782046,10.068926144240526,0.2773109243697479,10,0.7103312159589793,0.5993334207006383,0.0,0.0,1.0,2.0,2.0,0,1,0,0,0,0,0
1.0,-0.482621362173687,4.812184355372417,11.008676935116965,0.06557377049180328,10,0.41174386405043134,0.7879285267286458,0.0,0.0,1.0,2.0,1.0,0,0,0,0,0,0,0
1.0,0.39638909105245634,2.772588722239781,12.612241061814707,0.26666666666666666,11,0.6890987711956602,0.5992535004933213,0.0,0.017919944845354283,1.0,2.0,2.0,0,0,0,0,0,0,0
1.0,0.2694655910563103,2.772588722239781,12.130096159560505,0.06666666666666667,10,0.18087786866338557,0.4801195756589015,0.0,0.0,1.0,2.0,2.0,0,0,0,0,1,0,0
1.0,-0.5949347739207271,2.70805020110221,12.828106979451132,0.2857142857142857,10,0.7098571336027547,0.19568374318197157,0.0,0.0,1.0,2.0,2.0,0,1,0,0,1,0,0
1.0,-0.5111295445911626,3.9512437185814275,12.724868481426915,0.39215686274509803,10,0.21538040917199283,0.6469619719532884,0.0,0.4648507481516994,1.0,2.0,1.0,0,1,0,0,1,0,0
1.0,-0.24479100423217343,3.970291913552122,12.474213609852042,0.17307692307692307,10,0.653580182328109,0.9827294270780669,0.0,0.0016086073005945052,1.0,2.0,1.0,0,1,0,0,1,0,0
1.0,-0.182787486077246,3.9889840465642745,12.10304609169425,0.2641509433962264,10,0.8286632313493942,0.7789392212430583,0.0,0.013003861662985361,1.0,2.0,2.0,0,1,0,0,1,0,0
1.0,-0.49882853468420074,3.5263605246161616,12.023947251313265,0.12121212121212122,6,0.6681350272075393,0.20749235690812257,0.0,0.0,2.0,2.0,2.0,0,1,0,0,1,0,0
1.0,-0.1262092678003096,4.859812404361672,12.604793971620612,0.2734375,10,0.2882452220194358,0.7903221721523132,1.0,0.0017545662520903448,1.0,2.0,1.0,0,1,0,0,1,0,0
1.0,1.5511057402245623,1.6094379124341003,14.82348061332712,1.0,6,0.7577231929199651,0.8453145943811428,0.0,0.0,2.0,2.0,2.0,0,1,0,0,0,0,0
1.0,-0.39542047778996603,2.5649493574615367,12.178011762513922,0.08333333333333333,6,0.40937343064796294,0.8415489004438678,0.0,0.010953802201978731,1.0,2.0,2.0,0,1,0,0,1,0,0
1.0,2.051275906506058,1.3862943611198906,14.110580522609846,0.3333333333333333,7,0.4610930934113624,0.6589636142819068,0.0,0.0,1.0,2.0,2.0,0,1,0,0,1,0,0
1.0,2.695814421989219,1.6094379124341003,14.973948561172072,0.0,10,0.6785444173719245,0.5366907240560969,0.0,0.01257956914183194,2.0,2.0,2.0,0,1,0,0,0,0,0
1.0,-0.324453366771396,4.174387269895637,11.820304805307787,0.46875,6,0.26592994365926603,0.9519865462777917,0.0,0.02129285140314707,1.0,2.0,1.0,0,1,0,0,1,0,0
1.0,-0.10048940416140568,3.258096538021482,12.02169970608886,0.12,10,0.5342941795493142,0.8138124524572864,0.0,0.0,1.0,2.0,1.0,0,1,0,0,0,0,0
1.0,-0.5199629066139374,3.5553480614894135,10.065037262492352,0.20588235294117646,6,0.6581803170671684,0.5840093294343905,0.0,0.0,2.0,2.0,2.0,0,1,0,0,1,0,0
1.0,-0.397043296950931,3.9318256327243257,11.69639902462068,0.18,6,0.3976663383307029,0.9506321599316515,0.0,0.0,1.0,2.0,2.0,0,1,0,0,1,0,0
1.0,3.919338382937962,1.791759469228055,14.821719285183889,1.0,10,0.6399277320102664,0.5653480989981612,0.0,0.0,1.0,2.0,2.0,0,1,0,0,1,0,0
1.0,-0.4656145985253425,3.044522437723423,10.487381930084005,0.5,10,0.4401941873565863,0.49252561758993174,0.0,0.0,1.0,2.0,2.0,0,1,0,0,0,0,0
1.0,-0.6224666150585938,2.5649493574615367,11.817231711921858,0.0,10,0.4924223712748632,0.7060417049573736,0.0,0.0,1.0,2.0,2.0,0,1,0,0,0,0,0
1.0,-0.6202688133912004,3.8066624897703196,10.805056355751283,0.0,10,0.8242576102613183,0.6007103959996402,0.0,0.0,1.0,2.0,1.0,0,1,0,0,0,0,0
1.0,0.25513541700765074,1.791759469228055,12.278882489766033,0.0,6,0.18551893332387973,0.6936191854924265,0.0,0.0,1.0,2.0,2.0,0,1,0,0,1,0,0
1.0,0.9263244570269202,2.5649493574615367,11.695819080329699,0.4166666666666667,6,0.09092062924940705,1.082479185348262,0.0,10.526049310380104,1.0,2.0,2.0,0,0,0,1,1,0,0
1.0,0.08349424610515699,3.7612001156935624,11.974902622867276,0.09523809523809523,10,0.24751320229299684,0.5271975069589495,0.0,0.06640960929443233,2.0,2.0,2.0,0,0,1,0,1,0,0
1.0,-0.3005716119574384,4.912654885736052,11.321425829282012,0.16296296296296298,6,0.5426493603282613,0.7413473335268668,0.0,0.0014000398040554904,1.0,2.0,1.0,0,1,0,0,0,0,0
1.0,-0.2864799938411704,4.356708826689592,9.130955564721814,0.3246753246753247,10,0.40394044332595613,8.954190336914337,0.0,22.411989577739323,1.0,2.0,1.0,0,0,0,1,0,0,0
1.0,-0.10756673084206406,3.912023005428146,11.703558305526458,0.3877551020408163,10,0.5006069560813874,0.5185606402401743,1.0,0.025148145176542056,1.0,2.0,1.0,0,1,0,0,1,0,0
1.0,0.31354540093377836,3.58351893845611,12.770414228875195,0.5142857142857142,11,0.21228375673939048,1.229860140479443,0.0,0.0,1.0,2.0,2.0,0,0,0,0,1,0,0
1.0,-0.5952080504437328,4.007333185232471,9.658462826352745,0.05555555555555555,6,0.731645846184064,0.7095011393132887,0.0,0.0,1.0,2.0,2.0,0,1,0,0,1,0,0
1.0,-0.6013247927829096,3.332204510175204,11.214283801916672,0.07407407407407407,6,0.44856316046388034,0.7806102248688278,0.0,0.0,2.0,2.0,2.0,0,1,0,0,0,1,0
1.0,-0.28981496668814377,2.833213344056216,13.136237682558821,0.0,7,0.5520128059245567,0.6201519721017112,0.0,0.0,1.0,2.0,2.0,0,1,0,0,1,0,0
1.0,1.1360878332976831,2.833213344056216,13.740066857584205,0.0625,6,0.9357149378064641,0.8117857062220574,0.0,0.0,1.0,2.0,1.0,0,0,1,0,1,0,0
1.0,-0.6835146536160532,4.7535901911063645,11.260142629915055,0.043478260869565216,10,0.5134312960221324,0.6989134164986696,0.0,0.0,1.0,2.0,1.0,0,1,0,0,1,0,0
1.0,0.9668915871268122,3.295836866004329,14.547694891932034,0.15384615384615385,6,0.44993215675649795,0.3944151482906026,1.0,0.0,1.0,1.0,1.0,0,1,0,0,1,0,0
1.0,0.8261137017823574,3.713572066704308,12.672228647768518,0.35,10,0.14791315888115572,0.3568287649289594,0.5,0.0,2.0,2.0,1.0,0,1,0,0,1,0,0
1.0,-0.1742474366421158,2.8903717578961645,9.80959049145612,0.0,10,0.05471250837647871,0.9660141319694615,0.0,0.0,1.0,2.0,2.0,0,1,0,0,1,0,0
1.0,-0.5110356488465384,5.117993812416755,12.024190666806417,0.5542168674698795,6,-0.26725775577843114,1.5109505462058954,0.0,0.0,1.0,2.0,1.0,0,0,0,0,1,0,0
1.0,-0.45028752178815235,3.784189633918261,11.346800863636968,0.16279069767441862,10,0.6758593879652721,0.6921257663101947,0.0,0.0,1.0,2.0,1.0,0,1,0,0,1,0,0
1.0,-0.43494472590542743,3.332204510175204,11.278436781816351,0.18518518518518517,10,0.5698726112746938,0.8653122345601202,0.0,0.0,1.0,2.0,2.0,0,1,0,0,1,0,0
1.0,-0.42131540663338807,3.4011973816621555,11.543992336065864,0.06896551724137931,10,0.7293094916547253,0.6890882402985279,0.0,0.00015220358906693112,1.0,2.0,1.0,0,1,0,0,0,0,0
1.0,0.20601207946495328,4.672828834461906,12.714273752792034,0.1792452830188679,10,0.29359246058622257,0.42569678691201085,0.0,0.0,1.0,2.0,1.0,0,0,0,0,1,0,0
1.0,0.1404499845601618,6.3784261836515865,12.53915959097245,0.047619047619047616,10,0.24141681928089703,0.4442578390204957,1.0,0.0012606365161975843,1.0,2.0,1.0,0,0,0,0,1,0,0
1.0,-0.26122651980061723,4.204692619390966,11.298796087879419,0.16666666666666666,10,0.8714101458455762,0.695680197847344,0.0,0.004016656397481559,1.0,2.0,1.0,0,1,0,0,0,0,0
1.0,-0.3013751417501025,4.736198448394496,11.486501531499568,0.13274336283185842,10,0.2632094230622928,0.6533725353825693,0.0,0.007352969072706831,2.0,2.0,1.0,0,0,0,0,0,0,0
1.0,-0.46132071789937523,4.897839799950911,11.807138326969842,0.045112781954887216,10,0.3424253451965649,0.6312602132330334,0.0,0.008458360380566349,2.0,2.0,1.0,0,0,0,0,0,0,0
1.0,-0.18045926647083113,2.5649493574615367,12.100366236724875,0.5,6,0.8152939498127183,0.312741838451567,0.0,0.0,1.0,2.0,1.0,0,1,0,0,0,0,0
1.0,-0.3404630759836838,4.68213122712422,11.375991976688702,0.3644859813084112,10,0.32777942357764017,0.8184758849783963,0.0,1.3300660892204477,1.0,2.0,1.0,0,0,0,1,0,0,0
1.0,-0.21720300953260288,1.6094379124341003,14.435846290903825,1.0,6,0.3494260674985451,0.9915471541857209,1.0,0.0,1.0,2.0,1.0,1,0,0,0,0,0,0
1.0,0.3125342833000771,4.430816798843313,12.924995601480482,0.04819277108433735,10,0.4234275146683664,0.5381414636662202,0.0,0.013144497336209692,1.0,2.0,2.0,0,1,0,0,0,0,0
1.0,-0.14474933832702652,2.302585092994046,13.487868773440837,0.4444444444444444,10,0.4370776775694598,0.8118936453033275,0.0,0.0,2.0,2.0,2.0,0,1,0,0,1,0,0
1.0,-0.5776572234906632,3.1354942159291497,11.312708555420564,0.3181818181818182,11,0.5910714579663863,0.8372313339386216,0.0,0.0,1.0,2.0,1.0,0,1,0,0,0,0,0
1.0,1.1853732687425436,4.418840607796598,12.564352398634535,0.2073170731707317,10,0.0729155166787996,0.7035274432694832,1.0,80.71305222631726,2.0,2.0,1.0,0,0,0,1,0,0,0
1.0,-0.26414914208072987,2.995732273553991,12.143124438120484,0.05263157894736842,10,0.5789513875755165,0.39706643580947104,0.0,0.0,2.0,2.0,2.0,0,1,0,0,1,0,0
1.0,0.8859168888902071,3.784189633918261,13.285936595130952,0.20930232558139536,6,0.11340532917176321,0.9206490122174867,0.33,0.0005445483217102655,1.0,2.0,1.0,0,0,0,0,0,0,0
1.0,0.3344291632962236,1.9459101490553132,12.448705703227901,0.6666666666666666,6,0.31721922774451183,0.748760227915385,0.0,0.014827208268201093,1.0,2.0,2.0,0,1,0,0,1,0,0
1.0,-0.40949869954219387,2.8903717578961645,12.572451792189952,0.11764705882352941,10,0.6092760408381943,0.7951978697071459,0.0,0.0,1.0,2.0,1.0,0,1,0,0,1,0,0
1.0,0.0846873847881753,3.2188758248682006,13.052493246237601,0.3333333333333333,6,0.17396211532168437,1.0036242572153826,0.0,0.0015154029955875843,1.0,2.0,2.0,0,0,0,0,0,0,0
1.0,1.6519857172117636,5.318119993844216,13.193064591142205,0.1477832512315271,6,-0.1990011748802981,0.8658511406054825,0.0,0.0,1.0,2.0,2.0,0,0,0,0,1,0,0
1.0,-0.07322107879043926,4.820281565605037,11.787721946808169,0.23577235772357724,6,0.2576572122959104,0.6173180466919239,0.0,0.005063088623462257,1.0,2.0,1.0,0,0,0,0,1,0,0
1.0,-0.5698590732538604,4.454347296253507,10.423887897892616,0.047058823529411764,10,0.5442579589445592,0.9449877242041358,0.0,0.0,1.0,2.0,2.0,0,1,0,0,0,0,0
1.0,1.2831581826148484,3.871201010907891,12.84690972153322,0.1702127659574468,6,0.32827701223239186,0.8510865102078815,1.0,4.273864063287712,2.0,2.0,1.0,0,0,0,1,1,0,0
1.0,-0.7343294669162825,3.2188758248682006,9.904347599256564,0.08333333333333333,6,0.5570933989647145,0.8967753216663995,0.0,0.0,1.0,2.0,2.0,0,1,0,0,1,0,0
1.0,-0.5745784994546487,2.5649493574615367,12.171602397694722,0.25,10,0.552212644863282,0.8793588045555446,0.0,0.0,1.0,2.0,2.0,0,1,0,0,1,0,0
1.0,-0.3812202694175145,2.302585092994046,11.164664232631566,0.3333333333333333,6,0.6005238972231659,5.584172550896092,0.0,0.0,2.0,2.0,2.0,0,1,0,0,1,0,0
1.0,1.69608518295991,1.6094379124341003,13.634385485097864,0.5,10,0.3254093801643523,0.7768886411851426,0.0,0.0,1.0,2.0,1.0,0,1,0,0,1,0,0
1.0,0.7293790530002143,3.713572066704308,12.53296269066946,0.025,6,0.5818530174227166,0.4611475620274562,0.0,0.0,1.0,2.0,1.0,0,1,0,0,1,0,0
1.0,0.20320792208227936,1.6094379124341003,13.602884317828615,0.0,6,0.7250478506963003,0.7178706728154148,0.0,0.0,2.0,2.0,1.0,0,1,0,0,1,0,0
1.0,-0.4689577091790189,3.258096538021482,12.27075959315199,0.16,6,0.5368015956790166,0.9002245927147973,0.0,0.0,1.0,2.0,2.0,0,1,0,0,0,0,0
1.0,-0.15439992711432624,2.4849066497880004,11.77485746819412,0.09090909090909091,10,0.13139949643306756,0.9060160028432086,0.0,0.0,2.0,2.0,1.0,0,1,0,0,1,0,0
1.0,-0.36760078277119795,3.828641396489095,10.721750325899981,0.17777777777777778,6,0.12384788187987772,0.8999881364291044,0.0,0.0,1.0,2.0,2.0,0,0,0,0,0,0,0
1.0,-0.46546401001214854,1.9459101490553132,13.890810961745876,0.16666666666666666,10,0.3028719915947021,0.962273014365516,0.0,0.0009882160639192801,2.0,2.0,2.0,0,1,0,0,1,0,0
1.0,-0.086342110807186,4.07753744390572,11.79728672790842,0.05172413793103448,6,0.14530478487352683,0.8566137715099972,0.0,7.044862941101343,1.0,2.0,1.0,0,0,0,1,0,0,0
1.0,1.8202577254597434,4.406719247264253,10.627558718357324,0.8518518518518519,6,0.5588030886700784,0.857767863929439,0.0,26.032761252663654,1.0,2.0,1.0,0,0,0,1,0,0,0
1.0,0.0008273868852237826,4.290459441148391,11.571652601424898,0.2777777777777778,10,0.279555336209616,0.7415615055400969,0.0,0.0,1.0,2.0,2.0,0,0,0,0,1,0,0
1.0,-0.32753042075363203,3.713572066704308,12.071557912441996,0.3,10,0.682028133890329,0.6376402100362072,0.88,0.3780695195460715,1.0,2.0,1.0,0,1,0,0,1,0,0
1.0,2.393152993802244,3.4657359027997265,12.193202763383317,1.0,10,0.7727589554133926,0.4882303244717464,1.0,5778.143333333333,1.0,2.0,2.0,0,0,0,1,0,0,0
1.0,-0.22551194039077088,1.791759469228055,13.140814896286038,0.0,6,0.6025526928942296,0.6260586864120583,0.0,0.0,1.0,2.0,2.0,0,1,0,0,1,0,0
1.0,0.14064800274702396,3.8501476017100584,13.100392026212566,0.391304347826087,6,0.24258731903260644,0.4873573141196911,0.2,0.017606619646300788,1.0,2.0,1.0,0,1,0,0,0,0,0
1.0,-0.5717520822355061,4.543294782270004,10.53211427631147,0.021505376344086023,10,0.5715327409416825,0.430214740198482,0.0,0.0,1.0,2.0,2.0,0,1,0,0,0,0,0
1.0,-0.660517228448566,6.418364935936212,7.858816792485272,0.0196078431372549,10,0.5863902627836916,6.355414477718353,0.0,0.05267095112296448,1.0,2.0,2.0,0,1,0,0,0,0,0
1.0,-0.4996441351309881,2.995732273553991,11.315576614487783,0.3157894736842105,10,0.6311694273490018,0.41346888085457517,0.0,0.0,1.0,2.0,2.0,0,1,0,0,1,0,0
1.0,-0.12002111022753383,2.3978952727983707,11.723236632303113,0.2,10,0.22938436408512253,3.26562008732209,0.0,0.10039517020628058,1.0,2.0,2.0,0,1,0,0,1,0,0
1.0,-0.7049121190516134,2.8903717578961645,11.759825064179601,0.058823529411764705,6,1.0511425691605398,0.7214798795442607,0.0,0.0,1.0,2.0,1.0,0,1,0,0,1,0,0
1.0,0.21891837508692927,1.9459101490553132,12.760814192678644,0.5,10,0.6596279234658157,0.7056086684598353,0.0,0.0,2.0,2.0,2.0,0,1,0,0,1,0,0
1.0,0.05132590917788202,2.6390573296152584,12.190975016963316,0.3076923076923077,10,0.43880354250205805,0.9361978861613384,0.0,0.0,1.0,2.0,1.0,0,1,0,0,0,0,0
1.0,-0.42651763445967494,4.68213122712422,11.737968519496613,0.3925233644859813,10,0.7472669145889683,0.6561313484757046,0.0,0.0,1.0,2.0,1.0,0,0,0,0,0,0,0
1.0,-0.35140620677829837,7.680637427560936,11.706815449190627,0.07159353348729793,10,0.4538206872127434,0.3611261399422764,0.0,0.026298589849749646,1.0,2.0,2.0,0,0,0,0,0,0,0
1.0,-0.5127973563296858,2.9444389791664403,10.382290892179258,0.0,11,0.4929017408823548,0.41973211627454726,0.0,0.0,1.0,2.0,1.0,0,1,0,0,0,0,0
1.0,1.965506475962765,3.713572066704308,13.561118795973874,0.95,10,0.7193470790978316,0.5221559531613231,1.0,2.267865345134566,1.0,2.0,1.0,0,0,0,1,0,0,0
1.0,-0.3038718534957234,3.8501476017100584,11.393357004870039,0.10869565217391304,10,0.30846995961273277,0.9056069154137314,0.0,0.0,1.0,2.0,1.0,1,0,0,0,1,0,0
1.0,-0.5220753833952555,5.638354669333745,10.253299122314338,0.13214285714285715,10,0.396912925289889,0.8488728950443178,0.0,0.0009005291776333558,1.0,2.0,1.0,0,0,0,1,1,0,0
1.0,-0.11614477824091851,2.6390573296152584,13.631771874443473,0.46153846153846156,9,0.8106632765093047,0.933246403972498,0.0,0.0,1.0,2.0,1.0,0,1,0,0,1,0,0
1.0,0.01625920920182368,1.3862943611198906,13.050413280490469,0.6666666666666666,9,0.3114874217644633,0.5421069259662302,0.0,0.0,1.0,2.0,1.0,0,1,0,0,0,0,0
1.0,-0.06795686568341891,5.308267697401205,11.632675034498014,0.06965174129353234,6,0.6429241034619717,0.813840747490898,0.0,0.23973938918654958,1.0,2.0,1.0,0,1,0,0,1,0,0
1.0,-0.44266753910149526,4.007333185232471,10.712758780222936,0.3148148148148148,9,0.6670720468023722,1.1793218072498741,0.0,0.006372056199387231,1.0,2.0,1.0,0,1,0,0,0,0,0
1.0,0.01916409903250295,3.9512437185814275,12.78387999822235,0.29411764705882354,9,0.4750000384097739,0.778687772450109,0.0,0.07291071917257383,1.0,2.0,2.0,0,1,0,0,0,0,0
1.0,-0.5412141328436696,2.833213344056216,11.160591087129916,0.125,9,0.7472086194517572,0.4659636433463483,0.0,0.0005536303572502878,1.0,2.0,2.0,0,1,0,0,0,0,0
1.0,0.7868151255946547,2.772588722239781,12.505377906254331,0.2,6,0.714311671377965,0.3712258902145895,1.0,0.0,1.0,2.0,1.0,0,1,0,0,0,0,0
1.0,-0.2939027721108648,1.791759469228055,12.55237002836589,0.6,9,0.6447923568680549,1.2567515762283406,0.0,0.0,1.0,2.0,2.0,0,1,0,0,1,0,0
1.0,0.7700919970309887,4.143134726391533,14.228093265008837,0.1935483870967742,9,0.16900422466352213,0.7110503095332994,0.0,0.0,1.0,2.0,2.0,0,0,0,0,1,0,0
1.0,-0.30511945389317596,2.833213344056216,10.860041722967196,0.125,9,0.5691145041531717,0.8160537526475292,0.0,0.0,2.0,2.0,2.0,0,1,0,0,0,0,0
1.0,-0.43930657774164517,3.970291913552122,11.384936268383184,0.11538461538461539,9,0.7742274254093924,0.6460500936017494,0.0,0.0,1.0,2.0,1.0,0,1,0,0,0,0,0
1.0,-0.49466068722861944,3.1354942159291497,10.691795108291819,0.4090909090909091,9,0.5297562835293912,0.6742743841137883,0.0,0.0005444696595283091,1.0,2.0,2.0,0,1,0,0,0,0,0
1.0,0.3716543473350274,3.912023005428146,10.825580196231991,1.0,9,0.34634211471277215,0.6038206205890982,1.0,9.206765204351987,2.0,2.0,1.0,0,0,0,1,0,0,0
1.0,0.9899896755598938,4.700480365792417,13.696271663747991,0.6146788990825688,9,0.07764105982942972,0.7739124391280896,0.0,75.84599913684396,2.0,2.0,1.0,0,0,0,1,0,0,0
1.0,1.5177829127660634,3.828641396489095,13.40405712222566,0.9777777777777777,9,0.15745539149112953,0.5948150960995668,1.0,0.6435292589071243,1.0,2.0,1.0,0,1,0,0,0,0,0
1.0,-0.23624230931373863,4.90527477843843,11.161972074772903,0.14925373134328357,9,0.1501412563583343,0.7171920462071674,1.0,0.0,1.0,2.0,2.0,0,0,0,0,1,0,0
1.0,-0.6021730432869388,3.044522437723423,11.660961775797606,0.1,5,0.5055235668551724,0.913739440901388,0.0,0.0,1.0,2.0,2.0,0,1,0,0,1,0,0
1.0,0.6541791184391181,2.3978952727983707,12.869153582622051,1.0,9,0.5317900390933622,0.40087543137151344,1.0,0.07625462882957482,1.0,2.0,1.0,0,1,0,0,0,0,0
1.0,-0.2281317641559516,4.060443010546419,11.995119401853541,0.5964912280701754,9,0.18873325328555346,0.9498517027937892,0.0,4.896505973960827,1.0,2.0,1.0,0,0,0,1,0,0,0
1.0,1.7618636582250895,2.6390573296152584,13.786813555804802,0.3076923076923077,9,-0.03993651190413529,0.7381159523086506,0.0,168.08031340532,1.0,2.0,1.0,0,1,0,0,0,0,0
1.0,-0.13769171289578222,4.48863636973214,12.129851787209327,0.18181818181818182,9,0.2364208225269228,0.5637100183802395,0.0,0.0,1.0,1.0,2.0,0,1,0,0,1,0,0
1.0,-0.6348765852472875,1.9459101490553132,11.265553255921946,0.16666666666666666,9,0.8709302836176992,0.4460580912863071,0.0,0.0,1.0,2.0,2.0,0,1,0,0,1,0,0
1.0,-0.4006512035243853,3.2188758248682006,11.546883959469081,0.4583333333333333,9,0.6158244534628299,0.6869738964007869,0.0,0.0,1.0,2.0,2.0,0,1,0,0,0,1,0
1.0,4.931617802952255,1.791759469228055,14.72838779047282,1.0,9,0.05917383632709982,0.9669146023178675,1.0,8695.081099656358,2.0,2.0,1.0,0,0,0,1,0,0,0
1.0,0.09172068362921773,2.6390573296152584,12.581854612897851,0.46153846153846156,6,0.635535545560234,0.22171390656547782,0.0,0.0,1.0,2.0,2.0,0,1,0,0,1,0,0
1.0,0.46585851292010866,1.6094379124341003,13.379501702715551,1.0,9,0.7796976354070911,0.4616291711709204,0.0,0.0,1.0,2.0,2.0,0,1,0,0,1,0,0
1.0,-0.11235284330497038,3.1354942159291497,12.902593560461074,0.18181818181818182,9,0.5910459409799123,0.9541067964012889,0.0,0.0015881410577636198,1.0,2.0,1.0,0,1,0,0,0,0,0
1.0,-0.38945643636335614,4.6913478822291435,11.602619398094074,0.6666666666666666,9,0.29203592247648497,0.5267509035110931,0.0,0.6550171374654685,1.0,2.0,2.0,0,0,0,1,0,0,0
1.0,-0.21235860570287693,1.9459101490553132,13.354512126605576,0.16666666666666666,9,0.31155433612829214,0.8526069289064556,0.0,0.0,1.0,2.0,2.0,0,1,0,0,1,0,0
1.0,0.10180388661716194,5.342334251964811,12.602346783596476,0.15384615384615385,9,0.005311327431044409,0.9880536939172283,0.0,0.0185705458638687,1.0,2.0,1.0,0,0,0,0,1,0,0
1.0,-0.4356855526879969,3.4657359027997265,12.002919875853017,0.03225806451612903,9,0.26755511983185454,0.965837773444548,0.0,0.0,1.0,2.0,2.0,0,1,0,0,1,0,0
1.0,-0.42626350396626456,4.927253685157205,11.553654024468633,0.043795620437956206,6,0.2762170895664771,0.7695553053069012,0.0,0.0,1.0,2.0,1.0,0,1,0,0,1,0,0
1.0,-0.5180866298796637,3.295836866004329,11.185956010476179,0.038461538461538464,9,0.6941496660326976,0.3501732672871255,0.0,0.009338894898676607,1.0,2.0,2.0,0,1,0,0,1,0,0
1.0,-0.49230656047097504,4.127134385045092,11.129557841724798,0.2459016393442623,9,0.5820370800475178,0.7600480003579101,0.0,0.0,1.0,2.0,1.0,0,1,0,0,1,0,0
1.0,-0.0813813846825498,1.3862943611198906,14.324521736619873,0.3333333333333333,6,0.794707884543492,0.8468653055450754,0.0,0.008768058770644219,1.0,2.0,1.0,0,1,0,0,1,0,0
1.0,3.200483169290175,5.459585514144159,14.059723378322058,0.5982905982905983,9,0.29314618613881394,0.5403361175079765,1.0,0.003333923733073943,1.0,2.0,2.0,0,0,0,0,1,0,0
1.0,-0.5306907479626168,2.5649493574615367,7.506637566568411,0.0,9,0.8308403506416281,31.87860185991113,0.0,0.0,2.0,2.0,2.0,0,1,0,0,0,0,0
1.0,-0.6486066321008661,4.110873864173311,9.642136857566818,0.1,9,0.5654483008025168,0.994747568328692,0.0,0.0,2.0,2.0,2.0,0,1,0,0,0,1,0
1.0,-0.2002271971473138,3.5263605246161616,12.519276255212032,0.36363636363636365,9,0.5352713748633449,0.7623288178817333,0.0,0.0,2.0,2.0,2.0,0,1,0,0,0,0,0
1.0,-0.598325719294709,4.48863636973214,12.323808609371627,0.18181818181818182,9,0.15276050288548626,0.8886544660381495,0.0,0.0,2.0,2.0,2.0,0,0,1,0,0,0,0
1.0,0.9415447542029949,2.9444389791664403,13.098470308982202,0.8333333333333334,9,0.7668280309708694,0.8311573050470709,1.0,0.0,1.0,2.0,1.0,0,1,0,0,0,0,0
1.0,-0.5735494640871823,4.248495242049359,11.81743568993746,0.10144927536231885,9,0.33115639979830747,0.863271612195732,0.0,0.0,2.0,2.0,1.0,0,1,0,0,0,0,0
1.0,-0.6325851156133164,6.184148890937483,9.604293743543696,0.002066115702479339,9,0.5554949904068965,1.0590485228010624,0.0,0.0031819367998143066,1.0,2.0,2.0,0,1,0,0,1,0,0
1.0,-0.539068877676079,4.31748811353631,11.042751010323855,0.36486486486486486,9,0.48028512560609987,0.9873303899366281,0.0,0.02149276381512784,1.0,2.0,2.0,0,1,0,0,0,0,0
1.0,-0.5375176332915774,5.68697535633982,9.593200658196768,0.24829931972789115,9,0.6374446949119782,0.6981694156321174,0.0,0.9918564743050436,1.0,1.0,1.0,0,1,0,0,0,0,0
1.0,-0.4603197720894052,4.584967478670572,10.898270417050364,0.07216494845360824,9,0.2133439727534704,0.6886053928674978,0.0,0.0,1.0,2.0,1.0,0,0,0,0,0,0,0
1.0,3.651243632487243,1.791759469228055,14.467281944852184,1.0,9,0.7556663769476346,0.23465993654817044,0.0,0.0,1.0,2.0,2.0,0,1,0,0,0,0,0
1.0,0.5539132884449605,1.0986122886681098,11.369574590074345,0.5,9,0.15520608197066893,0.8460770509210102,0.0,0.0,1.0,2.0,1.0,0,1,0,0,1,0,0
1.0,-0.5833946745848638,3.1354942159291497,11.930121495954092,0.3181818181818182,6,0.5819201264402225,0.4722302254802304,0.0,0.050612981642776306,1.0,2.0,2.0,0,1,0,0,0,0,0
1.0,-0.006337907837750012,4.663439094112067,13.364012521017358,0.009523809523809525,9,0.7290536177090671,0.6607232024481564,0.0,0.07761013311863728,2.0,2.0,2.0,0,1,0,0,1,0,0
1.0,-0.4937863831515592,3.1780538303479458,10.439138971963846,0.08695652173913043,6,0.768720363090018,0.5876793291895434,0.0,0.0,1.0,2.0,2.0,0,1,0,0,1,0,0
1.0,-0.5797510435855008,3.58351893845611,10.487979908266562,0.05714285714285714,6,0.4409587879742258,0.7831538093406624,0.0,0.0,2.0,2.0,2.0,0,1,0,0,1,0,0
1.0,0.03265682209696458,3.6375861597263857,11.707178708388588,0.08108108108108109,9,0.08121537452864949,0.8148194060566756,0.0,0.0,1.0,2.0,2.0,0,0,0,0,1,0,0
1.0,0.539523519906989,2.9444389791664403,12.226056084365672,0.2222222222222222,9,0.4688189537658768,0.596018783187925,0.0,0.0,1.0,2.0,2.0,0,0,0,0,1,0,0
1.0,3.147195188408179,1.3862943611198906,15.221067531317408,0.6666666666666666,6,0.38931709731795616,0.8463944046903111,0.0,0.004679667008073477,1.0,2.0,2.0,0,1,0,0,1,0,0
1.0,0.7289426923643278,3.258096538021482,13.269997694640352,0.56,9,0.22143507800388137,0.9271813738634416,0.0,0.0,1.0,2.0,2.0,0,1,0,0,1,0,0
1.0,-0.5789312677173098,1.9459101490553132,11.892915487769407,0.0,6,0.4215880377593769,0.8141677950569666,0.0,0.0,2.0,2.0,2.0,0,1,0,0,1,0,0
1.0,-0.3614390097352373,2.70805020110221,13.6356319005746,1.0,9,0.25591238936862776,0.9172327114365327,1.0,0.12221081399764175,1.0,2.0,2.0,0,1,0,0,1,0,0
1.0,-0.6609644948558793,5.91350300563827,10.145053428310456,0.0027100271002710027,9,0.6078863654479585,0.12754210447000006,1.0,0.0,1.0,2.0,2.0,0,1,0,0,1,0,0
1.0,-0.2709059122121825,3.4965075614664802,11.840682828228422,0.21875,9,0.07561810397473248,0.9102583934817877,0.0,0.0,1.0,2.0,1.0,0,0,0,0,1,0,0
1.0,-0.4285034818049346,4.543294782270004,11.534235915502865,0.21505376344086022,9,0.3879470873939905,0.8204638607880806,0.0,0.0,1.0,2.0,1.0,0,1,0,0,0,0,0
1.0,-0.5764506836222258,5.267858159063328,10.53588164609829,0.10880829015544041,10,0.47168831618544454,0.43796212839082277,0.0,0.0013875740231570758,1.0,2.0,1.0,0,0,0,0,0,0,0
1.0,-0.2324409230871,4.189654742026425,11.127070205396617,0.3230769230769231,9,0.2470783912255647,0.540086936588428,0.0,0.0,1.0,2.0,1.0,0,0,0,0,0,0,0
1.0,-0.3576069929894111,2.70805020110221,11.029881753645151,0.35714285714285715,6,0.8686691463422606,0.9416256585422336,0.0,0.0,1.0,2.0,1.0,0,1,0,0,0,0,0
1.0,1.3016884217425573,0.6931471805599453,13.279158557456496,0.0,6,0.5746399037154948,0.9253637944388308,0.0,0.0,1.0,2.0,2.0,0,1,0,0,0,0,0
1.0,1.6796593073436326,2.5649493574615367,13.324198712592093,0.08333333333333333,6,0.09109367977197015,0.7508671840554998,0.0,0.0,2.0,2.0,2.0,0,0,0,0,0,0,0
1.0,-0.3629424181804129,4.007333185232471,10.997430624022632,0.037037037037037035,9,0.38529801346082726,0.8849346001197574,0.0,0.0,1.0,2.0,1.0,0,1,0,0,1,0,0
1.0,-0.3272110599138224,2.0794415416798357,12.008202548538073,0.5714285714285714,6,0.6094223867265015,0.8384883255271359,0.0,0.0,2.0,2.0,2.0,0,1,0,0,1,0,0
1.0,-0.5126855331264702,2.4849066497880004,12.837289295127214,0.09090909090909091,6,0.43862235422492973,0.9069448162019034,0.0,0.0,1.0,2.0,1.0,0,1,0,0,1,0,0
1.0,0.3372342271774213,3.5553480614894135,12.320458807226165,0.7058823529411765,9,0.581615662031172,0.8819995844714025,1.0,0.0,1.0,2.0,2.0,0,1,0,0,0,0,0
1.0,-0.5137216214309301,4.382026634673881,10.41025406316172,0.13924050632911392,9,0.08548123364341403,0.80619670577182,0.67,0.0,1.0,2.0,2.0,0,0,0,0,1,0,0
1.0,-0.41271522525938437,3.258096538021482,11.170274579751492,0.2,6,0.49265405545681884,0.8007843623393381,0.0,0.09568832576873072,1.0,2.0,1.0,0,1,0,0,0,0,0
1.0,-0.25840872191088293,2.6390573296152584,12.559689649501873,0.3076923076923077,6,0.6508200544111932,0.9367714557005098,0.0,0.0,1.0,2.0,1.0,0,1,0,0,0,0,0
1.0,-0.5903625481915051,2.6390573296152584,10.532459222985104,0.3076923076923077,9,0.4959485224022879,0.9367843433183504,0.0,0.0,2.0,2.0,2.0,0,1,0,0,1,0,0
1.0,1.0408604164356965,3.58351893845611,13.771886307456326,0.2857142857142857,6,0.31403136626540434,0.7874797785861319,0.0,0.0,1.0,2.0,2.0,0,1,0,0,0,0,0
1.0,-0.12246492468377294,3.871201010907891,11.526877468770197,0.19148936170212766,6,0.5746831674800604,0.3631279313183187,0.0,0.0,1.0,2.0,1.0,0,0,0,0,0,0,0
1.0,-0.14457121632986883,2.8903717578961645,11.86729705233641,0.5294117647058824,6,0.40514584441067003,0.5603035451989234,0.0,0.0014105782933723555,1.0,2.0,1.0,0,1,0,0,1,0,0
1.0,-0.4579531852597237,5.236441962829949,11.05801143431512,0.23529411764705882,6,0.41078951461908364,0.8341283319609507,0.0,0.0,1.0,1.0,2.0,0,1,0,0,0,0,0
1.0,-0.5582907067135716,3.8501476017100584,11.882156468031567,0.2608695652173913,7,0.5407317315080955,0.8856652140969888,0.0,0.01180541066255747,1.0,2.0,1.0,0,1,0,0,0,0,0
1.0,-0.509180991951332,5.58724865840025,11.208927551492106,0.12030075187969924,6,0.4080559002267175,0.8971244223608915,0.0,0.0,1.0,2.0,1.0,0,1,0,0,1,0,0
1.0,-0.3245849200526786,3.9318256327243257,11.880696597867393,0.2,6,0.584821395720113,0.6535954897655343,0.0,0.0,1.0,2.0,1.0,0,1,0,0,0,0,0
1.0,-0.2618108549078484,6.80128303447162,11.074624639333367,0.05790645879732739,9,0.09970468482029901,0.7758241323476086,0.6,0.031407309363004926,1.0,2.0,1.0,0,0,0,0,1,0,0
1.0,4.540772824829071,1.6094379124341003,13.07309277284189,1.0,9,-0.30870943258579525,0.9868681398623731,1.0,30.43067974138778,1.0,2.0,1.0,0,0,0,1,0,0,0
1.0,-0.5083324165031825,3.7612001156935624,9.875876518827946,0.09523809523809523,9,0.49357560157652497,0.8738963775973525,0.0,0.0,1.0,2.0,2.0,0,1,0,0,1,0,0
1.0,-0.658220413139214,4.7535901911063645,10.072813435980084,0.10434782608695652,9,0.34590323734320255,0.9748029640462381,0.0,0.029593608838998697,1.0,2.0,2.0,0,1,0,0,1,0,0
1.0,0.680202669447094,2.5649493574615367,12.980992958791228,0.25,10,0.4141009326197282,0.7170662895752999,1.0,0.0,1.0,2.0,2.0,0,1,0,0,0,0,0
1.0,-0.43112052214653396,3.4657359027997265,12.787981226000214,0.3548387096774194,9,0.6563031395979299,0.953905886505479,0.0,0.0,1.0,2.0,1.0,0,1,0,0,0,0,0
1.0,5.914200771865216,0.6931471805599453,16.36411326474156,1.0,9,0.1371632256221326,0.8563419035719144,1.0,2.6840200523420723,1.0,2.0,1.0,0,0,0,1,0,0,0
1.0,-0.32891730391932467,2.6390573296152584,11.756096052788129,0.15384615384615385,9,0.2400769730405061,0.9432219507207791,0.0,0.0,1.0,2.0,1.0,0,1,0,0,1,0,0
1.0,-0.469010026283425,3.58351893845611,10.434170423955319,0.17142857142857143,8,0.7006686779292507,0.762211877011504,0.0,0.0,1.0,2.0,2.0,0,1,0,0,1,0,0
1.0,-0.4889732228601043,5.638354669333745,10.61532942893563,0.28214285714285714,8,0.41820198918287377,0.8085939355380346,0.88,0.05822729607216147,1.0,2.0,1.0,0,1,0,0,0,0,0
1.0,0.10270486578859855,2.4849066497880004,10.716955958962027,0.9090909090909091,8,0.22977561670038607,0.5434511442890335,0.0,0.0,1.0,2.0,2.0,0,1,0,0,1,0,0
1.0,1.8345919490903468,3.091042453358316,12.880076688425696,0.09523809523809523,9,0.6752220833233804,0.5721677244643845,0.3,0.0,1.0,2.0,1.0,0,1,0,0,1,0,0
1.0,-0.4933287156601688,3.871201010907891,10.99440685071108,0.1276595744680851,8,0.5630531859781365,0.5213469261441239,0.0,0.0,1.0,2.0,2.0,0,1,0,0,0,0,0
1.0,-0.20479996413174223,3.713572066704308,12.120875803094712,0.25,8,0.6147095594646941,0.7798533528107923,1.0,0.001435829079286525,1.0,2.0,1.0,0,1,0,0,1,0,0
1.0,5.914200771865216,0.6931471805599453,14.756000512439293,0.0,8,0.2494145875468709,0.5572167333337238,0.0,0.019846707873641036,1.0,2.0,2.0,0,1,0,0,1,0,0
1.0,0.48104910181111826,3.091042453358316,12.861200571848322,0.2857142857142857,8,0.421077816519993,0.2946249925184985,0.0,0.0,1.0,2.0,1.0,0,1,0,0,0,0,0
1.0,-0.390635506387487,2.0794415416798357,11.440248775734563,0.0,8,0.7994102139277043,1.2443464982087002,0.0,0.0,2.0,2.0,2.0,0,1,0,0,1,0,0
1.0,3.8197407798668817,0.6931471805599453,14.367858283118503,1.0,8,0.5132255102628643,0.6133201252960009,0.0,0.0,1.0,2.0,1.0,0,1,0,0,1,0,0
1.0,-0.1149476110971066,1.3862943611198906,12.741566491345187,0.6666666666666666,8,0.8824901252879124,0.3027829052891201,0.0,0.0,2.0,2.0,2.0,0,1,0,0,0,0,0
1.0,-0.5488094667919972,2.9444389791664403,8.972900671516037,0.2777777777777778,8,0.13285474547827708,0.5272795164085727,0.0,0.0,2.0,2.0,2.0,0,1,0,0,1,0,0
1.0,-0.452946023777147,5.043425116919247,9.651182234599352,0.03896103896103896,8,0.37327874244138515,0.8753450125343236,0.0,0.0,1.0,2.0,2.0,1,0,0,0,1,0,0
1.0,-0.5074550982793109,4.060443010546419,11.056226617487782,0.10526315789473684,8,0.745539152204789,0.7775122307666312,0.0,0.000568978660021518,1.0,2.0,1.0,0,1,0,0,1,0,0
1.0,0.24534272375245636,2.833213344056216,12.677921446399237,0.25,8,0.5109443283923063,0.7376429005895381,0.0,0.0,1.0,2.0,1.0,0,1,0,0,0,0,0
1.0,0.28399397107954083,1.9459101490553132,13.104243872862025,1.0,8,0.29931086131534035,0.9372141372141373,0.0,0.0,1.0,2.0,1.0,0,1,0,0,0,0,0
1.0,-0.43865305885515987,4.51085950651685,10.953405311350588,0.17777777777777778,9,0.28662820330271055,0.9784171864570693,0.0,0.0,1.0,2.0,2.0,0,1,0,0,1,0,0
1.0,-0.4130447700988035,2.6390573296152584,12.003576481494846,0.07692307692307693,10,0.37262373906362306,0.9826347615594005,0.0,0.016620158121118254,1.0,2.0,2.0,0,1,0,0,0,0,0
1.0,-0.456681113430919,4.204692619390966,10.583396738643131,0.22727272727272727,9,0.2360021273705502,0.9064714787564639,0.0,0.016706731264138932,2.0,1.0,1.0,0,0,0,0,0,0,0
1.0,-0.6018270468589675,4.127134385045092,11.121282746615949,0.22950819672131148,8,0.5795646366888578,0.8842980718649343,0.0,8.031898945756586e-05,1.0,2.0,1.0,0,1,0,0,0,0,0
1.0,-0.45342461485375196,4.174387269895637,11.300065767164025,0.03125,8,0.26731505945756134,0.7899674860778204,0.0,0.0,1.0,2.0,1.0,1,0,0,0,1,0,0
1.0,0.2933656632475721,3.6635616461296463,12.168326507813852,0.42105263157894735,8,0.44073777435502504,0.4426290145520123,1.0,0.0,1.0,2.0,1.0,0,1,0,0,0,0,0
1.0,-0.5637866709056257,3.091042453358316,10.751809378287732,0.19047619047619047,8,0.35087457077277795,0.783986062959297,0.0,0.0,2.0,2.0,2.0,0,1,0,0,1,0,0
1.0,-0.6141784715990259,4.532599493153256,10.890530882032913,0.010869565217391304,8,0.8322799708599398,0.8984167010994175,0.0,0.0,1.0,2.0,2.0,0,1,0,0,1,0,0
1.0,0.3760452562832535,4.983606621708336,8.219773749341481,0.42758620689655175,8,0.9799821103255056,2.178492614278072,0.99,1.4130579552437936,2.0,2.0,1.0,0,0,0,1,0,0,0
1.0,0.0191933574338873,5.762051382780177,14.367070956194596,0.722397476340694,8,0.5673560842461043,0.7705527511988185,1.0,1.9773501867856056,1.0,2.0,2.0,0,0,0,1,1,0,0
1.0,0.03815565937695942,6.703188113240863,13.286380362021136,0.14004914004914004,8,0.36102673196800433,0.9113963910251703,0.0,1.7763729946182945,1.0,2.0,2.0,0,0,0,1,1,0,0
1.0,-0.5024987520594846,3.1354942159291497,12.924251405614951,0.13636363636363635,8,0.6035105041143624,0.8606982173184281,0.0,0.0,1.0,2.0,2.0,0,1,0,0,1,0,0
1.0,-0.5456710244207925,3.4011973816621555,11.839738889818811,0.13793103448275862,8,0.286337058657512,0.6238098257996566,0.0,0.0,1.0,2.0,2.0,0,1,0,0,1,0,0
1.0,-0.5563954550335908,4.189654742026425,9.84594807062385,0.13846153846153847,8,0.3704189438337113,1.414105577940835,0.0,0.08058909711677026,1.0,2.0,2.0,0,1,0,0,0,0,0
1.0,-0.48028525012376977,2.4849066497880004,11.068469071933569,0.18181818181818182,8,0.6536253840257366,0.47632638998183696,0.0,0.0,1.0,2.0,2.0,0,1,0,0,1,0,0
1.0,-0.3917471533003102,4.04305126783455,9.481643956996528,0.017857142857142856,8,0.06773855323000644,0.4488380230393979,0.0,0.0,2.0,2.0,2.0,0,0,0,0,0,0,0
1.0,-0.04326666475384568,5.14166355650266,12.559971336300796,0.1,8,0.1760138025688351,0.8294887714969418,0.0,0.026958612100522975,1.0,2.0,2.0,0,0,0,0,0,0,0
1.0,-0.6312703470196419,3.044522437723423,10.78397388899245,0.05,8,0.4126440095413116,0.8308473490607986,0.0,0.0,2.0,2.0,2.0,0,1,0,0,1,0,0
1.0,-0.13810540446257408,3.6888794541139363,11.981725325104767,0.358974358974359,8,0.5759552874606514,0.4113527352147324,0.0,0.0,1.0,2.0,1.0,0,1,0,0,1,0,0
1.0,0.45530943246498073,3.828641396489095,12.448010123852306,0.5111111111111111,8,0.46996610316854076,0.6341289563136058,0.0,0.0,1.0,2.0,2.0,0,1,0,0,1,0,0
1.0,0.08344771641375054,3.9512437185814275,12.441828638288687,0.0196078431372549,8,0.5694852965809274,0.6048856485738291,0.0,0.0,1.0,2.0,1.0,0,1,0,0,1,0,0
1.0,0.6360262839234003,2.8903717578961645,12.783733214133283,0.35294117647058826,8,0.16902412112083132,0.5588801457300732,0.6,0.0,1.0,2.0,1.0,0,0,0,0,1,0,0
1.0,-0.5843373757795083,3.8918202981106265,10.913950316770459,0.25,8,0.5657593285997785,0.876250545611614,0.0,0.0,1.0,2.0,2.0,0,1,0,0,1,0,0
1.0,1.1724533378787356,3.1354942159291497,12.767005747244864,0.9545454545454546,8,0.6642989273257837,0.8598343633205571,1.0,0.0,1.0,2.0,1.0,0,1,0,0,0,0,0
1.0,-0.557100879699146,2.6390573296152584,12.76805266942297,0.0,8,0.46957368903899394,0.6765072114124914,0.0,0.00016742817258795368,1.0,2.0,1.0,0,1,0,0,0,0,0
1.0,0.1284942309269228,1.0986122886681098,13.118661534029114,0.0,8,0.03211758988696679,0.9901987648335898,0.0,0.0,2.0,2.0,1.0,0,1,0,0,1,0,0
1.0,0.19140248342879662,3.4339872044851463,12.746679862251995,0.3,8,0.22069786172133693,0.949188066895969,0.0,1.2440494129262318,1.0,2.0,1.0,0,0,0,1,0,0,0
1.0,3.2861660185256865,0.6931471805599453,15.03261585242254,0.0,8,0.1273394306964835,0.8570724309497613,0.0,0.0,1.0,2.0,2.0,0,1,0,0,1,0,0
1.0,0.3182437922168285,1.791759469228055,12.332483245380304,0.2,8,0.11665213328895381,0.6323282011874054,0.0,0.0,1.0,2.0,1.0,0,1,0,0,1,0,0
1.0,-0.3931313240839337,4.5217885770490405,10.060718100082608,0.14285714285714285,8,0.14945308800803112,0.41106643277841215,1.0,0.0,1.0,2.0,2.0,0,1,0,0,1,0,0
1.0,0.05431114666945472,2.8903717578961645,13.050668076128535,0.11764705882352941,8,0.014461990428769075,1.080426385247752,0.0,0.04361802457585917,1.0,2.0,2.0,0,1,0,0,0,0,0
1.0,-0.5752252898997678,4.110873864173311,11.49164207188132,0.26666666666666666,8,0.6024943408243891,0.5547131404665869,0.0,0.0027559290824978777,1.0,2.0,2.0,0,1,0,0,1,0,0
1.0,-0.07350237252879083,3.784189633918261,11.881566873164186,0.46511627906976744,8,0.2397283783698935,0.9240804379899253,0.07,0.0,1.0,2.0,1.0,0,0,0,0,1,0,0
1.0,-0.1459004655826253,4.060443010546419,12.663174822262087,0.15789473684210525,8,0.46019394137545383,0.9714455053422911,1.0,0.11413868152888337,1.0,2.0,1.0,0,0,0,1,1,0,0
1.0,2.3296537251973204,2.0794415416798357,11.061212957125305,0.7142857142857143,8,0.030127018743199334,0.9667840446709712,1.0,1.0,1.0,2.0,1.0,0,0,0,1,0,0,0
1.0,-0.1365872570896769,3.258096538021482,11.20275290014723,0.36,8,-0.6203599594779204,5.105123832963503,0.0,0.18914650763487048,1.0,2.0,1.0,0,0,0,1,1,0,0
1.0,-0.6759798829406637,3.6888794541139363,10.260832015886455,0.1282051282051282,8,0.6569826412742341,0.4412216040818194,0.0,0.0,2.0,2.0,2.0,0,1,0,0,1,0,0
1.0,-0.599695581792202,3.4965075614664802,10.989706168445846,0.125,8,0.6939644680361733,0.9281718951294587,0.0,0.0,1.0,2.0,2.0,0,1,0,0,0,0,0
1.0,-0.5640068686112016,4.290459441148391,11.065476446259238,0.08333333333333333,8,0.711629198830746,0.7934865619847316,0.0,0.0,1.0,2.0,2.0,0,1,0,0,0,0,0
1.0,4.543104174606523,1.6094379124341003,14.328131319505871,1.0,17,0.8106058803661153,0.33848368253361727,0.0,0.15597862572526802,1.0,2.0,1.0,0,1,0,0,1,0,0
1.0,-0.5287645641848524,2.9444389791664403,11.51601457763376,0.05555555555555555,8,0.7159053479196306,0.8835208753449778,0.0,0.002719911250400833,2.0,2.0,2.0,0,1,0,0,1,0,0
1.0,0.9433008631105788,3.6109179126442243,12.185550159197637,0.1388888888888889,8,0.08191492468702778,0.7475713482894387,0.0,0.0,1.0,2.0,2.0,0,0,0,0,1,0,0
1.0,-0.13426728020989762,1.791759469228055,11.770119463541288,0.0,8,0.07291083188391502,0.8804286136245193,0.52,0.0,1.0,2.0,2.0,0,1,0,0,1,0,0
1.0,-0.739362718052786,1.0986122886681098,13.437996406808839,1.0,8,1.0,0.31434041389370043,0.0,0.0,1.0,2.0,2.0,0,1,0,0,1,0,0
1.0,-0.6166754156713847,3.4339872044851463,12.019717163388718,0.06666666666666667,8,0.7729779859632026,0.946069161645924,0.0,0.0,1.0,2.0,2.0,0,1,0,0,1,0,0
1.0,-0.5605061665286628,3.8501476017100584,10.595880100606498,0.15217391304347827,8,0.5390528908015959,0.6655572875817349,0.0,0.0,1.0,2.0,1.0,0,1,0,0,1,0,0
1.0,-0.2303112144994658,3.8501476017100584,12.517858185692583,0.5869565217391305,8,0.6922818548567543,0.7029660950182407,0.0,0.0017022559461774926,1.0,2.0,2.0,0,1,0,0,1,0,0
1.0,-0.4078595856147629,4.2626798770413155,10.672506225863435,0.42857142857142855,8,0.6401744872378147,1.0276421827581401,0.0,0.178346170912943,1.0,2.0,1.0,0,0,0,1,0,0,0
1.0,0.17153535208378135,2.70805020110221,13.258191006658468,0.2857142857142857,8,0.6456608094171913,0.5172297336480937,0.0,0.0,2.0,2.0,2.0,0,1,0,0,0,0,0
1.0,-0.6388383650392512,1.6094379124341003,0.0,0.25,8,-0.058782703533406866,0.0,0.0,0.0,1.0,2.0,2.0,0,1,0,0,0,0,0
1.0,-0.4055875646723238,2.8903717578961645,11.927103096813125,0.23529411764705882,8,0.7306238496140492,0.8456243583069918,0.0,0.0,1.0,2.0,1.0,0,1,0,0,1,0,0
1.0,-0.23574967980036315,5.605802066295998,11.998464617189692,0.05166051660516605,8,0.26134769979766137,0.5228156956546924,0.0,0.00034912009976300804,1.0,2.0,1.0,0,1,0,0,1,0,0
1.0,-0.02340626640200203,5.111987788356544,12.575975471570901,0.47878787878787876,8,0.46408272585007476,0.39138783224393914,0.0,4.520813323577034,1.0,2.0,2.0,0,0,0,1,1,0,0
1.0,1.678949428051876,1.3862943611198906,14.65642048746708,0.6666666666666666,7,0.3623906881132055,0.8258725851939436,1.0,0.0018596082779067298,1.0,2.0,1.0,0,1,0,0,0,0,0
1.0,0.34357415814090464,5.25227342804663,12.173770313513351,0.07894736842105263,7,0.15288837829967014,0.816018048520688,1.0,0.0,1.0,2.0,2.0,0,0,0,0,1,0,0
1.0,-0.2118502344492341,5.043425116919247,11.77233782440236,0.14285714285714285,7,0.21395509083606648,0.6631735263993953,0.0,0.0,1.0,2.0,2.0,0,0,0,0,1,0,0
1.0,-0.03528540058659893,4.060443010546419,11.75482121247002,0.19298245614035087,7,0.3429618370290199,0.6719089045406541,0.0,0.0,1.0,2.0,2.0,0,0,0,0,1,0,0
1.0,-0.549599800824994,5.501258210544727,10.360953252652106,0.01639344262295082,7,0.2227193823816923,0.8496016650604095,0.0,0.0,2.0,2.0,2.0,0,0,0,0,1,0,0
1.0,-0.23925177099791423,4.61512051684126,12.203892621002526,0.1,7,0.11183381999073787,0.8005594410640384,0.0,0.021211544317995813,2.0,2.0,1.0,0,0,0,0,0,0,0
1.0,-0.32370234148553184,1.6094379124341003,14.965438549102204,0.0,7,0.3494943472091931,0.9470953520851801,0.0,0.0,2.0,2.0,2.0,0,1,0,0,0,0,0
1.0,-0.2849858204867107,2.0794415416798357,12.808408511199943,0.8571428571428571,7,0.23528284028313465,0.9368773037926416,0.0,0.0,1.0,2.0,2.0,0,1,0,0,1,0,0
1.0,-0.33630250433772724,3.044522437723423,12.000596477814703,0.95,7,0.35993168948977766,0.7712834255137675,0.0,0.0,1.0,2.0,2.0,0,1,0,0,0,0,0
1.0,-0.387437204726385,1.9459101490553132,13.06668469175583,0.0,7,0.5781888473443739,0.9093434661146359,0.0,0.030146992894961804,1.0,2.0,2.0,0,1,0,0,0,0,0
1.0,-0.441510607232832,4.584967478670572,10.493883068012789,1.0,7,0.3167457775422083,0.49214415778236376,0.0,0.0,1.0,2.0,1.0,0,1,0,0,1,0,0
1.0,0.49729970721172684,1.9459101490553132,10.522544068484883,0.3333333333333333,7,0.8661441465611406,10.092620762379125,0.0,0.0,1.0,2.0,1.0,0,1,0,0,0,0,0
1.0,-0.6049194986820765,5.204006687076795,11.392865169817307,0.011049723756906077,7,0.6917339429549345,0.991943364956796,1.0,0.0,1.0,2.0,1.0,0,1,0,0,1,0,0
1.0,-0.39235879939523377,5.3471075307174685,10.815943092564856,0.014354066985645933,7,0.31890758827417753,0.6219455916017518,0.0,0.0,1.0,2.0,2.0,0,0,0,0,1,0,0
1.0,-0.6381087292708794,3.6635616461296463,11.944594751278409,0.13157894736842105,7,0.4275997629247286,0.3688860595081435,0.0,0.004247717793094852,1.0,2.0,2.0,0,1,0,0,1,0,0
1.0,-0.4353926691378862,2.5649493574615367,10.584920555913499,0.08333333333333333,7,0.4784140816595994,0.8481106581393683,0.0,0.0,2.0,2.0,2.0,0,1,0,0,0,0,0
1.0,-0.5141973031025255,2.70805020110221,11.565691388792304,0.42857142857142855,7,0.6109810560626043,0.7267160034746267,0.0,0.006545139361883443,1.0,2.0,2.0,0,1,0,0,1,0,0
1.0,-0.5939349399511451,2.302585092994046,12.879462881083821,0.5555555555555556,8,0.4885789073877849,0.8512790814956182,0.0,0.0,1.0,2.0,2.0,0,1,0,0,0,0,0
1.0,-0.32442299350465975,2.1972245773362196,12.55422153322994,0.0,7,0.42111889382579315,0.6359318554772733,0.0,0.0,1.0,2.0,2.0,0,1,0,0,1,0,0
1.0,-0.6023712377458899,3.044522437723423,11.765319809931157,0.15,7,0.39214955237137983,0.33289461876701265,0.0,0.0011986750163205107,2.0,2.0,2.0,0,1,0,0,1,0,0
1.0,-0.3117147724211349,4.02535169073515,11.740249067683967,0.36363636363636365,7,0.6355444392383728,0.7871605301645789,0.0,0.0,1.0,2.0,1.0,0,1,0,0,0,0,0
1.0,-0.58820090233648,3.044522437723423,11.186682728151698,0.1,7,0.7619163379429834,0.706743161220587,0.0,0.0,2.0,2.0,1.0,0,1,0,0,0,0,0
1.0,0.3085977505226951,1.6094379124341003,13.118373428132644,0.5,8,0.8404119000511752,0.4389357199081139,0.0,0.0,1.0,2.0,2.0,0,1,0,0,1,0,0
1.0,-0.6238404512780662,4.465908118654584,11.285094199285354,0.011627906976744186,7,0.5134799582558529,0.9610023047026623,0.0,0.0,1.0,2.0,1.0,0,1,0,0,1,0,0
1.0,-0.001583221718893718,3.1780538303479458,12.851846755195641,0.43478260869565216,7,0.6906359148830947,0.7701932471704033,0.0,0.0,1.0,1.0,1.0,0,1,0,0,0,0,0
1.0,0.24272071644422294,1.791759469228055,12.576657102111136,0.2,7,0.21258423686967584,0.7739559401784926,0.0,0.0,1.0,2.0,1.0,0,1,0,0,1,0,0
1.0,-0.1793606044424262,1.6094379124341003,12.605875084279772,0.0,7,0.30705135435633835,0.7529022309381338,0.0,0.0,1.0,2.0,1.0,0,1,0,0,1,0,0
1.0,-0.6375268187199018,4.07753744390572,8.95624869168387,0.20689655172413793,8,0.3713451717980765,1.0091506929715741,0.0,0.0,1.0,2.0,1.0,0,1,0,0,0,0,0
1.0,-0.4000414165365952,2.833213344056216,11.951991760204715,0.0,7,0.44580012585147133,0.9896063532711764,0.0,0.0,1.0,2.0,1.0,0,1,0,0,1,0,0
1.0,-0.6227308403761997,4.060443010546419,11.245132474052355,0.2631578947368421,8,0.5145322632675395,0.7100501740498346,0.0,0.0,1.0,2.0,1.0,0,1,0,0,0,0,0
1.0,-0.43762245532920135,1.3862943611198906,11.62180677534995,0.6666666666666666,7,0.5025552240651714,0.3539727239571189,0.0,0.01570011429004484,2.0,2.0,2.0,0,1,0,0,1,0,0
1.0,0.06113030665983166,2.772588722239781,13.792488028341992,0.3333333333333333,7,0.579826214779791,0.7670424280858625,0.0,0.0,1.0,2.0,1.0,0,1,0,0,0,0,0
1.0,-0.08666938139387596,2.302585092994046,11.951477126066182,0.3333333333333333,8,0.4841002479167129,0.4749552997158531,0.0,0.0,1.0,2.0,1.0,0,1,0,0,0,0,0
1.0,0.35541597025265076,3.9512437185814275,12.056532334672333,0.7843137254901961,7,0.3025467383538836,0.5358663413033531,0.3,8565.271617497458,1.0,2.0,2.0,1,0,0,0,0,0,0
1.0,-0.3186831233472446,2.9444389791664403,13.218988449933951,0.16666666666666666,7,0.5403868388271011,0.7982721289037595,0.0,0.0,1.0,2.0,2.0,0,1,0,0,1,0,0
1.0,-0.3700070364597615,2.1972245773362196,11.998780143664955,0.125,7,0.3763822722068313,0.8917161305801177,0.0,0.0,1.0,2.0,1.0,0,1,0,0,0,0,0
1.0,-0.39196014937561274,4.990432586778736,11.382789709640319,0.11643835616438356,7,0.7444889573377949,1.6218130834282563,1.0,0.24214414751022204,1.0,2.0,2.0,0,1,0,0,1,0,0
1.0,-0.601621216513502,3.9889840465642745,10.46010802340548,0.03773584905660377,7,0.6889552193931539,0.8202491728393927,0.0,0.0,1.0,2.0,2.0,0,1,0,0,0,0,0
1.0,-0.4170674185602,4.343805421853684,11.208696186898194,0.21052631578947367,7,0.338460776997249,0.6776259051962398,0.0,1.0383226738025175,1.0,2.0,1.0,0,0,1,0,0,0,0
1.0,0.09441604678167673,3.4011973816621555,12.729179680999696,0.3448275862068966,9,0.5702877458298873,0.4491815423728987,1.0,0.0,1.0,2.0,2.0,0,0,0,0,0,0,0
1.0,-0.6196364888525882,2.3978952727983707,10.565107945641328,0.0,7,0.4807333907906271,0.7947757343075939,0.0,0.0,1.0,2.0,2.0,0,1,0,0,1,0,0
1.0,5.914200771865216,2.3978952727983707,12.757735751696481,0.5,7,0.08594276180657023,1.164344839940258,0.99,986.064221420625,1.0,2.0,1.0,0,0,0,1,0,0,0
1.0,0.5106610825427028,3.4965075614664802,12.100205230587276,1.0,7,0.5369067677189232,0.5796586063450215,1.0,0.09340280808417001,1.0,2.0,1.0,0,1,0,0,1,0,0
1.0,-0.38947311257478834,3.6109179126442243,12.817905824553762,0.08333333333333333,7,0.7003363491038679,0.8388500099130842,0.0,0.0,1.0,2.0,2.0,0,1,0,0,1,0,0
1.0,-0.575968790238763,2.70805020110221,11.953325098988946,0.07142857142857142,7,0.4777676266687932,0.8494384140859772,0.0,0.0,1.0,2.0,2.0,0,1,0,0,1,0,0
1.0,2.637209005020063,1.0986122886681098,15.638448471797332,0.0,7,0.8110064557525778,0.8402156117031352,0.0,0.0,1.0,2.0,2.0,0,1,0,0,1,0,0
1.0,-0.07385928416921954,2.0794415416798357,12.940847324676279,0.14285714285714285,7,0.8622970760623696,0.8617209259303668,0.0,0.0006270882371526516,1.0,2.0,2.0,0,1,0,0,1,0,0
1.0,-0.4874747594777452,3.970291913552122,11.504851418947116,0.11538461538461539,7,0.5793179782855878,0.9213319860755793,0.0,0.00094865203275212,1.0,2.0,2.0,0,1,0,0,1,0,0
1.0,-0.5119061642384054,2.1972245773362196,11.981726027070813,0.0,7,0.24811192019101788,0.8979188128151758,0.0,0.0,1.0,2.0,1.0,0,1,0,0,1,0,0
1.0,-0.29034781475305327,6.3818160174060985,12.499785820536182,0.20677966101694914,7,0.2177870267527584,0.5491585392338848,1.0,0.0,1.0,2.0,2.0,0,0,0,0,1,0,0
1.0,-0.13904236425284972,4.897839799950911,12.137348454379369,0.21804511278195488,7,0.2979724428059933,0.7246912349815499,0.0,0.0,1.0,2.0,2.0,0,0,0,0,1,0,0
1.0,2.050321391580208,5.267858159063328,13.684155767434712,0.39378238341968913,7,0.27118967010761336,0.43084985704648754,1.0,0.0,1.0,1.0,1.0,0,0,0,0,1,0,0
1.0,2.0459487647142005,2.302585092994046,14.265397856547407,0.4444444444444444,7,0.0679957263069492,1.032367335283752,1.0,0.0,1.0,2.0,1.0,0,1,0,0,0,0,0
1.0,-0.5490893080434829,4.564348191467836,10.859126722199948,0.22105263157894736,7,0.580734730369983,0.8882414782525621,0.0,0.0,1.0,2.0,1.0,0,1,0,0,1,0,0
1.0,-0.7242962945667597,3.091042453358316,10.664593736992726,0.047619047619047616,7,0.5344103986811083,0.6933148248871863,0.0,0.0,2.0,2.0,2.0,0,1,0,0,1,0,0
1.0,-0.6821377089585445,3.367295829986474,8.46871547842885,0.10714285714285714,7,0.6821621708750071,0.9139088243455046,0.0,0.0,2.0,2.0,2.0,0,1,0,0,0,0,0
1.0,0.07403780858008921,4.948759890378168,11.127713407912317,0.1,7,0.16778746858989652,1.4365368496439945,0.0,0.0,2.0,2.0,2.0,0,1,0,0,1,0,0
1.0,-0.2218792700417424,3.367295829986474,12.03421550241909,0.03571428571428571,7,0.6552149603352514,0.8573652133106038,0.0,0.048088076112649196,1.0,2.0,1.0,0,1,0,0,0,0,0
1.0,-0.15423776991438415,3.367295829986474,12.329198525597052,0.17857142857142858,7,0.4633185396110052,0.7908510982957572,0.0,0.013228894139016368,1.0,2.0,2.0,0,1,0,0,1,0,0
1.0,1.287136906700757,2.6390573296152584,12.468004272044663,0.8461538461538461,7,0.11191162098593001,1.0128807689746264,0.99,8.1056050394986,1.0,2.0,1.0,0,0,0,1,1,0,0
1.0,1.2373034022200606,2.1972245773362196,11.827501688262311,0.25,6,0.08607285097297321,0.6783474106421717,0.0,0.0,2.0,2.0,2.0,0,0,0,0,1,0,0
1.0,-0.18326100182714883,5.030437921392435,9.509041933855652,0.3157894736842105,6,0.3207929604897812,0.8128738766922519,0.0,0.0,1.0,2.0,1.0,0,0,1,0,1,0,0
1.0,1.0057648471186453,4.356708826689592,14.044329971056696,0.2857142857142857,6,0.39468727832733497,0.8930775353128457,1.0,1.1014285753888842,1.0,2.0,2.0,0,0,1,0,1,0,0
1.0,0.2986483397324862,1.0986122886681098,13.636928600145783,1.0,6,0.37276226736888884,1.2918371531266792,0.06,0.022577474855550957,1.0,2.0,2.0,0,1,0,0,0,0,0
1.0,-0.484318798504506,4.7535901911063645,12.146665562104273,0.12173913043478261,6,0.39805560232800813,0.888070288828899,0.0,0.0,1.0,2.0,2.0,0,1,0,0,1,0,0
1.0,-0.32668501929286586,3.091042453358316,11.965994243771238,0.38095238095238093,6,0.5736851068498913,0.5907644396630662,0.0,0.0,1.0,2.0,2.0,0,1,0,0,1,0,0
1.0,-0.6102265572534578,2.995732273553991,11.168541592680711,0.2631578947368421,6,0.7449029346068529,0.7066484753373553,0.0,0.0,1.0,2.0,2.0,0,1,0,0,1,0,0
1.0,-0.07172899552487386,3.367295829986474,12.421306425489993,0.39285714285714285,6,0.8101123309882169,0.54613077196219,1.0,0.00024626918145868165,1.0,2.0,1.0,0,1,0,0,0,0,0
1.0,-0.6235121701355419,2.995732273553991,11.856052202932036,0.15789473684210525,6,0.7722742570675665,0.8983422967344489,0.0,0.002844978378630209,1.0,2.0,1.0,0,1,0,0,0,0,0
1.0,-0.3730268142072954,4.02535169073515,11.44240642948723,0.07272727272727272,6,0.5622207840038331,0.7951381829888108,1.0,0.0,1.0,2.0,2.0,0,1,0,0,0,0,0
1.0,-0.5778386587774185,2.4849066497880004,9.806150319647172,0.09090909090909091,6,0.5632902028713915,0.3052900032066699,0.0,0.0,2.0,2.0,2.0,0,1,0,0,0,0,0
1.0,-0.604368695327209,2.6390573296152584,11.156718543360089,0.07692307692307693,20,0.5312941876907048,0.16872013031448366,0.0,0.0,2.0,2.0,2.0,0,1,0,0,0,0,0
1.0,-0.6088076800343054,2.995732273553991,10.121834354663601,0.10526315789473684,6,0.5332228109752899,0.8012959374497576,0.0,0.0,1.0,2.0,2.0,0,1,0,0,0,0,0
1.0,-0.48429229464006124,6.8690144506657065,10.126506559154283,0.14360041623309053,6,0.3559362264593381,1.0798900231118151,0.0,128518.36309523809,1.0,2.0,1.0,0,0,0,1,1,0,0
1.0,-0.28221116757396036,4.219507705176107,10.881809186485636,0.13432835820895522,6,0.031889905872629506,0.765699291056323,0.0,0.0,1.0,2.0,2.0,0,0,0,0,1,0,0
1.0,4.408850040588189,1.9459101490553132,13.703574023165912,0.5,6,0.025370737843401638,0.9665225739104499,0.0,103.322320984354,1.0,2.0,1.0,0,0,0,1,0,0,0
1.0,0.347932057674314,4.189654742026425,10.893398423306994,0.5230769230769231,6,0.4256342090119745,0.25084871540677167,1.0,33.45536672594271,1.0,2.0,2.0,0,0,0,1,0,0,0
1.0,1.847547762108511,3.58351893845611,13.794837010956169,0.0,6,0.04723929268643945,0.9833092981852459,0.0,46.86881891967534,2.0,2.0,2.0,0,0,0,1,1,0,0
1.0,0.23280710600892784,2.302585092994046,13.442461170453523,0.6666666666666666,5,0.12707503332884998,0.9962697283754287,0.0,0.0,1.0,2.0,2.0,0,1,0,0,1,0,0
1.0,-0.6218184575717122,2.70805020110221,10.478054281373705,0.0,5,0.3351550059957931,0.9953233728815944,0.0,0.0,1.0,2.0,2.0,0,1,0,0,1,0,0
1.0,0.6421269781555502,2.772588722239781,12.507749334921625,0.6,5,0.8255565073128057,0.5203595245684737,0.0,0.0,1.0,2.0,2.0,0,1,0,0,1,0,0
1.0,-0.45698513297040333,3.828641396489095,12.09078935789869,0.2,5,0.2580983678470405,1.0043900369801513,0.0,0.0,1.0,2.0,1.0,0,1,0,0,0,0,0
1.0,0.46584498294130955,4.356708826689592,13.67641550161275,0.14285714285714285,5,0.253114727568005,0.9343500448171667,1.0,4.139250863863897,1.0,1.0,2.0,0,0,0,0,1,0,0
1.0,-0.4396129993782182,3.9318256327243257,11.442693969562427,0.04,5,0.6513293298731969,0.9304003141064701,0.0,0.0,1.0,2.0,2.0,0,1,0,0,0,0,0
1.0,-0.5700394241768549,3.6888794541139363,10.046237223411753,0.1794871794871795,5,0.6508001079536853,0.9284506666518461,0.0,0.0,1.0,2.0,2.0,0,1,0,0,0,0,0
1.0,-0.18316785744847452,3.1354942159291497,12.768849535808936,0.3181818181818182,5,-0.25191264818033754,0.8808796641584535,0.99,0.0,1.0,2.0,2.0,0,1,0,0,1,0,0
1.0,0.80919951602613,3.367295829986474,11.505594012573592,0.25,5,0.15963234259373554,0.5713413004192452,0.0,7.5058252836886465,1.0,2.0,1.0,0,0,0,1,1,0,0
1.0,1.4248573387787924,2.8903717578961645,12.558781676799713,0.11764705882352941,6,0.1406453797756614,0.9481359788056846,1.0,0.0,1.0,2.0,1.0,0,1,0,0,0,0,0
1.0,-0.6538201051347239,3.4339872044851463,11.107763310966835,0.06666666666666667,5,0.5196398666645401,0.6770964962090917,0.0,0.0,1.0,2.0,1.0,0,1,0,0,1,0,0
1.0,-0.22525441951018618,2.9444389791664403,11.733809576783466,0.16666666666666666,5,0.3166062044198039,0.8790625345226344,0.0,0.0,2.0,2.0,1.0,0,1,0,0,1,0,0
1.0,-0.08358496447465229,2.772588722239781,13.28777001346126,0.13333333333333333,5,0.3599376471541175,0.864621561389038,0.0,0.0,2.0,2.0,1.0,0,1,0,0,0,0,0
1.0,-0.3191913153338535,3.091042453358316,11.021021283607872,0.42857142857142855,5,-0.3308331082992156,1.4384045132304346,0.0,0.0,2.0,2.0,1.0,0,1,0,0,1,0,0
1.0,-0.4847418223762505,4.219507705176107,10.954857508376337,0.31343283582089554,5,0.42739849073211955,0.9558289552437321,0.0,0.02848754036601398,1.0,2.0,2.0,0,1,0,0,0,0,0
1.0,-0.44335983603031753,3.091042453358316,11.799339948656433,0.14285714285714285,5,0.7589355003703835,0.8018564370597961,0.0,0.00037032934145771597,2.0,2.0,2.0,0,1,0,0,0,0,0
1.0,0.5589497447304907,3.367295829986474,13.064128527271802,0.5,5,0.2210372195380577,0.8435864741959949,0.0,0.0,2.0,2.0,2.0,0,0,1,0,1,0,0
1.0,-0.6392696454133133,1.9459101490553132,10.243174853390288,0.0,5,0.34254685689919967,0.5514225531788649,0.0,0.0,2.0,2.0,2.0,0,1,0,0,1,0,0
1.0,-0.23844084316215694,4.330733340286331,12.003682331630642,0.25333333333333335,5,0.3912400764868133,0.7361883370664616,0.0,0.33605389724074847,1.0,2.0,2.0,0,0,0,0,1,0,0
1.0,-0.6349934375938763,8.449984441722787,10.93393902077102,0.07274283269148481,6,0.595929141372873,1.1043248358727118,1.0,0.0003233025077755053,1.0,2.0,2.0,0,1,0,0,1,0,0
1.0,-0.29614224616068185,2.1972245773362196,12.905188850962876,0.125,5,0.33660392930010774,0.5506065265675721,0.0,0.0,1.0,2.0,1.0,0,1,0,0,1,0,0
1.0,-0.3362871066536347,3.044522437723423,9.132676083619684,0.3,5,0.621707388495167,7.573523927905532,0.0,0.0,1.0,2.0,1.0,0,1,0,0,1,0,0
1.0,-0.39030447087128445,1.9459101490553132,11.902623591598195,0.16666666666666666,5,0.31572678578920627,0.7702273920184216,0.0,0.004719211853112647,1.0,2.0,2.0,0,1,0,0,1,0,0
1.0,-0.08661523559152104,5.159055299214529,11.271839611240352,0.046242774566473986,5,0.3370757039361447,0.4593276159873824,0.7,1.2621314445600322,1.0,2.0,2.0,0,0,0,1,1,0,0
1.0,-0.5074646784589418,3.9318256327243257,10.55138890533891,0.06,5,0.6299787805678171,0.39174616461109873,0.0,0.0,2.0,2.0,2.0,0,1,0,0,0,0,0
1.0,-0.38296868901661846,3.4339872044851463,12.520460668300709,1.0,5,0.5758673766982916,0.9593151387160658,1.0,0.0,1.0,2.0,1.0,0,1,0,0,0,0,0
1.0,-0.7318484290818783,4.356708826689592,10.98679039017037,0.05194805194805195,5,0.6769635043726558,0.9294373822458114,0.0,0.0,1.0,2.0,2.0,0,1,0,0,1,0,0
1.0,0.6306878797966299,3.044522437723423,12.734173587989641,0.4,5,0.42057239161910803,0.6852351589664234,0.0,0.0,1.0,2.0,1.0,0,1,0,0,1,0,0
1.0,-0.5765541278064977,3.871201010907891,11.729800559432359,0.06382978723404255,5,0.1291142399919265,0.7061662922102736,0.0,0.0,1.0,2.0,2.0,0,1,0,0,1,0,0
1.0,-0.4812708462870445,5.365976015021851,11.138053561706753,0.11737089201877934,6,0.5656530133972537,0.7418523584986849,0.0,0.0,1.0,1.0,1.0,0,1,0,0,0,0,0
1.0,-0.10108587830307053,3.9512437185814275,11.597359602159976,0.19607843137254902,5,0.6664045066709469,0.7997246482191785,0.0,0.0,1.0,2.0,1.0,0,0,0,0,1,0,0
1.0,-0.6352759722555658,5.598421958998375,10.724141263095001,0.15985130111524162,5,0.39243415342370636,0.7943814648570957,0.0,0.0,1.0,2.0,1.0,0,1,0,0,1,0,0
1.0,0.5858797178105695,5.8522024797744745,11.44758822340342,0.9913544668587896,5,0.9354726049441227,1.0021218627451283,1.0,1.5715478393968925,2.0,2.0,2.0,0,0,0,1,0,0,0
1.0,-0.4377372272813228,3.332204510175204,11.822272536181183,0.07407407407407407,5,0.562535520241564,0.9647204618439944,0.0,0.0010472344800050298,1.0,2.0,2.0,0,1,0,0,0,0,0
1.0,-0.10566977965359542,2.1972245773362196,13.282182390405543,0.0,5,0.11899135853090836,0.8700601254670068,0.0,0.0,1.0,2.0,1.0,0,1,0,0,1,0,0
1.0,-0.24252225366150146,2.9444389791664403,11.795561075425192,0.1111111111111111,5,0.679790337199619,0.5083569209946308,0.0,0.00154957361572273,1.0,2.0,2.0,0,1,0,0,0,0,0
1.0,-0.501813038288365,4.454347296253507,11.364246786398862,0.17647058823529413,5,0.18169298951469814,0.7460995035769055,0.0,0.0,2.0,2.0,2.0,0,0,0,0,1,0,0
1.0,-0.4380846745517364,3.6635616461296463,11.075893916979851,0.34210526315789475,5,0.6018233235800761,0.5709303765701286,0.0,0.0,1.0,2.0,1.0,0,1,0,0,0,0,0
1.0,4.807271529837841,0.6931471805599453,14.913293836431698,1.0,5,0.10098443646616455,0.18428110236719575,1.0,10.387569634079737,2.0,2.0,2.0,0,0,0,1,1,0,0
1.0,-0.09457646649447382,3.6375861597263857,12.296450904512472,0.0,5,0.7508208800839705,0.4254342884543494,0.5,0.356003297510928,1.0,2.0,1.0,0,1,0,0,1,0,0
1.0,0.17818661253500198,5.961005339623274,12.695557103707856,0.20930232558139536,5,0.10625568559207771,0.7353223921317416,0.99,0.0005721417353773705,1.0,2.0,1.0,0,0,0,0,1,0,0
1.0,-0.20106236995280707,2.302585092994046,11.205397386503646,0.0,5,0.10570135623992304,0.9213210281581378,0.0,0.0,1.0,2.0,1.0,0,1,0,0,1,0,0
1.0,0.3919504561749458,1.6094379124341003,12.75500080945004,0.25,5,0.18229709636560845,0.763102360601626,0.0,0.0,1.0,2.0,2.0,0,1,0,0,1,0,0
1.0,0.016285291011950254,2.8903717578961645,11.758765721590143,0.11764705882352941,5,0.08269642253125012,0.9453473581550904,0.0,0.0,1.0,2.0,2.0,0,1,0,0,1,0,0
1.0,0.2934452235009142,4.852030263919617,13.614085824130902,0.15748031496062992,5,0.36127582092937827,0.7462170656712303,0.0,1.432648325460593,2.0,2.0,2.0,0,0,0,1,1,0,0
1.0,0.16053890942115623,3.258096538021482,12.582290594830933,0.08,5,0.6299857541434787,0.6796617643707308,0.0,0.0,2.0,2.0,1.0,0,1,0,0,1,0,0
1.0,-0.5830343398654986,1.791759469228055,13.411285680452098,0.2,5,0.5191905528538946,0.9388347143715364,0.0,0.0,1.0,2.0,2.0,0,1,0,0,0,0,0
1.0,-0.6165506228419637,4.770684624465665,10.598548925501282,0.4700854700854701,5,0.5669912642767755,0.9622137624364183,0.0,0.0,1.0,2.0,1.0,0,1,0,0,1,0,0
1.0,-0.40516737970610556,3.5553480614894135,12.234638236253812,0.058823529411764705,6,0.4820580900532703,0.8621271676928427,0.0,0.0,1.0,2.0,1.0,0,1,0,0,0,0,0
1.0,0.023862395598913146,2.9444389791664403,12.952776127389328,0.2777777777777778,5,0.41222798848503106,0.8904087623912271,0.0,0.0,1.0,2.0,2.0,0,1,0,0,1,0,0
1.0,1.3811475242502893,3.5263605246161616,12.128646259774394,0.2727272727272727,5,0.4741462230607285,3.396705103847511,1.0,0.0,1.0,2.0,2.0,0,1,0,0,0,0,0
1.0,3.0396751197273497,1.0986122886681098,13.65065773057381,0.5,5,0.013300317282713444,0.7968638618896426,0.25,0.0,1.0,2.0,1.0,0,1,0,0,1,0,0
1.0,-0.5574190854554855,3.295836866004329,10.492715486003856,0.15384615384615385,5,0.575608660405519,0.4894593545028187,0.0,0.0,1.0,2.0,2.0,0,1,0,0,1,0,0
1.0,2.189725838607357,1.3862943611198906,14.191094298478951,0.3333333333333333,5,0.24665535686255569,0.9705620123090449,0.0,0.0,1.0,2.0,1.0,0,1,0,0,1,0,0
1.0,-0.5569819887609974,1.9459101490553132,11.40165306406062,0.0,5,0.2253948506657392,0.9550735733805753,0.0,0.0,2.0,2.0,2.0,0,1,0,0,1,0,0
1.0,-0.6145976754905881,3.9512437185814275,10.611367339989728,0.23529411764705882,5,0.41339378489356937,0.607703699982514,0.0,0.0,1.0,2.0,2.0,0,1,0,0,1,0,0
1.0,-0.32975441086078755,1.9459101490553132,13.768304163968496,0.16666666666666666,5,-0.39335617600162837,1.0073119929859102,1.0,0.0,1.0,2.0,1.0,0,1,0,0,1,0,0
1.0,-0.39725050420162833,2.1972245773362196,11.604159165393076,0.5,5,0.42981932196987727,0.6478790797022405,0.0,0.0,1.0,2.0,1.0,0,1,0,0,1,0,0
1.0,4.524617881828011,1.791759469228055,13.706269634363467,0.8,5,0.19590289676540573,0.7072978496473115,0.0,0.7180746831947871,1.0,2.0,2.0,0,0,0,1,0,0,0
1.0,2.75153039096665,0.6931471805599453,16.135262356282208,1.0,5,0.7977604590277152,0.6454899702628921,0.0,0.0,1.0,2.0,2.0,0,1,0,0,0,0,0
1.0,3.591180364486183,1.9459101490553132,13.674469130730689,0.3333333333333333,5,0.05483455824859892,0.9094542513751475,0.0,0.0,1.0,2.0,1.0,0,1,0,0,1,0,0
1.0,-0.19386795164811804,3.367295829986474,12.35314260181145,0.39285714285714285,5,0.5203917784820571,0.8193712919332939,0.0,0.0,1.0,2.0,2.0,0,1,0,0,1,0,0
1.0,2.011774588611752,2.833213344056216,12.555170203453857,0.4375,5,0.059293959928335936,0.8974267474030748,1.0,435.90866054756333,1.0,2.0,1.0,0,0,0,1,1,0,0
1.0,-0.5927771035778192,5.43372200355424,9.98947651376199,0.10087719298245613,4,0.5596842243947782,0.8071443204324852,0.21,0.6677571286079602,1.0,2.0,1.0,0,1,0,0,0,0,0
1.0,-0.39601085863180385,3.4657359027997265,11.182558552867995,0.03225806451612903,4,0.5722782633112211,0.6955317205423251,0.0,0.0,2.0,2.0,2.0,0,1,0,0,1,0,0
1.0,-0.5814835934397646,3.091042453358316,12.076361700794012,0.0,5,0.6457981099996046,0.9091757055889246,0.0,0.0,1.0,2.0,2.0,0,1,0,0,0,0,0
1.0,-0.4919351105641301,1.6094379124341003,11.580359789219825,0.75,4,0.5447970368887332,0.615202150035055,0.0,0.0,1.0,2.0,2.0,0,1,0,0,1,0,0
1.0,-0.3779547674632066,2.6390573296152584,12.00437206093987,0.0,4,0.5369827197471465,0.90832207880211,0.0,0.0017377903747856263,1.0,2.0,1.0,0,1,0,0,0,0,0
1.0,-0.6448669577549568,3.9889840465642745,6.688378210463404,0.03773584905660377,4,0.6553759987128802,8.930199731808878,0.0,0.0,1.0,2.0,1.0,0,1,0,0,1,0,0
1.0,-0.6560827004524907,3.091042453358316,9.914613523971918,0.0,4,0.4874892451405594,0.8626700700295282,0.0,0.0,2.0,2.0,2.0,0,1,0,0,1,0,0
1.0,-0.7170144761800127,3.871201010907891,11.082139602883254,0.0,4,0.283778511379326,0.672184498308316,0.0,0.0,1.0,2.0,2.0,0,1,0,0,1,0,0
1.0,-0.16804947345291998,3.1354942159291497,11.83075553057547,0.3181818181818182,4,0.4183393091030719,0.8644123301573357,0.0,0.0,1.0,2.0,2.0,0,1,0,0,1,0,0
1.0,0.1670986389030408,2.4849066497880004,12.168454792564438,0.09090909090909091,4,0.21989690911711568,0.9770125738224166,0.0,0.0,1.0,2.0,1.0,0,1,0,0,1,0,0
1.0,1.7711365401241088,3.5553480614894135,13.44928095362399,0.7941176470588235,4,0.4738490780618956,0.5220469907754625,0.0,0.0,1.0,2.0,2.0,0,1,0,0,0,0,0
1.0,-0.6673910144022546,3.044522437723423,11.11373885577368,0.2,4,0.5525344642335102,0.9458728444501089,0.0,0.0017784508081223715,1.0,2.0,2.0,0,1,0,0,1,0,0
1.0,-0.6290917754455079,3.7376696182833684,11.69208674880504,0.04878048780487805,4,-10.357900197425629,0.8724256718663822,0.0,0.0,2.0,2.0,1.0,0,1,0,0,0,0,0
1.0,4.0759435612487565,1.0986122886681098,14.395857673472905,1.0,4,0.45881323697942006,0.48464996788696213,0.0,0.017882139013685457,1.0,2.0,1.0,0,1,0,0,0,0,0
1.0,-0.3460543857853339,3.58351893845611,12.891496002585992,0.17142857142857143,4,0.4483668597037811,1.0830455229420033,0.0,0.02060741491538216,1.0,2.0,1.0,0,1,0,0,1,0,0
1.0,-0.4933692547459334,3.8501476017100584,9.940046909695353,0.15217391304347827,4,0.669490118461273,0.886712687235842,0.0,0.0,1.0,2.0,1.0,0,1,0,0,0,1,0
1.0,-0.5839679365881382,2.6390573296152584,10.163912067082093,0.0,4,0.2605575960059603,0.4911303997249001,0.0,0.03269762298360883,1.0,2.0,2.0,0,1,0,0,1,0,0
1.0,-0.41404854684992287,1.3862943611198906,12.37309301167616,0.0,4,0.7620122126223489,0.23919984655827964,0.0,0.0,1.0,2.0,2.0,0,1,0,0,1,0,0
1.0,-0.537179790773251,3.4657359027997265,11.919191757420831,0.06451612903225806,4,0.29467200478078026,0.9713640512831092,0.0,0.0,1.0,2.0,2.0,0,1,0,0,1,0,0
1.0,1.849738082018009,1.6094379124341003,13.195792726488351,0.25,4,0.1331968950191942,0.36301751409253286,0.0,0.014047272365362302,1.0,2.0,1.0,0,0,0,0,1,0,0
1.0,-0.6460390438099853,4.624972813284271,11.704629027899479,0.12871287128712872,4,0.6103548782792076,0.9778408689647596,0.0,0.0006013842061689152,1.0,2.0,1.0,0,1,0,0,0,0,0
1.0,-0.5206378183892024,2.3978952727983707,11.98095527251093,0.2,4,0.5863207868978775,0.8890091963164635,0.0,0.0,1.0,2.0,2.0,0,1,0,0,1,0,0
1.0,-0.6583758327088662,3.58351893845611,11.385479031577146,0.0,4,0.6795565873050958,0.8185847069785798,0.0,0.010175112958259415,2.0,2.0,1.0,0,1,0,0,0,0,0
1.0,-0.34106706798218844,3.58351893845611,10.890074839066257,0.05714285714285714,4,0.6864861056719028,0.9378548437182908,0.0,0.0,1.0,2.0,1.0,0,1,0,0,0,0,0
1.0,-0.3642252236277124,2.5649493574615367,12.092109025361353,1.0,4,0.6808365423021588,0.8744338624832768,0.0,0.0,1.0,2.0,1.0,0,1,0,0,1,0,0
1.0,-0.5820481489249547,2.833213344056216,11.990059859768753,0.125,3,0.6417708536737684,0.8544263981283821,0.0,0.0034128745084202046,2.0,2.0,2.0,0,1,0,0,1,0,0
1.0,-0.4999088031706376,4.007333185232471,10.980599365972225,0.037037037037037035,4,0.7252884455155707,0.952548195727064,0.0,0.0,1.0,2.0,2.0,0,1,0,0,1,0,0
1.0,-0.5943649199667831,4.663439094112067,10.938748847481024,0.02857142857142857,4,0.4756410185565208,0.8900990891000299,0.0,0.0,1.0,2.0,2.0,0,1,0,0,0,0,0
1.0,0.4628899848161759,1.791759469228055,13.532649379639457,1.0,4,0.16912590527090351,0.9995676885829182,0.0,0.0038909098899702213,1.0,2.0,1.0,0,0,0,1,1,0,0
1.0,-0.462857032085654,4.290459441148391,10.042081542589031,0.06944444444444445,4,0.7257333698369413,0.8048186360901938,0.0,0.0,1.0,2.0,2.0,0,1,0,0,1,0,0
1.0,-0.739362718052786,5.308267697401205,10.838544671160859,0.03482587064676617,4,0.538722784752222,0.8745899242806426,1.0,0.0,1.0,2.0,2.0,0,1,0,0,1,0,0
1.0,1.170224115804288,1.0986122886681098,13.745057513801028,0.5,4,0.6909525430652959,0.4679182441933516,0.0,0.0,2.0,2.0,2.0,1,0,0,0,1,0,0
1.0,-0.36151741705707746,4.465908118654584,9.431125796255838,0.23255813953488372,4,0.5346027858379533,13.459214160625598,0.0,0.0,1.0,2.0,1.0,0,1,0,0,0,0,0
1.0,-0.6287261150936243,4.465908118654584,10.917617820832998,0.12790697674418605,4,0.5437106009653773,0.920375681188926,0.0,0.0,1.0,2.0,1.0,0,1,0,0,0,0,0
1.0,1.775745135122538,2.1972245773362196,12.728988141380945,0.875,4,0.0988023289794008,0.3127467957766569,1.0,0.0,2.0,2.0,2.0,0,1,0,0,0,0,0
1.0,3.203101886788031,0.6931471805599453,13.770903283302061,0.0,4,0.6146985233821244,0.9705825766542726,0.0,0.0,2.0,2.0,2.0,0,1,0,0,1,0,0
1.0,-0.49850134525743295,5.153291594497779,12.086013973885308,0.23255813953488372,4,0.19377610651508864,0.792360822458271,0.0,0.0,1.0,1.0,1.0,0,0,0,0,1,0,0
1.0,-0.5781940310678071,5.393627546352362,10.066419136606319,0.2785388127853881,4,0.39277018727575197,0.46133145704170964,0.0,0.0,2.0,2.0,2.0,1,0,0,0,1,0,0
1.0,-0.4646150990359494,2.995732273553991,11.269908770715775,0.10526315789473684,4,-1.6192355816983346,1.388426196854917,0.0,0.0,1.0,2.0,2.0,0,1,0,0,0,0,0
1.0,0.17985672137270323,5.389071729816501,12.59893049581992,0.21559633027522937,4,0.5739966814874877,0.6833279387693268,0.0,0.048276473487286344,1.0,2.0,1.0,0,1,0,0,0,0,0
1.0,0.1975961462894007,1.791759469228055,13.163353677760362,0.0,4,0.08508712565510214,0.8970133609767335,0.0,0.0,1.0,2.0,2.0,0,1,0,0,1,0,0
1.0,-0.5962706183976103,4.394449154672439,10.611725603459446,0.0375,4,0.5746844971881504,0.9913700675711242,0.0,0.0,1.0,2.0,2.0,0,1,0,0,0,0,0
1.0,1.6214255066450523,3.258096538021482,11.476117486829542,0.16,4,0.1095161936568635,2.7951065475666783,0.0,0.0,1.0,2.0,2.0,0,0,0,0,0,0,0
1.0,-0.4918654849972852,3.2188758248682006,12.455630091406247,0.08333333333333333,3,0.35754296849011685,0.5613745868686523,0.0,0.0002107048357696275,1.0,2.0,1.0,0,1,0,0,1,0,0
1.0,3.585263998154059,0.6931471805599453,15.894083472496758,0.0,4,-0.4928122874075113,1.0397448884675229,1.0,0.009792460702846308,1.0,2.0,2.0,0,1,0,0,0,0,0
1.0,5.914200771865216,3.044522437723423,14.76078923014017,0.35,3,0.12784628005328907,0.9532417241232658,1.0,20.467871857768063,1.0,1.0,2.0,0,0,0,1,0,0,0
1.0,-0.6323927646631404,4.90527477843843,10.345364466953011,0.05970149253731343,3,0.3555504920038538,1.1351516536941413,0.0,0.0,1.0,2.0,1.0,0,1,0,0,1,0,0
1.0,-0.36019838501697654,3.2188758248682006,11.750266421147911,0.2916666666666667,3,0.47757910938355985,0.7133145922667795,0.0,0.0,2.0,2.0,2.0,0,1,0,0,1,0,0
1.0,-0.5129731151188898,5.288267030694535,11.101511274792637,0.41624365482233505,3,-0.7125640788326774,1.0092914437325036,0.0,0.06832580154240639,1.0,2.0,1.0,0,1,0,0,0,0,0
1.0,-0.331346299155006,3.9512437185814275,11.058341167981702,0.0784313725490196,3,0.7420516788752597,0.5632276267470379,0.0,0.0,2.0,2.0,1.0,0,1,0,0,0,0,0
1.0,1.1103964046108294,4.477336814478207,11.884990996066147,1.0,3,0.3414398743848272,0.6811345186414622,1.0,34.293915269561445,1.0,2.0,1.0,0,0,0,1,0,0,0
1.0,-0.14066750999952132,3.713572066704308,11.03550520035232,0.4,3,0.05309796390525948,0.8318403441162496,0.0,0.13704457461486777,1.0,2.0,1.0,0,1,0,0,0,0,0
1.0,1.0717283051113213,3.4657359027997265,13.151838618372077,0.22580645161290322,3,0.2474970098090173,0.9712608688434683,0.0,4.810254101530807,1.0,2.0,1.0,0,0,0,1,1,0,0
1.0,0.4332424342632146,3.6635616461296463,12.34399376419375,0.2894736842105263,3,0.1308267580575868,0.9742329337561417,0.0,1.0481894641126568,1.0,2.0,1.0,0,0,0,1,0,0,0
1.0,-0.30325516740748354,3.091042453358316,11.04869409650754,0.38095238095238093,3,0.2532523202943698,0.7851049597864367,0.6,0.0,1.0,2.0,2.0,0,1,0,0,1,0,0
1.0,-0.0856343859988675,4.174387269895637,11.440526128420808,0.15625,3,0.07566710726041992,0.9563228755596379,0.0,0.0,1.0,2.0,2.0,0,1,0,0,1,0,0
1.0,-0.6032675089353277,3.9889840465642745,10.717152809184242,0.0,3,0.7423957072965437,0.8668309443653907,0.0,0.0,1.0,2.0,1.0,0,1,0,0,1,0,0
1.0,0.03224612474408949,2.4849066497880004,12.907848176401227,0.5454545454545454,3,0.8734882880972992,0.5324220762043731,0.0,0.0018763020001261275,2.0,2.0,2.0,0,1,0,0,1,0,0
1.0,-0.26236108586056767,1.0986122886681098,12.426757175929124,0.5,3,0.9275023107427174,0.3312929807326022,0.0,0.0,2.0,2.0,2.0,0,1,0,0,1,0,0
1.0,-0.4701475488936805,3.9318256327243257,11.056298527516816,0.02,3,0.7967081924590551,0.8412349981828418,0.0,0.0,1.0,2.0,1.0,0,1,0,0,0,0,0
1.0,-0.1745049519575359,1.9459101490553132,13.205110425051943,0.0,3,0.4292505361495237,0.9677816493519844,0.0,0.007302536502715902,1.0,2.0,2.0,0,1,0,0,1,0,0
1.0,-0.40217420651338676,4.7535901911063645,7.569102146992285,0.20869565217391303,3,0.2220342250216237,0.6555553559720863,1.0,1.0,2.0,2.0,1.0,0,0,0,1,0,0,0
1.0,0.03777414095029196,3.9318256327243257,11.638233891487713,0.2,3,0.1965097755097131,0.7761684287791313,0.0,0.0,1.0,2.0,2.0,0,0,0,0,1,0,0
1.0,-0.516055682794662,3.295836866004329,10.590425108607272,0.07692307692307693,3,0.5178767858715237,0.9666842761161681,0.0,0.0,1.0,2.0,2.0,0,1,0,0,0,0,0
1.0,0.17391583979634018,3.7376696182833684,12.700388684223746,0.12195121951219512,3,0.2716364014568961,0.20160974829215864,0.51,0.0,1.0,2.0,1.0,0,0,0,0,0,0,0
1.0,2.7587388768136076,2.1972245773362196,13.454175127954613,1.0,3,0.5718470181421258,0.6619873432755276,1.0,0.055374243518726565,1.0,2.0,1.0,0,0,0,0,0,0,0
1.0,0.132220320582268,5.60947179518496,9.608967941619014,0.9632352941176471,3,0.9584082964286507,0.4087873273105185,1.0,1.5682707135581222,2.0,2.0,2.0,0,0,0,1,1,0,0
1.0,-0.5834055075155129,6.267200548541362,9.949788381517438,0.04182509505703422,3,0.7507595732244007,0.45277328185640764,0.0,0.0,1.0,1.0,1.0,0,1,0,0,1,0,0
1.0,-0.3410369206424231,3.58351893845611,11.359374272081428,0.2,2,0.7243051026919383,0.6877462718588137,0.0,0.0069709670121698795,1.0,2.0,2.0,0,1,0,0,0,0,0
1.0,-0.5333340998771038,4.653960350157523,10.825526921595305,0.21153846153846154,3,0.7027117580981546,0.9874656660054016,1.0,0.0,1.0,2.0,1.0,0,1,0,0,0,0,0
1.0,-0.703654839009161,5.075173815233827,11.42428593650288,0.10062893081761007,3,0.44825143534530265,0.6001755190146745,1.0,0.06911211701970477,1.0,2.0,2.0,0,1,0,0,0,0,0
1.0,0.5287779486060141,4.189654742026425,11.794290550281923,0.23076923076923078,3,0.072588658351985,0.849032753845291,0.0,0.0,1.0,2.0,1.0,0,1,0,0,1,0,0
1.0,-0.6134077357431014,4.983606621708336,9.80394685047144,0.2206896551724138,3,0.4603642812548069,0.9493407652083415,0.0,0.0,1.0,2.0,2.0,0,1,0,0,1,0,0
1.0,-0.6071627390712473,5.402677381872279,10.165388430854193,0.11764705882352941,3,0.5467840513602249,0.27421659701517487,0.0,0.0,1.0,2.0,2.0,0,1,0,0,1,0,0
1.0,0.18144501123969764,4.2626798770413155,11.33630113383605,0.4,3,0.5542778027608006,0.5506989407137909,0.0,3.1176782042885676,1.0,2.0,1.0,0,0,0,1,0,0,0
1.0,-0.41226555895372463,4.48863636973214,11.39974225998954,0.18181818181818182,3,0.12554231531349597,0.7669819467516599,0.0,0.0,1.0,1.0,2.0,0,1,0,0,0,0,0
1.0,-0.6029181346150356,3.258096538021482,7.406540709653325,0.2,3,0.3972341734537571,12.370634129742605,0.0,0.0,2.0,2.0,2.0,0,1,0,0,0,1,0
1.0,-0.4794589333853442,3.4965075614664802,12.1710804670096,0.1875,3,0.7387997582409873,0.9503722638473721,0.0,0.0,1.0,2.0,1.0,0,1,0,0,0,0,0
1.0,0.9166477967296955,2.3978952727983707,13.911075159945986,0.3,3,0.3164718654445125,0.9337466164260716,0.0,0.0,1.0,1.0,2.0,0,1,0,0,1,0,0
1.0,-0.16849944339942574,3.2188758248682006,9.884877963286957,0.16666666666666666,3,0.8968358431461353,0.6580362790421246,0.0,0.0,1.0,2.0,2.0,0,1,0,0,1,0,0
1.0,-0.6464351476571744,4.189654742026425,11.050643576966285,0.046153846153846156,3,0.675029762492025,0.863917667295403,0.0,0.0,1.0,2.0,2.0,0,1,0,0,0,0,0
1.0,-0.539991355194311,3.713572066704308,9.935189687266641,0.125,3,0.6239849328233541,0.9322125445667339,0.0,0.0,2.0,2.0,2.0,0,1,0,0,0,0,0
1.0,0.3555845597812214,5.030437921392435,12.986019220634988,0.11842105263157894,3,0.11069198475786164,0.8820821454451915,1.0,0.021833118998594556,1.0,2.0,2.0,0,0,0,0,1,0,0
1.0,-0.4916075214701202,6.366470447731438,11.35708245033743,0.18244406196213425,3,0.6455770856766371,0.8488148054160968,0.0,0.0007616873017909694,1.0,2.0,1.0,0,1,0,0,0,0,0
1.0,-0.36321545722142634,3.1780538303479458,12.13914216448679,0.08695652173913043,3,0.8682924055574429,0.9145466919748015,0.0,0.0,1.0,2.0,2.0,0,1,0,0,1,0,0
1.0,-0.022184075484738764,3.4011973816621555,12.702853655535261,0.2413793103448276,3,0.2700985209131124,0.7349023093381307,0.0,0.09030858964721188,2.0,2.0,2.0,1,0,0,0,0,1,0
1.0,-0.5276928034593211,3.4657359027997265,11.996518993096224,0.8387096774193549,3,0.5623810446919498,0.9874120769675218,0.0,0.0,1.0,2.0,2.0,0,0,0,0,1,0,0
1.0,-0.2923396399703399,3.1354942159291497,12.522820294017865,0.45454545454545453,3,0.3686592320079339,0.9117629868544034,0.0,0.0,1.0,2.0,2.0,0,1,0,0,0,0,0
1.0,1.323037381302157,1.3862943611198906,14.558793821934684,0.3333333333333333,3,0.37422286763012486,0.5594937102142797,0.0,0.0,1.0,2.0,2.0,0,1,0,0,1,0,0
1.0,-0.30943795859433015,3.6635616461296463,10.105682683541875,0.15789473684210525,3,0.10552756611789535,0.5194589086155817,0.0,0.0,1.0,2.0,2.0,0,0,0,0,1,0,0
1.0,0.021396773358779715,1.0986122886681098,13.071418443384891,0.5,3,0.38708583673524743,0.8312068767763585,0.0,0.0,1.0,2.0,2.0,0,1,0,0,1,0,0
1.0,-0.46881065884218975,4.276666119016055,10.981563169915788,0.2676056338028169,2,0.8261606641180165,0.8939536365999854,0.0,0.0,1.0,2.0,2.0,0,1,0,0,0,0,0
1.0,0.12393896866076909,2.302585092994046,13.416916456996,0.2222222222222222,2,0.22333820993501644,0.906566552327051,1.0,0.0,1.0,2.0,2.0,0,1,0,0,1,0,0
1.0,-0.5212193239670904,3.7612001156935624,11.201113320085387,0.19047619047619047,2,0.6601544974563497,0.9062516057652094,0.0,0.0,1.0,2.0,1.0,0,1,0,0,0,0,0
1.0,0.11963322060056467,2.1972245773362196,14.069327629796513,0.875,2,0.879613245385949,0.9689492681942844,0.0,0.0,2.0,2.0,2.0,0,1,0,0,1,0,0
1.0,-0.6511378204577568,4.219507705176107,10.144330848532862,0.19402985074626866,2,0.8291458105069514,0.7430204757737365,0.0,0.0,1.0,2.0,2.0,0,1,0,0,0,0,0
1.0,0.5535106428923895,3.8066624897703196,11.997815887406672,0.0,2,0.7186756156614652,0.6430819883107554,0.7,1.990932719493774,2.0,2.0,1.0,0,0,0,1,1,0,0
1.0,1.4815722778445406,5.579729825986222,13.520187814229871,0.2537878787878788,2,0.19817844547502347,0.5287029110626063,1.0,0.0004756489531235777,1.0,2.0,2.0,0,1,0,0,1,0,0
1.0,-0.4290688016576839,2.995732273553991,12.019886050140883,0.10526315789473684,2,0.5392066304962101,0.6158788650381432,0.0,0.0,1.0,2.0,1.0,0,1,0,0,0,0,0
1.0,1.302925353044694,3.332204510175204,13.038367006268794,0.2222222222222222,2,0.733651548038072,0.3607441465509324,1.0,0.0,1.0,2.0,2.0,0,1,0,0,0,0,0
1.0,-0.4826054499171395,3.091042453358316,11.614022332757067,0.14285714285714285,2,0.6355956230962485,0.940096454096071,0.0,0.0,1.0,2.0,1.0,0,1,0,0,0,0,0
1.0,0.34810781779391636,3.4339872044851463,11.86614454428176,0.3333333333333333,2,0.08266943081133192,0.8092062116196145,0.0,0.0,1.0,2.0,2.0,0,0,1,0,1,0,0
1.0,-0.5410005280754627,3.713572066704308,10.585317812634548,0.15,2,0.5465002984912886,0.922244311627069,0.0,0.0,1.0,2.0,2.0,0,1,0,0,1,0,0
1.0,-0.5725313254194193,3.9889840465642745,11.491736133247512,0.22641509433962265,2,0.3395102047131662,0.9810600665854022,0.0,0.32031931067871955,2.0,2.0,2.0,0,0,0,1,0,0,0
1.0,-0.4251924089844778,3.784189633918261,11.021955286682957,0.06976744186046512,2,0.5125742983740085,0.6659963764811742,0.0,0.0,1.0,2.0,2.0,0,1,0,0,0,0,0
1.0,-0.2435510292801092,4.248495242049359,11.747585289300735,0.15942028985507245,3,0.15718179520767536,0.7994509465109533,0.0,0.0,1.0,2.0,2.0,0,0,0,0,0,0,0
1.0,0.367902683390956,2.70805020110221,12.542451000193592,0.9285714285714286,2,-1.260079122690147,2.8067342276721865,0.0,0.0,1.0,2.0,1.0,0,0,0,1,1,0,0
1.0,1.4521954009365852,3.367295829986474,13.171824880800996,0.21428571428571427,2,0.584961558151281,0.2450741829756998,0.0,0.0,1.0,2.0,1.0,0,1,0,0,0,0,0
1.0,-0.40609121243004076,4.762173934797756,9.690648485811376,0.28448275862068967,2,0.1813805961102118,1.9888534420417383,0.0,0.0,2.0,2.0,1.0,0,0,0,0,0,0,0
1.0,1.220574960903952,3.9318256327243257,12.031551387152952,0.12,2,0.2591826762584899,0.9943443741412198,0.0,20.746114912287737,1.0,2.0,2.0,0,0,0,1,0,0,0
1.0,0.0016663135286079656,2.9444389791664403,13.492917689088436,0.2777777777777778,2,-0.5028500166495818,1.24588638117062,1.0,0.0,2.0,2.0,2.0,0,1,0,0,0,0,0
1.0,-0.6195690221574099,5.262690188904886,8.66903316790935,0.13541666666666666,2,0.8878799753390556,0.9325112354471757,0.0,0.0004566925437964978,1.0,2.0,1.0,0,1,0,0,0,0,0
1.0,-0.367808981363269,3.295836866004329,12.268693102396451,0.23076923076923078,2,0.6385227959573387,0.39012704452230235,0.0,0.0,1.0,2.0,2.0,0,1,0,0,0,0,0
1.0,0.21838469391964566,2.8903717578961645,12.986912159901507,0.17647058823529413,2,0.6221431508852642,0.7113455377438733,0.0,0.0,1.0,2.0,2.0,0,1,0,0,1,0,0
1.0,-0.5219520322184434,2.9444389791664403,10.676283773549248,0.2222222222222222,2,0.48210445368403215,0.9048141853977619,0.0,0.0,1.0,2.0,2.0,0,1,0,0,1,0,0
1.0,-0.24765251688648682,3.1780538303479458,11.14661919519144,0.17391304347826086,2,0.4376064764716937,0.8814708898149629,0.0,0.0,1.0,2.0,1.0,0,1,0,0,1,0,0
1.0,2.945328622871576,0.6931471805599453,15.400085328268668,1.0,2,0.6489562037217113,0.8294094417799006,0.0,0.0,2.0,2.0,2.0,0,1,0,0,0,1,0
1.0,-0.5948877721260539,3.9889840465642745,11.708524056598192,0.33962264150943394,2,0.21053937636057787,0.9581494167838643,0.0,0.0,2.0,2.0,2.0,0,1,0,0,0,0,0
1.0,-0.36209728945183883,3.332204510175204,11.210640998319592,0.2222222222222222,3,0.5730268613740933,0.784873157087178,0.0,0.0,1.0,2.0,1.0,0,1,0,0,1,0,0
1.0,-0.6041932649164585,3.367295829986474,9.93738505658457,0.25,2,0.4076941491445876,0.7771682088109377,0.0,0.0,1.0,2.0,2.0,0,1,0,0,0,0,0
1.0,0.22899014013690855,2.995732273553991,11.948501428667555,0.2631578947368421,2,0.33081668045366935,0.3085575509464772,0.0,0.00741653401996064,1.0,2.0,2.0,0,1,0,0,1,0,0
1.0,-0.6366598510127208,1.3862943611198906,12.023080864185914,0.0,2,-3.13455525606469,0.8524482550203938,0.0,0.0,1.0,2.0,2.0,0,1,0,0,1,0,0
1.0,-0.39757988039943903,2.302585092994046,12.140735583421389,0.1111111111111111,2,0.6365449728600263,0.7839134735823274,0.0,0.0,1.0,2.0,2.0,0,1,0,0,1,0,0
1.0,0.070599268490882,2.833213344056216,12.66997586914405,0.1875,2,0.035910268681954634,1.0007995920488835,0.0,0.0,1.0,2.0,2.0,0,0,1,0,1,0,0
1.0,-0.3990944720337224,1.0986122886681098,12.754103009432999,0.0,2,0.27155560074139534,0.9047367165991025,0.0,0.0,1.0,2.0,2.0,0,1,0,0,1,0,0
1.0,0.11827826732104747,3.091042453358316,12.538094688590014,0.14285714285714285,2,0.20681673035900758,0.9003713782506274,0.0,0.027005284487074573,1.0,2.0,1.0,0,0,0,0,0,0,0
1.0,2.6827148440587862,4.02535169073515,13.82127126048216,0.2545454545454545,2,0.0621197094223082,1.1964431889410871,1.0,0.818181797066956,2.0,2.0,2.0,0,1,0,0,0,0,0
1.0,-0.5554489408311791,5.1647859739235145,11.070563078717857,0.21264367816091953,1,0.6477710448477096,0.9022088619718719,0.0,0.0,1.0,2.0,2.0,0,1,0,0,1,0,0
1.0,-0.33824441871842337,1.9459101490553132,12.055494880788764,0.0,1,0.8830974159289146,0.8088093256749596,0.0,0.0,1.0,2.0,2.0,0,1,0,0,1,0,0
1.0,-0.4377660145528144,4.394449154672439,12.7917467680852,0.3,1,0.21036259480618227,0.9051973122510995,0.0,0.04500796284521312,1.0,2.0,2.0,0,1,0,0,0,0,0
1.0,-0.329856072227723,2.1972245773362196,10.765783977148383,0.25,1,0.31114099525966893,0.7153419690896569,0.0,0.0,2.0,2.0,2.0,0,0,0,0,1,0,0
1.0,-0.6332382960321117,5.831882477283517,9.917463984413729,0.21764705882352942,1,0.5623545171035281,0.9320421958686173,0.0,0.010424331515233708,1.0,2.0,1.0,0,1,0,0,1,0,0
1.0,-0.5123848742530921,5.017279836814924,11.171249847546353,0.21333333333333335,1,0.07303745235003062,0.9742098582074639,0.0,0.0,1.0,2.0,2.0,1,0,0,0,1,0,0
1.0,0.6204736569946161,1.0986122886681098,13.310431723063148,0.0,1,0.4364137691709981,0.9644191715399771,0.0,0.0,1.0,2.0,2.0,0,0,0,0,0,0,0
1.0,0.8630646817660994,3.7612001156935624,13.679954068595752,0.2857142857142857,1,0.38344717680598256,1.0597366735076343,1.0,0.008013573123305391,1.0,1.0,1.0,0,1,0,0,1,0,0
1.0,-0.5463688423176198,4.61512051684126,9.486345786829878,0.19,1,0.21431473678600085,0.9506926553114957,0.0,0.0,1.0,2.0,2.0,0,1,0,0,1,0,0
